codigo_inep,nome_escola,codigo_ibge,latitude,longitude,tem_rampa,tem_banheiro_pcd,acesso_total
25033158,EMEIF MAE IAIA,2500106,-7.513369182,-37.63800206,True,True,True
25033204,ECI JOSE NOMINANDO,2500106,-7.516552932,-37.63704113,True,True,False
25033301,EMEF GUALTERINA ALENCAR VIDAL,2500106,-7.4751027,-37.6990299,False,False,False
25033352,EMEF JOSE BATISTA DIAS,2500106,-7.53291931,-37.68181085,False,False,False
25033395,EMEF MANOEL VICENTE LEITE,2500106,-7.3998051,-37.6680765,False,False,False
25033425,EMEF SEVERINO FIRMINO DE SANTANA,2500106,-7.492402,-37.5949749,True,False,True
25033433,EMEF INOCENCIO SALES,2500106,-7.491909012,-37.64558201,False,False,False
25033476,EMEF ANDRE ALVES DO NASCIMENTO,2500106,-7.5091818,-37.6803082,True,False,True
25033514,EMEF JOSE GOMES DE SALES,2500106,-7.4354702,-37.6551403,True,False,True
25033522,EMEF ANISIO BARBOSA DE SOUZA,2500106,-7.3852309,-37.6812613,False,False,False
25033549,EMEF AUGUSTO DOS ANJOS,2500106,-7.588269,-37.737226,True,False,True
25033557,EMEIF DELFINO JOSE DOS SANTOS,2500106,-7.4318906,-37.6283386,True,True,True
25033565,EMEF FRANCISCO ALVES DA SILVA,2500106,-7.559866874,-37.74248876,False,False,False
25033573,EMEF FRANCISCO LOPES DA SILVA,2500106,-7.4616479,-37.5769661,True,False,True
25033654,EMEF MANOEL GONCALVES DE MOURA,2500106,-7.523557859,-37.6690176,True,False,True
25033670,EMEF ANTONIO VIRGOLINO BATISTA,2500106,-7.51393225,-37.63787107,True,True,True
25104969,EMEIF MARIA DE LOURDES GUILHERME,2500106,-7.43182476,-37.69901654,True,False,True
25105515,EMEF JOAQUIM MINERVINO DE SOUSA,2500106,-7.482851,-37.6656537,False,False,True
25126989,CRECHE MARIA JOSE BARBOSA DE OLIVEIRA - DONA ZEZE,2500106,-7.5162411,-37.6345669,True,True,True
25178806,EMEF TIAGO DE OLIVEIRA LIMA,2500106,-7.499322065,-37.68701859,True,False,True
25023489,ECI EEM AGENOR MENDES PEDROSA,2500205,-7.097710907,-38.17083777,True,False,False
25023535,ESCOLA MUNICIPAL DE ENSINO FUNDAMENTAL LIDIA CABRAL DE SOUSA,2500205,-7.09063148,-38.17081923,False,True,True
25023578,EMEF JOANA LACERDA LEITE,2500205,-7.093339,-38.17155,True,True,False
25023705,EMEF AMELIA ARANTES LEITE,2500205,-7.094628233,-38.16604878,True,True,False
25023772,EMEF DOZINHA BENTO,2500205,-7.09344103,-38.17127735,False,False,False
25128930,EMEIEF ADVOGADO HORACIO RAMALHO,2500205,-7.10338839,-38.2691514,True,True,False
25160800,CRECHE MUNICIPAL FRANCISCO CIRINO LOPES,2500205,-7.09458895,-38.16576672,True,True,True
25062573,CRECHE MARIA JUREMA DE PAIVA,2500304,-7.101393915,-35.63459901,True,False,False
25062581,CRECHE LIDIA MESQUITA RAMALHO,2500304,-7.05545177,-35.65097984,True,True,True
25062603,CRECHE MUNICIPAL MARIA DE LOURDES MESQUITA DE PAIVA,2500304,-7.042016667,-35.63532667,False,False,False
25062638,EEEFM PADRE HILDON BANDEIRA,2500304,-7.0418267,-35.6266626,True,True,True
25062670,EEEF DEMONSTRACAO ALAGOA GRANDE,2500304,-7.044546667,-35.62541833,False,False,False
25062727,EMEIF NOSSA SENHORA DE FATIMA,2500304,-6.999721,-35.62278,False,False,False
25062816,ECIT OSWALDO TRIGUEIRO DE ALBUQUERQUE MELO,2500304,-7.04448337,-35.62422582,False,False,False
25062832,SISTEMA DINAMICO DE ENSINO - CANTINHO DO SABER,2500304,-7.04339419,-35.62879647,True,True,True
25062956,EMEIF JOSE ROCHA DE OLIVEIRA,2500304,-7.072093333,-35.62367167,False,False,True
25062980,EMEIF MANOEL CARLOS DA SILVA,2500304,-7.068601667,-35.67756667,False,False,False
25062999,EMEIF NEMESIO REGIS,2500304,-7.13658833,-35.66948585,True,True,False
25063014,EMEIF SANTA VITORIA,2500304,-7.04268194,-35.67869316,True,False,True
25063049,EMEIF SAO JOAO,2500304,-7.10368898,-35.69957338,False,False,False
25063057,EMEIF SAO JOAO,2500304,-7.136835703,-35.6532977,False,False,False
25063065,EMEIF SEVERINO RAMALHO,2500304,-7.053434039,-35.6469154,True,True,False
25063073,EMEIF ALAYDE NOBREGA DE ALBUQUERQUE,2500304,-7.012421667,-35.58511,False,False,False
25063081,EMEIF ANNA ELISA SOBREIRA,2500304,-7.04275663,-35.63083547,True,True,False
25063111,EMEIF CANDIDO REGIS DE BRITO,2500304,-7.100904831,-35.63305884,True,False,True
25063120,EMEIF ENEAS CAVALCANTE,2500304,-7.04699,-35.63812667,True,True,False
25063154,EMEIF PROFESSOR JOSUE GOMES DA SILVEIRA,2500304,-7.03829032,-35.62933706,True,False,False
25063170,EMEIF NOSSA SENHORA DE FATIMA,2500304,-7.08625,-35.66254,False,False,False
25063189,EMEIF PROFESSOR GERALDO COSTA,2500304,-7.040797,-35.62274,True,True,True
25063197,EMEIF SEVERINO JULIAO,2500304,-7.08664332,-35.69551546,True,False,False
25063235,EMEIF INSTITUTO DESEMBARGADOR SEVERINO MONTENEGRO,2500304,-7.050501182,-35.62871454,True,True,True
25112236,EMEIF MARIA MENINA,2500304,-7.042493333,-35.51922667,True,True,True
25117130,EMEIF FIRMO SANTINO DA SILVA,2500304,-7.103644138,-35.69956199,True,False,False
25121251,EXTERNATO DOM PEDRO II,2500304,-7.03710171,-35.63213219,True,True,True
25123319,EMEF MANOEL BARBOSA DE LUCENA,2500304,-7.03779916,-35.63666361,True,True,True
25153609,EMEF ARACY NOBREGA MONTENEGRO,2500304,-6.992252148,-35.56443552,True,False,False
25063251,COLEGIO 7 DE SETEMBRO LTDA,2500403,-7.058605905,-35.76124836,True,False,False
25063278,EMEIEF PROFESSORA MARIA MADALENA DA SILVA OLIVEIRA,2500403,-7.060592051,-35.76133041,True,True,False
25063286,EMEIEF GONCALO TAVARES ROMERO,2500403,-7.066775205,-35.73142081,True,True,False
25063308,EMEIEF JULIETA BARACUY DA CUNHA,2500403,-7.060433484,-35.71898988,False,False,False
25063316,EMEIEF MANOEL MARTINS DE OLIVEIRA FILHO,2500403,-7.04483241,-35.82426503,True,True,True
25063340,ECIT MONSENHOR JOSE BORGES DE CARVALHO,2500403,-7.059106459,-35.76463133,True,True,True
25063421,EEEFM PROFESSOR CARDOSO,2500403,-7.0605813,-35.7573757,True,True,False
25063510,EMEIEF SANTA LUZIA,2500403,-7.065621365,-35.76495961,True,True,False
25063537,EMEIEF JOAO XXIII,2500403,-7.084310347,-35.81450756,True,True,False
25063545,EMEIEF PAULO ANTONIO GAIAO,2500403,-7.062020672,-35.76466142,True,True,False
25063553,EMEI E CRECHE PROFESSOR CLODOMIRO LEAL,2500403,-7.064700362,-35.76415931,False,True,True
25063561,EMEIEF FREI MARTINHO,2500403,-7.091581966,-35.75106761,True,True,False
25063570,EMEIEF DR JOAO TAVARES DE MELO CAVALCANTE FILHO,2500403,-7.094390454,-35.79438396,True,True,True
25063596,EMEIEF PADRE ABDIAS LEAL,2500403,-7.061142008,-35.75019994,True,True,True
25063618,EMEIEF SAO GERALDO,2500403,-7.0963715,-35.8113734,True,False,True
25063626,EMEIEF DR FERNANDO CUNHA LIMA,2500403,-7.060095788,-35.76322665,True,True,False
25063634,EMEIEF NOSSA SENHORA APARECIDA,2500403,-7.085164366,-35.73228623,True,True,False
25063650,EMEIEF SANTA ANA,2500403,-7.043929872,-35.79270863,True,False,False
25063669,EMEIEF SANTA ISABEL,2500403,-7.036566345,-35.8247555,False,False,False
25063693,EMEIEF SAO SEVERINO,2500403,-7.02572471,-35.71596579,True,False,False
25063731,EMEIEF DOM MOISES COELHO,2500403,-7.047288441,-35.71845191,True,False,False
25063766,EMEIEF JOAO XXIII,2500403,-7.079013809,-35.81745314,False,False,False
25063774,EMEIEF MAXIMO GONCALVES DE ARAUJO,2500403,-7.104207583,-35.73634312,True,False,False
25063790,EMEIEF PEDRO FELICIANO PESSOA,2500403,-7.053464158,-35.68943442,True,False,False
25063847,EMEIEF FRANCISCA MARIA DO CARMO,2500403,-7.069763436,-35.82589258,True,True,False
25063855,EMEIEF JOSE LUIZ CORREIA,2500403,-7.033250795,-35.78170436,False,False,False
25063871,EMEIEF FREI DAMIAO,2500403,-7.094062732,-35.76435277,True,True,False
25063880,EMEIEF JOAO MATIAS DE OLIVEIRA,2500403,-7.082735526,-35.76125905,True,True,False
25063928,EMEIEF BOM JESUS,2500403,-7.037725892,-35.76084108,False,False,False
25063944,EMEIEF JESUS DE NAZARE,2500403,-7.03873769,-35.70332378,True,True,False
25063952,EMEIEF DR AMELIO TAVARES,2500403,-7.081082519,-35.79570804,False,True,False
25063960,EMEIEF ESPIRITO SANTO,2500403,-7.036359074,-35.80374165,False,False,False
25063987,EMEIEF JOAO PAULO II,2500403,-7.079621488,-35.74442407,True,True,False
25063995,EMEIEF FRANCISCO JOSE RODRIGUES,2500403,-7.054655905,-35.80729161,False,False,False
25064002,EMEIEF SAO JOSE,2500403,-7.074139729,-35.81641699,False,False,False
25064010,EMEIEF MARIANA LIDIA DE ATAIDE,2500403,-7.07155881,-35.80033692,False,False,False
25114387,EMEIEF PROFESSORA MARIA LUIZA DE AQUINO,2500403,-7.065390336,-35.76674269,True,True,True
25122150,COLEGIO MUNICIPAL PROFESSORA VIOLETA COSTA DE SOUZA,2500403,-7.058023771,-35.76097362,True,True,True
25132245,CENTRAL DE MULTIPLAS APRENDIZAGENS,2500403,-7.05880731,-35.76321341,False,True,True
25066366,EDUCANDARIO ROSALINDA MONDINI,2500502,-6.95205316,-35.54705499,True,False,True
25066374,ECIT AGENOR CLEMENTE DOS SANTOS,2500502,-6.9448468,-35.5420333,False,False,False
25066420,ESC MUN ENS FUND CARLOS MARTINS BELTRAO,2500502,-6.9505881,-35.5464967,True,True,False
25066471,ESC MUL LIA BELTRAO,2500502,-6.9506726,-35.5467589,False,False,False
25066498,ESC MUL PROFESSOR NEU,2500502,-6.9511478,-35.5469452,True,True,False
25066501,ESCOLA MUNICIPAL SEVERINO FLAVIANO CAVALCANTE,2500502,-6.9507408,-35.5468517,True,True,True
25066536,ESC MUL JOAO EVARISTO GONDIM,2500502,-6.9507178,-35.5468555,False,False,False
25066587,GR MUL ANTONIO JACO,2500502,-6.950833333,-35.54683833,True,False,False
25066609,GR MUL JOSE BARBOSA DE LUCENA,2500502,-6.950575,-35.54667833,True,True,True
25107186,ESC MUL JASSON MARTINS,2500502,-6.950361667,-35.54609333,False,False,False
25109391,CRECHE MARIA JOSE BARBOSA DE LUCENA,2500502,-6.9506949,-35.5468137,True,True,False
25125192,ESCOLA MUNICIPAL PREFEITO RICARDO BELTRAO,2500502,-6.9508376,-35.5469423,True,True,False
25127888,CENTRO EDUCACIONAL EVANGELICO MISSIONARIO GUNNAR VINGREN,2500502,-6.9480226,-35.5478568,True,True,True
25253948,ESCOLA MUNICIPAL DE ENSINO FUNDAMENTAL PROFESSORA LIA BELTRAO,2500502,-6.9479515,-35.5443032,True,True,False
25051598,ECIT PROFESSORA MARIA CECILIA DE CASTRO,2500536,-7.74361457,-36.05895468,True,True,True
25052225,ESCOLA MUNICIPAL JOAO XXIII,2500536,-7.628765,-35.99936,False,False,False
25052292,ESCOLA MUN ENS FUND JOSE EUZEBIO DA COSTA,2500536,-7.742308,-36.06354,False,True,True
25052349,ESCOLA MUL CICERO FRANCISCO DO CARMO,2500536,-7.738872,-36.07575,True,True,False
25052365,ESCOLA MUN ENS FUND JOSE CLEMENTE,2500536,-7.690002,-35.99727,True,True,False
25052390,ESCOLA MUN DE ENS FUND MANOEL HERCULANO,2500536,-7.703558,-36.06451,True,True,False
25052446,CRECHE E PRE ESCOLA MANOEL JULIAO DE OLIVEIRA,2500536,-7.739549,-36.06265,True,True,False
25106627,ESCOLA MUNICIPAL TOMAZ FRANCISCO DE OLIVEIRA,2500536,-7.651357,-35.98822,False,False,False
25057782,CRECHE COMUNIT JOSE RENATO A DE FARIAS,2500577,-6.904283823,-36.00798313,True,True,True
25057898,EMEF MANOEL ANTONIO COELHO DE ANDRADE,2500577,-6.905352473,-36.00482399,True,True,False
25058258,EMEF MANOEL ANTONIO DOS SANTOS,2500577,-6.932250755,-36.0108266,False,False,False
25111930,EMEF HILDA LINS DOS SANTOS,2500577,-6.904361355,-36.00571523,True,False,True
25113917,EMEF JOSE SALVADOR DE BARROS,2500577,-6.868527588,-35.82302839,True,True,True
25129813,ESCOLA MUNICIPAL DO ENSINO FUNDAMENTAL PROFESSORA TEREZINHA ALVES DO NASCIMENTO,2500577,-6.904824874,-36.00424262,True,True,False
25100009,CRECHE ALAIDE PESSOA DA SILVEIRA,2500601,-7.43632509,-34.912106,True,True,False
25100033,ECIT RENATO RIBEIRO COUTINHO,2500601,-7.4370507,-34.910266,True,True,True
25100041,EEEFM BARAO DO ABIAI,2500601,-7.43371914,-34.91269063,True,True,True
25100076,EMEIEF ADAUTO FERREIRA DE PAULA,2500601,-7.42256596,-34.9090348,True,True,False
25100084,EMEIEF ALFREDO CIPRIANO FERREIRA DA SILVA,2500601,-7.365264658,-34.95007496,True,True,False
25100092,EMEIEF ALFREDO JOSE DE CARVALHO,2500601,-7.34960625,-34.94522813,True,True,False
25100106,EMEIEF ANIBAL EDMUNDO LUNDGREN,2500601,-7.43649,-34.912495,True,False,False
25100114,EMEIEF ANTENOR FERREIRA DA SILVA,2500601,-7.43649448,-34.91245281,True,False,False
25100122,EMEIEF CREUZA RAQUEL PEREIRA GENUARIO NUNES,2500601,-7.436343333,-34.90784667,True,True,False
25100130,EMEIEF BERNARDINA MARIA DA CONCEICAO,2500601,-7.45208744,-34.89472353,True,False,False
25100165,EMEIEF HERCULANO BANDEIRA LUNDGREN,2500601,-7.436393333,-34.912515,True,True,False
25100211,EMEIEF JOSE ALBINO PIMENTEL,2500601,-7.438178742,-34.89523787,True,False,False
25100238,EMEIEF JOSE FERNANDES BARBOSA,2500601,-7.441705,-34.91308667,True,True,False
25100254,EMEIEF MARIA CANDIDA ANDRADE TORRES,2500601,-7.43649,-34.91249333,True,False,False
25100262,EMEIEF OLIVIA CORREIA DA SILVA,2500601,-7.3990525,-34.91226265,True,False,False
25100270,EMEIEF SEVERINO VALENCO DA SILVA,2500601,-7.332100435,-34.89278499,True,True,False
25100360,EMEIEF PROF ZELIA CORREIA DO O,2500601,-7.4353,-34.91111667,True,True,False
25102519,EEEFM ANTONIO CAMELO,2500601,-7.349686667,-34.94822833,True,True,False
25124285,CRECHE MUNICIPAL JULIETA FRANCISCA DA SILVA,2500601,-7.436511667,-34.91249667,True,False,False
25127934,CENTRO MUNICIPAL DE EDUCACAO INFANTIL JOANA LOPES DA COSTA,2500601,-7.440324493,-34.9127305,True,False,False
25127942,CENTRO MUNICIPAL DE EDUCACAO INFANTIL JOSEFA AMBROZIO DOS SANTOS,2500601,-7.434894964,-34.91088353,True,True,False
25132261,ESCOLA MUNICIPAL DE ENSINO FUNDAMENTAL JOAO FRANCISCO DE LIMA,2500601,-7.3532243,-34.9468791,True,True,True
25165801,INSTITUTO EDUCACIONAL FONTE DO JARDIM,2500601,-7.434525,-34.91139,True,True,True
25004832,EDUC NOSSA SENHORA DE FATIMA,2500700,-6.729815,-38.44893,False,True,True
25004875,EEEFM MINISTRO JOSE AMERICO DE ALMEIDA,2500700,-6.7249019,-38.4507369,True,True,False
25004883,ECIT CORONEL JACOB GUILHERME FRANTZ,2500700,-6.72840682,-38.44756861,True,False,False
25004948,EEEIEF DISTRITO DE UMARI,2500700,-6.841159,-38.38241,False,False,False
25004972,EMEF CONEGO MANOEL JACOME,2500700,-6.727146548,-38.44842763,False,False,False
25004999,EEEM DE BANDARRA,2500700,-6.58707195,-38.36727616,False,True,False
25005030,EMEF DE GRAVATA,2500700,-6.922843333,-38.41019667,False,False,False
25005227,EMEIEF JOSE GONCALVES DA SILVA,2500700,-6.72418573,-38.45545326,True,True,False
25005502,EMEIEF JACOB GUILHERME FRANTZ,2500700,-6.92500978,-38.39622387,True,False,False
25005634,EMEIEF AUREA ALMEIDA BRAGA,2500700,-6.881775,-38.37042,False,False,False
25005642,EMEIEF FRANCISCA HERMINA DE JESUS,2500700,-6.75307705,-38.39446011,False,False,True
25005758,EMEIEF JOSE LUIZ DE SOUZA,2500700,-6.80099774,-38.45601554,False,True,True
25005804,EMEIEF AMELIA SOARES DE MORAIS,2500700,-6.841009757,-38.38222107,True,True,False
25005855,EMEIEF JOSE RODRIGUES DA SILVA,2500700,-6.7581659,-38.43512746,True,False,False
25102621,EMEF PROF FRASSINETE BERNARDO,2500700,-6.729541667,-38.44918333,True,True,True
25114565,EMEIEF MARIA VIEIRA DE SOUSA,2500700,-6.599616813,-38.38012962,True,True,False
25114654,EMEIEF FREI ANTONIO JOSE,2500700,-6.881745597,-38.40304306,True,True,False
25117246,EPEIEF PROFESSOR LIRA,2500700,-6.7277188,-38.450495,True,False,False
25118439,EMEI PROFESSORA AURILIA BRECKENFELD DANTAS,2500700,-6.724482402,-38.45128485,True,True,False
25118447,EMEIEF DR JOSE DANTAS PINHEIRO,2500700,-6.72726,-38.446965,True,True,False
25122479,EEIF NOSSA SENHORA DA CONCEICAO,2500700,-6.7242757,-38.44652158,True,True,False
25122487,EMEIEF RAIMUNDO RODRIGUES DOS SANTOS,2500700,-6.670083,-38.49472,True,True,False
25122509,ESCOLA DE EDUC ESPECIAL DIOGO DOULAVINCE AMADOR,2500700,-6.726707515,-38.44781565,True,True,True
25128329,CRECHE MUNICIPAL ANTONIA CAVALCANTE ALEXANDRE BRECKENFELD,2500700,-6.7236378,-38.45792013,True,True,True
25049640,ECI DE AMPARO,2500734,-7.56722544,-37.06115964,True,False,False
25049852,ESCOLA M DE EDUCACAO BASICA ILDEFONSO ANSELMO DA SILVA,2500734,-7.56726,-37.0612517,True,True,True
25049941,EMEIEF MESSIAS DAS NEVES FEITOSA,2500734,-7.53647268,-37.04110374,False,False,False
25050168,ESCOLA INTEGRADA DE EDUCACAO DO CAMPO JUVENAL FERREIRA DE BRITO,2500734,-7.564062775,-37.03176117,True,True,True
25133926,ESCOLA MUNICIPAL DE EDUCACAO INFANTIL TERTULINA MARIA DA NOBREGA,2500734,-7.56187147,-37.07036713,True,True,True
25018094,ECIT DOUTOR JOSE GADELHA,2500775,-6.7865188,-38.0856147,True,True,False
25018728,EMEF JOAQUIM HONORIO DE QUEIROGA,2500775,-6.746943213,-38.03226873,True,False,False
25018914,EMEF JORGE DELFINO DE LIMA,2500775,-6.862682828,-38.12452995,True,True,False
25019023,EMEF JOAO BATISTA DA SILVA,2500775,-6.685942719,-38.05441208,True,True,False
25019210,CRECHE ALEXANDRINA FERREIRA DE ARAUJO,2500775,-6.787106171,-38.07930152,True,True,True
25019392,EMEF DJALMA GOMES DE SA,2500775,-6.820671254,-38.01225839,True,False,False
25019406,EMEF JOAQUINA AMELIA DE SA,2500775,-6.787016557,-38.07964402,True,True,False
25019414,EMEF JOSE EMIDIO DE SOUSA,2500775,-6.819652816,-38.03056219,True,True,False
25019481,EMEF ANTONIO MEIRA DE SA,2500775,-6.784868666,-38.08469351,True,True,False
25019490,EMEF LILI QUEIROGA,2500775,-6.817151163,-38.08440716,True,True,False
25019678,EMEF NIVALDO GOMES DE SA,2500775,-6.797986454,-38.1199496,True,True,False
25120212,INSTITUTO EDUCACIONAL PAULO FREIRE,2500775,-6.7866151,-38.0849926,True,False,False
25241923,EMEF SEVERINA FERREIRA DE SOUSA,2500775,-6.791261126,-38.08523473,True,True,False
25066625,CREI MARIA VALENTINA DE AQUINO,2500809,-6.851159,-35.38268,True,False,True
25066668,EEEM RODRIGUES DE CARVALHO,2500809,-6.853955028,-35.37948756,False,False,False
25066676,ECI FRANCISCO PESSOA DE BRITO,2500809,-6.849918333,-35.37463333,True,True,True
25066692,EMEF ALICE DE ALMEIDA CARNEIRO,2500809,-6.850609,-35.38763,True,True,True
25066706,EMEF BOM JESUS,2500809,-6.781898,-35.37572,True,False,False
25066803,EMEF DR ORLANDO JORGE DE SOUZA,2500809,-6.84816,-35.35747,True,True,True
25066897,EMEF LUIZ BARBOSA,2500809,-6.810316,-35.372,True,True,True
25066900,EMEF MARGARIDA PESSOA COUTINHO,2500809,-6.849845,-35.37483,True,True,False
25066935,ESC MUN ENS FUND LUIZ PEREIRA DA SILVA,2500809,-6.836384,-35.32694,True,True,False
25067010,EMEF JOSE ROSAS DE VASCONCELOS,2500809,-6.787221,-35.35361,True,False,False
25109383,CREI TIA JULIA,2500809,-6.811632,-35.36666,False,False,False
25109650,EMEF AGRIPINO RIBEIRO FILHO,2500809,-6.850482,-35.38759,True,True,False
25117629,EDUCANDARIO SOSSEGO DA MAMAE,2500809,-6.85084901,-35.384645,True,True,False
25129830,EDUCANDARIO PEQUENO PRINCIPE,2500809,-6.85174069,-35.38132594,True,True,False
25054740,CRECHE MUNICIPAL PADRE LAMBERT DE GROOT,2500908,-6.83022766,-35.76179113,True,True,True
25054767,EEEFM E EJA ANESIO DEODONIO MORENO,2500908,-6.83151101,-35.76217239,True,True,True
25054783,ECI MONSENHOR JOSE PAULINO,2500908,-6.8340934,-35.7639117,False,False,False
25054830,EMEIF JOAO MARTINS DE LIMA,2500908,-6.86220943,-35.79988233,True,True,False
25054856,GR ESC MARIA DO CARMO ALVES DE MORAIS,2500908,-6.82557741,-35.76060405,True,True,True
25054864,ESCOLA MUNICIPAL EM TEMPO INTEGRAL DO ENSINO INFANTIL E FUNDAMENTAL MARIA DO CARMO CASTRO,2500908,-6.83872706,-35.76660131,True,True,False
25054872,EMEIF POLO DE ARACA,2500908,-6.842252375,-35.71759067,True,True,False
25054880,EMEIF SEVERINO ALVES DA SILVA,2500908,-6.824207311,-35.72983864,True,False,False
25054937,EMEIF JOAQUIM ALVES DA SILVA,2500908,-6.82811073,-35.75570442,True,True,False
25054945,EMEIF JOSE FERREIRA DE MELO,2500908,-6.85895987,-35.75715553,True,True,False
25054961,EMEIF MARIA JOSE DE ALBUQUERQUE,2500908,-6.82182412,-35.76207467,True,True,False
25054970,EMEIF OLINTO ONOFRE DE SOUZA,2500908,-6.85932178,-35.72163401,True,False,False
25066072,EMEIF BARRA DO SALGADO,2500908,-6.870740033,-35.68409272,True,False,False
25066277,EMEIF CONEGO TEODOMIRO QUEIROZ,2500908,-6.860998878,-35.69673238,True,False,False
25104110,INSTITUTO PARAISO DA INFANCIA,2500908,-6.834741393,-35.76453636,True,True,False
25112945,E M E F PROFª LUZIA LAUDELINO DA SILVA MEDEIROS,2500908,-6.8387598,-35.76671262,True,True,True
25129937,ESCOLA NOVA GERACAO,2500908,-6.82999199,-35.76048082,True,False,False
25130919,CRECHE MUNICIPAL SEVERINO PEREIRA DA SILVA,2500908,-6.84194182,-35.76853329,True,True,True
25000012,EMEF JOAO ALVES,2501005,-6.53155362,-35.73874371,True,False,True
25058924,CRECHE MUL JOSE CLAUDINO DE ARAUJO,2501005,-6.557653333,-35.78087833,True,False,True
25058932,CRECHE BENEDITA TARGINO MARANHAO,2501005,-6.543658264,-35.82028608,True,False,True
25058940,CRECHE MUNICIPAL PROFESSORA MARIA ILCAR FARIAS TARGINO,2501005,-6.531806085,-35.74045013,True,True,True
25058959,CRECHE NOEMIA DANTAS CARNEIRO,2501005,-6.523953333,-35.743445,True,False,True
25058975,ECIT BENJAMIN MARANHAO,2501005,-6.536495844,-35.74498985,False,True,False
25059017,EEEM TARGINO PEREIRA,2501005,-6.5278766,-35.7412436,False,False,False
25059106,EMEF EM BOA VISTA,2501005,-6.5504373,-35.8558452,True,False,True
25059122,EMEF JOANA MARIA DA CONCEICAO,2501005,-6.5565762,-35.7804212,False,True,True
25059130,EMPG NOSSA SENHORA DA LUZ,2501005,-6.503896569,-35.75745307,True,False,True
25059165,EMEF EM TIMBAUBA,2501005,-6.58599754,-35.71404936,False,False,True
25059181,EMEF MONSENHOR SEVERINO CAVALCANTE DE MIRANDA,2501005,-6.53458948,-35.74071551,True,True,True
25059289,EMEF ANTONIO PINHEIRO DE ASSIS,2501005,-6.5532954,-35.8248689,True,True,True
25059386,EMEF MARIZETE ARAUJO BEZERRA,2501005,-6.539150896,-35.74581983,True,True,True
25059408,EMEF RITA NUNES DA COSTA,2501005,-6.52957647,-35.74193131,True,True,True
25059432,EMEF JOSE FRANCISCO DE LIMA,2501005,-6.5439333,-35.778503,True,True,True
25059467,EMEF 31 DE MARCO,2501005,-6.54654409,-35.76209661,False,False,False
25059475,EMEF ANTONIO CANDIDO RIBEIRO,2501005,-6.54033,-35.81506833,False,False,True
25059491,EMEF ERNESTO MOREIRA,2501005,-6.5660255,-35.7889906,True,False,True
25059548,EMEF SANTOS DUMONT,2501005,-6.5871657,-35.743148,True,True,True
25059556,EMEF PROF JOAO MOREIRA SOARES,2501005,-6.5305523,-35.7398077,True,True,True
25059580,PRE ESC BRANCA DE NEVE,2501005,-6.530911667,-35.74180833,False,False,False
25105272,EMEF SAO LUIS,2501005,-6.498793499,-35.73201676,True,True,True
25110829,EMEF PREFEITA MARIA CELESTE TORRES DA SILVA,2501005,-6.550957938,-35.77524793,True,True,True
25112309,CRECHE FRANCISCO MARINHO DO NASCIMENTO,2501005,-6.58219,-35.74887167,True,True,True
25122193,CRECHE MARLIETE ALVES PESSOA,2501005,-6.5667293,-35.7848805,True,True,True
25123416,CENTRO EDUCACIONAL INTEGRADO,2501005,-6.5320028,-35.7383366,True,False,True
25125710,EMEF MANOEL FRANCISCO MARTINIANO,2501005,-6.5362815,-35.8522463,True,False,True
25064061,COLEGIO SANTA RITA,2501104,-6.97054286,-35.70458588,False,True,True
25064088,CRECHE PRE ESCOLAR CORINA BARRETO DE B LIRA,2501104,-6.96056926,-35.70247475,True,False,False
25064096,CRECHE EZILDA MILANEZ,2501104,-6.96855729,-35.69107664,True,True,False
25064126,EEEFM CARLOTA BARREIRA,2501104,-6.967069935,-35.70738805,True,True,True
25064134,ECIT MINISTRO JOSE AMERICO DE ALMEIDA,2501104,-6.968506426,-35.70008464,False,False,False
25064142,EEEFM ALVARO MACHADO,2501104,-6.970502953,-35.69865435,True,False,False
25064169,EEEF MONSENHOR JOAO COUTINHO,2501104,-6.9653023,-35.7029524,True,True,False
25064193,ESC MUL PEDRO HONORIO,2501104,-6.91477775,-35.78403605,True,False,False
25064266,COLEGIO INES SOARES,2501104,-6.96919057,-35.69971968,True,True,True
25064410,EMEF JOSE LINS SOBRINHO,2501104,-6.92680835,-35.64613485,True,False,False
25064428,ESC MUL JOSE RODRIGUES,2501104,-6.96296673,-35.70946379,True,True,True
25064444,EMEF JULIA VERONICA DOS SANTOS LEAL,2501104,-6.97155336,-35.69400485,False,True,False
25064541,EMEF NENEN SILVA,2501104,-6.95943967,-35.60333161,True,True,True
25114328,EMEF MADRE TRAUTLINDE,2501104,-6.97410166,-35.70932763,True,False,True
25118811,CRECHE E PRE ESCOLA DONA DINA,2501104,-6.9742664,-35.71020366,False,False,False
25120344,EMEF DR JOSE INACIO DE MIRANDA PEREIRA,2501104,-6.9263129,-35.62805574,False,False,True
25120891,SISTEMA EDUCACIONAL AREIENSE,2501104,-6.968283333,-35.70171833,False,False,False
25122860,ESCOLA INFANTIL TRACOS E LETRAS,2501104,-6.967473333,-35.70671833,True,False,True
25130544,IFPB - CAMPUS AVANCADO AREIA,2501104,-6.97188377,-35.69226988,True,True,False
25064118,EMEF VER NELSON CARNEIRO,2501104,-6.99271573,-35.77186882,True,True,False
25064460,EMEF MARIA EMILIA MARACAJA,2501104,-7.01608614,-35.76474429,True,True,True
25064762,CRECHE ANDRE RICARDO PERAZZO DA COSTA,2501104,-6.93291832,-35.71155505,True,False,False
25106694,EMEF PROFESSOR ABEL BARBOSA DA SILVA,2501104,-6.93425274,-35.71245228,True,True,False
25064720,CRECHE JOSE ALVES DO NASCIMENTO,2501104,-6.93632955,-35.75553975,True,True,True
25064789,EMEF JOAO CESAR,2501104,-6.9377054,-35.75531102,True,True,True
25020374,ECI CLOVIS SATIRO,2501153,-7.1245396,-36.9470177,True,False,False
25020412,EMEF SEBASTIAO FRANCISCO DE LIMA,2501153,-7.123509315,-36.9459621,True,False,True
25020609,EMEF ABDIAS JOSE DA COSTA,2501153,-7.123688225,-36.93837448,True,False,True
25020625,EMEF JOSE PORFIRIO DE MARIA,2501153,-7.076802249,-36.96936177,True,False,True
25120549,EMEF SEVERINO ALVES DA COSTA,2501153,-7.123607341,-36.9458471,True,False,False
25129864,CRECHE CLARISSE GOMES DOS SANTOS FARIAS,2501153,-7.123530186,-36.94591004,True,True,True
25061399,CRECHE CASULO SAO FRANCISCO,2501203,-7.0508778,-35.9242016,True,True,True
25061402,ECI PREFEITO FRANCISCO APOLINARIO SILVA,2501203,-7.0518846,-35.9253834,False,True,False
25061429,ESCOLA MUNICIPAL DE ENSINO FUNDAMENTAL GERALDO LUIZ DE ARAUJO,2501203,-7.0454305,-35.9201861,True,True,True
25061445,EMEFI FRANCISCO APOLINARIO DA SILVA,2501203,-7.051851,-35.92552807,True,True,True
25061542,EMEIFI EZEQUIEL VIEIRA,2501203,-7.0559973,-35.9446365,True,True,True
25061569,EMEF JOAO IZIDRO DOS SANTOS,2501203,-7.0526076,-35.9584379,True,True,True
25061593,ESCOLA MUNICIPAL DE ENSINO FUNDAMENTAL E EJA MODELO,2501203,-7.0520433,-35.9249683,True,True,True
25061607,EMEIF SEVERINO BARBOSA,2501203,-7.0184005,-35.930654,False,True,True
25111922,INST EDUC SAGRADO CORACAO DE MARIA,2501203,-7.04996211,-35.9245388,False,False,False
25114301,EMEI SAGRADO CORACAO DE JESUS,2501203,-7.0504236,-35.9243396,True,True,True
25132148,INSTITUTO EDUCACIONAL CICERO BALBINO DO CARMO,2501203,-7.053109375,-35.92896106,True,True,True
25083481,CRECHE ELIZABETE GOMES DA SILVA,2501302,-7.551826579,-35.71683831,True,False,False
25083490,ECI DEPUTADO CARLOS PESSOA FILHO,2501302,-7.5479922,-35.70517548,True,False,False
25083597,EEEFM MAJOR JOSE BARBOSA,2501302,-7.54675817,-35.70751935,True,True,True
25083651,E M E F SANTA LUZIA,2501302,-7.553649391,-35.75866325,False,False,False
25083813,E M E F NOSSA SENHORA DO ROSARIO,2501302,-7.610529363,-35.66654169,False,False,False
25084100,E M E F SEVERINO FILGUEIRAS VASCONCELOS,2501302,-7.613948174,-35.73363774,True,False,False
25084119,E M E F JOSEFA HERACLIO,2501302,-7.472897549,-35.8000929,True,True,True
25084135,E M E F ALEXANDRE BARBOSA MONTEIRO,2501302,-7.509508571,-35.70134712,False,False,False
25084151,E M E F ANTONIO MARTINS DO NASCIMENTO,2501302,-7.524790498,-35.76948521,True,False,False
25084160,E M E F DE CAMARA,2501302,-7.611415708,-35.70744085,True,True,False
25084178,E M E F DE URUCU,2501302,-7.564294534,-35.73654081,True,False,False
25084216,E M E F JOSE DE SOUSA SANTOS,2501302,-7.544968044,-35.7020217,True,True,False
25084232,E M E F MARIA MARGARIDA DA CONCEICAO,2501302,-7.548330864,-35.70825951,False,True,False
25084240,E M E F NIVALDO ALVES BARBOSA,2501302,-7.539210222,-35.7771026,True,False,False
25084259,E M E F PEDRO LOPES DE BRITO,2501302,-7.523301328,-35.72534929,False,False,False
25084313,E M E F ANTONIO FERREIRA DANTAS,2501302,-7.462135269,-35.82508572,True,False,False
25084321,E M E F COSME ALVES BARBOSA,2501302,-7.542946204,-35.72847297,True,False,False
25084330,E M E F EMILIANO RESENDE FILHO,2501302,-7.503771828,-35.67106364,False,False,False
25084348,E M E F JOSE CELESTINO DE SOUZA,2501302,-7.608636771,-35.60393122,True,False,False
25084372,E M E F DE CHA DA BARRA,2501302,-7.589609055,-35.61887071,True,True,False
25084399,E M E F DE PE DE SERRA DO JUA,2501302,-7.508685216,-35.77130819,True,False,False
25084410,E M E F SEBASTIANA ANDRADE,2501302,-7.503073951,-35.72272056,True,False,False
25107950,E M E F DO BERNARDO,2501302,-7.579068309,-35.65347405,True,False,False
25107968,E M E F SAO FRANCISCO DE ASSIS,2501302,-7.571145063,-35.75624767,False,False,False
25107984,E M E F DE CHA DE TORRES,2501302,-7.548076667,-35.734325,True,False,False
25108158,E M E F MANOEL BERNARDO FRAZAO,2501302,-7.506969986,-35.62131202,True,False,False
25108174,E M E F LAURENTINO GOMES DE LIMA,2501302,-7.528402596,-35.66380936,True,False,False
25108204,E M E F DE VOLTA GRANDE,2501302,-7.478070776,-35.7279336,False,False,False
25109316,E M E F GUARIBAS DE QUATRO CANTO,2501302,-7.493388411,-35.68086611,False,False,False
25109332,E M E F MANOEL FELIX ISMAEL,2501302,-7.514651329,-35.61028998,True,False,False
25110861,EDUCANDARIO MARIA GERMANO,2501302,-7.545776,-35.70752,True,False,False
25112295,EMEF TANCREDO NEVES,2501302,-7.554059559,-35.72096941,True,False,False
25113615,E M E F JOSE VICENTE DE ARAUJO,2501302,-7.555024568,-35.77521801,True,False,False
25114522,E M E F MARIA LUCIA DE ALBUQUERQUE,2501302,-7.509336867,-35.73472696,True,True,True
25119010,E M E F JARDIRENE OLIVEIRA DE SOUZA,2501302,-7.544652591,-35.7063559,True,True,False
25123718,EM DE EDUCACAO ESPECIAL DE AROEIRAS,2501302,-7.548422227,-35.7082777,True,True,False
25125788,CENTRO EDUCACIONAL DA CRIANCA,2501302,-7.54778,-35.70876833,True,True,False
25127527,EDUCANDARIO MARIA DE LOURDES,2501302,-7.545988,-35.70636,True,True,True
25128922,CENTRO EDUCACIONAL DO SABER,2501302,-7.546666667,-35.702475,False,False,False
25163809,COLEGIO CENTRAL DE ENSINO,2501302,-7.544733,-35.70625,True,True,True
25084380,E M E F JOSE COSME IRMAO,2501302,-7.515047458,-35.61037347,True,True,False
25042041,EMEIEF JOAO MARTINIANO DOS SANTOS,2501351,-7.05137687,-36.71029175,True,False,False
25050427,ECI JOAO ROGERIO DIAS TOLEDO,2501351,-7.0754621,-36.73089856,True,True,True
25050710,EMEIEF BRASILINO CARDOSO DE MELO,2501351,-7.073198,-36.67955,True,False,False
25051253,EMEF JAIME FERREIRA TAVARES,2501351,-7.07429183,-36.72808362,True,True,True
25110179,UNIDADE DE ENSINO PRE-ESCOLAR RITA JOSE DINIZ,2501351,-7.07453812,-36.73094022,True,True,True
25111760,EMEIEF NOSSA SENHORA DAS GRACAS,2501351,-7.050907,-36.74132,True,False,False
25125630,CRECHE MUNICIPAL ALINE SOUZA SALVADOR,2501351,-7.07375017,-36.73042035,True,False,True
25129147,EMEF PROFESSOR EVANDIR GONCALVES DE OLIVEIRA,2501351,-7.070969,-36.72265,True,True,False
25085859,EMEF PARTEIRA MARIA PESSOA DOS SANTOS GOMES,2501401,-6.672041,-34.953952,True,True,True
25085875,ECIT MATIAS FREIRE,2501401,-6.6861475,-34.9415514,False,True,False
25085883,EMEF ANTONIO AZEVEDO,2501401,-6.6914926,-34.9345281,True,True,True
25085930,EMEF CACIQUE MANOEL SANTANA DOS SANTOS,2501401,-6.70421,-35.0149248,True,False,True
25085948,EMEF JOAO FRANCISCO FILHO,2501401,-6.7010777,-35.0310445,True,True,True
25085956,EMEF NAIDE SOARES DA SILVA,2501401,-6.6790159,-34.9935882,True,True,True
25085964,EMEF DR CARLOS RODRIGUES,2501401,-6.6240532,-34.9777016,True,True,True
25085972,EMEF JOAO BEZERRA FALCAO,2501401,-6.6650752,-35.024444,True,True,True
25085980,EMEF CELINA FREIRE RODRIGUES,2501401,-6.6001502,-35.00492,True,True,True
25086006,EMEF MARIA DAS DORES BORGES,2501401,-6.6591594,-34.9634752,True,False,True
25086014,EMEF PAULO EUFRASIO RODRIGUES,2501401,-6.6909621,-34.9484575,True,True,True
25101978,EEEIFM AKAJUTIBIRO,2501401,-6.7087793,-34.9354118,True,True,True
25103097,EMEF CENTRO SOCIAL SAO MIGUEL,2501401,-6.6525602,-34.9890028,True,False,True
25109480,CRECHE CURUMIM,2501401,-6.6778486,-34.9501636,False,False,True
25120778,EEEIFM PEDRO POTI,2501401,-6.6532765,-34.9865508,True,False,False
25120840,INSTITUTO INFANTIL IRENE MATIAS,2501401,-6.6919024,-34.9377441,False,False,True
25125281,EMEF JOAO EUGENIO BARBOSA,2501401,-6.666575,-35.0041544,True,False,True
25126563,EMEIEF SAGRADO CORACAO DE JESUS,2501401,-6.6979959,-34.9366705,True,True,True
25064797,EMEF PROFª EMILIA DE OLIVEIRA NEVES,2501500,-6.754761667,-35.63546833,True,True,True
25064800,UFPB - COLEGIO AGRICOLA VIDAL DE NEGREIROS,2501500,-6.75161191,-35.64900167,True,True,True
25064819,CRECHE DONZINHA BEZERRA CAVALCANTE,2501500,-6.754396667,-35.63228333,True,False,False
25064827,CRECHE TIA GLAUCE,2501500,-6.74569,-35.63136,False,False,True
25064851,EMEF RURAL MISTA DE ALINORTE,2501500,-6.672130921,-35.53393344,False,False,False
25064894,ECIT JOSE ROCHA SOBRINHO,2501500,-6.7396777,-35.62918259,True,True,True
25065009,EMEF DO OLHO DAGUA,2501500,-6.666800994,-35.64303808,True,False,False
25065025,EEEM PROFESSOR PEDRO A DE ALMEIDA,2501500,-6.7451033,-35.632915,True,True,False
25065084,EMEF FERNANDO BATISTA COUTINHO,2501500,-6.770733492,-35.61890147,True,False,False
25065149,EMEF JOAO PAULO II,2501500,-6.7531643,-35.5683881,True,True,False
25065157,EMEF JOSE ROCHA CIRNE,2501500,-6.673044758,-35.61170711,True,True,True
25065173,EMEF MIGUEL FILGUEIRA FILHO,2501500,-6.698195874,-35.63489464,True,True,False
25065181,EMEF ANTONIO COUTINHO DE MEDEIROS,2501500,-6.77166322,-35.55907057,False,False,False
25065190,EMEF APRIGIO PATRICIO RAMALHO,2501500,-6.744163333,-35.59872833,True,False,False
25065238,EMEF JOSE ROCHA SOBRINHO,2501500,-6.757135,-35.5919475,False,False,False
25065246,EMEF SEVERINO PEREIRA DE MELO,2501500,-6.7304748,-35.5708037,False,False,False
25065254,GR ESC M ANTONIO JOSE DA COSTA,2501500,-6.725070854,-35.64522718,True,False,False
25065262,EMEF FRANCISCO LOPES DE AZEVEDO,2501500,-6.732291905,-35.65405089,True,False,False
25065289,GR ESC MUL PROF ANTONIO C DE MEDEIROS,2501500,-6.759352335,-35.64558341,True,False,False
25065300,EMEF VER NICOLAU LUCENA MOURA,2501500,-6.741683333,-35.57578833,False,False,False
25065327,EMEF DO JARACATIA,2501500,-6.678261529,-35.65737457,False,False,False
25065335,EMEF JOAO FLORENTINO DA ROCHA,2501500,-6.72456234,-35.59939896,True,False,False
25065343,EMEF ARLINDO RAMALHO,2501500,-6.75154279,-35.55024195,False,False,False
25065386,EMEF DR JOAQUIM F DE MEDEIROS,2501500,-6.74679155,-35.63045022,True,True,False
25065440,EMEF MAJOR AUGUSTO BEZERRA,2501500,-6.657535806,-35.65508002,False,False,False
25065459,EMEF LINDOLFO GRILO,2501500,-6.732493029,-35.64148827,True,True,False
25108794,INST EDUC PARAIBANO CANTINHO DA CRIANCA,2501500,-6.753861,-35.63656,False,False,False
25114824,EMEF NOSSA SENHORA APARECIDA,2501500,-6.613568282,-35.56852564,False,False,False
25123343,EDUCANDARIO SANTA VITORIA LTDA,2501500,-6.753547,-35.6349,True,True,True
25128760,CRECHE JANETE FREIRE DOS SANTOS,2501500,-6.7512528,-35.5665674,True,True,False
25129589,EMEIF MONTE CARMELO,2501500,-6.740787635,-35.64519541,False,False,False
25130064,EMEF XAVIER JUNIOR,2501500,-6.7533383,-35.6361604,True,False,False
25251937,COLEGIO MAXIMUM BANANEIRAS,2501500,-6.753657,-35.63495,False,False,False
25065505,EMEF DR DIONISIO MAIA,2501500,-6.78075322,-35.57697636,True,True,False
25065211,EMEF JOSE HENRIQUE PEREIRA,2501500,-6.6932216,-35.6400199,True,False,False
25128752,CRECHE MARIA EURIDICE RAMALHO,2501500,-6.6910013,-35.642543,True,True,True
25065297,EMEF PROF SOLANGE R DE FONTES,2501500,-6.7463914,-35.5675041,False,False,False
25065424,EMEF SANTO EXPEDITO,2501500,-6.7028592,-35.5630547,True,False,False
25043846,EMEF FELIPE RODRIGUES DE LIMA,2501534,-6.64360737,-36.25189719,True,True,True
25109421,EMEI RUFINA MARIA DA CONCEICAO - MAE NEGA,2501534,-6.6416539,-36.25699412,True,True,True
25118579,ECI PREFEITO SEVERINO PEREIRA GOMES,2501534,-6.644896667,-36.24713167,False,False,False
25051733,EMEB MARIA DE LOURDES ARAUJO DE ARRUDA,2501575,-7.608023333,-35.87900833,True,True,False
25052004,EMEB JULITA GUERRA,2501575,-7.550433333,-35.91699833,True,True,True
25052462,EMEB ALFREDO RUFINO BARBOSA,2501575,-7.567445,-35.95032333,False,False,False
25052497,ECI ALMIRANTE ANTONIO HERACLITO DO REGO,2501575,-7.52405875,-35.99906106,True,True,True
25052578,EMEB ANTONIO DE SOUZA BARBOSA,2501575,-7.542275,-35.98010833,False,False,False
25052594,EMEB BELARMINO DE MEDEIROS,2501575,-7.582038333,-36.074055,True,False,False
25052632,EMEB MANOEL TERTULIANO DE ARAUJO,2501575,-7.5852798,-35.9169866,True,False,False
25052640,EMEB ANTONIO PEREIRA DE ANDRADE,2501575,-7.4769795,-36.0203217,False,False,False
25052659,EMEB ERNESTO CELEDIAO DO REGO,2501575,-7.5801039,-35.8976422,False,False,False
25052667,EMEB FRANCISCO GUEDES DE BRITO,2501575,-7.551563333,-35.870485,True,True,False
25052691,EMEB JOSUE BARBOSA DE ANDRADE LIRA,2501575,-7.637686667,-35.868075,True,True,True
25052705,EMEB JOAO LOPES DE ANDRADE,2501575,-7.522591667,-36.054305,True,True,False
25052756,EMEB JOAO TOMAZ DA SILVA,2501575,-7.601708333,-35.93582167,False,False,False
25052764,EMEB SEVERINO ALVES CAMPOS,2501575,-7.593215,-35.95324333,True,False,False
25106104,EMEB PROFESSORA LAURA BARBOSA BEZERRA,2501575,-7.5225346,-35.9976423,False,False,False
25132571,ESCOLA MUNICIPAL DE EDUCACAO BASICA PROFESSORA MARIA OLIVEIRA DOS SANTOS,2501575,-7.640840076,-35.90884835,True,True,True
25307924,CEMEB PROFESSORA MARLY BARBOSA DE ALMEIDA - TIA MARLY,2501575,-7.521918333,-35.99692333,True,True,True
25055020,COLEGIO MUNICIPAL JOSE EUDENICIO CORREIA LINS,2501609,-6.7220431,-36.0600204,True,True,True
25055038,CRECHE MARIA DAS NEVES DE LIMA,2501609,-6.7208105,-36.0558641,False,True,True
25055062,EEEF PROF JOSE COELHO,2501609,-6.720891,-36.06052,False,False,False
25055259,EMEF JOSE RIBEIRO DINIZ,2501609,-6.72937822,-36.05198627,True,True,True
25055283,EMEF MANOEL BATISTA DE SOUSA,2501609,-6.752899,-36.0832484,True,False,False
25055305,EMEI PINGO DE GENTE,2501609,-6.722557,-36.05635,True,False,True
25055518,EMEF JOSE CANDIDO RIBEIRO,2501609,-6.7187092,-36.0594856,True,False,True
25055534,EMEF JULIO CAETANO DE LUNA,2501609,-6.7212303,-36.0602949,False,False,True
25055550,EMEF MANUEL NUNES DOS SANTOS,2501609,-6.6629279,-36.0467019,False,False,False
25055585,EMEF CICERA DA SILVA SOUSA,2501609,-6.72304,-36.0572284,True,True,True
25055615,EMEF PLINIO LEMOS,2501609,-6.8795402,-36.1204439,False,False,False
25055631,EMEF ROSA M SOARES FONSECA,2501609,-6.80731,-36.1428909,False,False,False
25055704,EMEF ANTONIO EZEQUIEL MARTINS CASADO,2501609,-6.6848409,-36.0023432,True,False,True
25055739,EMEF JOSE EDNALDO FREITAS SOUTO,2501609,-6.6608754,-36.0866208,False,False,False
25138600,ESCOLA DE EDUCACAO INFANTIL E ENSINO FUNDAMENTAL - PRIMEIROS PASSOS,2501609,-6.7241659,-36.0539082,True,True,True
25152203,EMEF JOSE MARTINHO CERPA DE MENEZES,2501609,-6.7422203,-36.0181008,False,False,False
25051261,EM EDUCACAO BASICA JOAO PINTO DA SILVA,2501708,-7.753449949,-36.31789193,True,True,True
25051296,ECI MELQUIADES TEJO,2501708,-7.75150201,-36.31662091,True,False,True
25051512,EMEF MANOEL ESTEVAM DE MIRANDA,2501708,-7.552933,-36.23872,True,True,True
25131095,CRECHE MUNICIPAL LUSIA DE FARIAS MACEDO,2501708,-7.553424,-36.24284,False,False,True
25257943,EMEF JOSE ESTEVAM NETO,2501708,-7.599179889,-36.29900658,True,True,True
25261924,CENT DE DESENV INF PROF MARIA DA GLORIA CORREIA PINTO,2501708,-7.754526,-36.31846,True,True,True
25090852,ESCOLA SENHOR DO BONFIM,2501807,-7.12557,-34.9219,True,False,True
25090879,EEEFM ENGENHEIRO JOSE DAVILA LINS,2501807,-7.12646536,-34.92900647,True,True,False
25090887,ECIT PROFESSOR ANTONIO GOMES,2501807,-7.14565236,-34.92616751,False,False,False
25090909,ECI IRINEU PINTO,2501807,-7.1235029,-34.9164295,False,True,False
25090933,EEEF ALVARO DE CARVALHO,2501807,-7.12613003,-34.92427696,False,False,False
25090941,EEEF ANITA GARIBALDI,2501807,-7.123973232,-34.94042176,True,False,False
25090976,EEEF GETULIO VARGAS,2501807,-7.123531695,-34.92651679,False,True,True
25090984,ECI JOAO CAETANO,2501807,-7.13769363,-34.93752379,True,True,True
25090992,EEEF SENADOR TEOTONIO VILELA,2501807,-7.135042185,-34.92142738,True,False,False
25091000,EEEFM TANCREDO NEVES,2501807,-7.123902,-34.90817,False,False,False
25091018,EEEFM VERALDO LEITE,2501807,-7.1261321,-34.9389477,True,False,False
25091050,EMEF MARIA DO CARMO DA SILVEIRA LIMA,2501807,-7.148932,-34.92583,True,True,True
25091069,EMEF FRANCISCO JOAQUIM DE BRITO,2501807,-7.134573,-34.93327,True,True,True
25091077,EMEF PRESIDENTE TANCREDO DE ALMEIDA NEVES,2501807,-7.123155,-34.93045,True,True,True
25091085,EMEF BERENICE RIBEIRO COUTINHO,2501807,-7.122858,-34.90655,False,True,False
25091093,EMEF DR EDGARD SEARGER,2501807,-7.125516,-34.92818,True,True,True
25091115,EMEF PETRONIO FIGUEIREDO,2501807,-7.139185,-34.92229,True,True,True
25091131,EMEF JOSE RIBEIRO DE MORAIS,2501807,-7.122435,-34.91225,True,True,False
25091140,EMEF FERNANDO CUNHA LIMA,2501807,-7.127624,-34.93638,True,True,True
25091158,EMEF FLAVIO RIBEIRO COUTINHO,2501807,-7.128786,-34.93379,False,True,True
25091166,EMEF JAIME CAETANO,2501807,-7.120312,-34.89639,False,False,False
25091174,EMEF JOAO FERNANDES DE LIMA,2501807,-7.131184,-34.92137,True,True,False
25091182,EMEF JOAQUIM LAFAYETTE,2501807,-7.127204,-34.91626,True,False,False
25091204,EMEF OTILIO CIRAULO,2501807,-7.124518,-34.92136,False,False,False
25091212,EMEF PASCOAL MASSILIO,2501807,-7.134073,-34.92686,False,False,True
25091220,EMEF MARIA DAS NEVES LINS,2501807,-7.134286,-34.92556,True,True,True
25091255,ESCOLA SONHO ENCANTADO,2501807,-7.126656,-34.93559,True,True,False
25091280,CENTRO EDUCACIONAL MUNDO DA AVENTURA,2501807,-7.147227,-34.92763,True,False,False
25091298,ESCOLA LAPIS DE COR SANTANA,2501807,-7.133491,-34.94009,True,False,True
25091360,INSTITUTO DE ENSINO JAIME CAETANO,2501807,-7.125886,-34.92969,False,False,True
25102052,SISTEMA DE EDUCACAO PROGRESSISTA BOM JESUS,2501807,-7.142066,-34.93756,True,True,True
25102362,CENTRO EDUCACIONAL PEQUENO DAVI,2501807,-7.122403,-34.90702,True,True,True
25108034,INSTITUTO EDUCACIONAL DA MONICA,2501807,-7.134724439,-34.93472144,True,True,True
25109260,CRECHE NOSSA SENHORA DA CONCEICAO,2501807,-7.125565,-34.93906,True,False,True
25109286,CRECHE MAE MANDA,2501807,-7.147944,-34.92704,False,False,True
25109529,EMEF VEREADOR JOAO BELMIRO DOS SANTOS,2501807,-7.13027,-34.94182,True,False,True
25113054,EMEF ASSIS CHATEAUBRIAND,2501807,-7.129417,-34.92794,True,True,False
25113062,EMEF AIRTON CIRAULO,2501807,-7.118188,-34.90136,False,False,False
25113674,EMEF RITA ALVES,2501807,-7.122911,-34.91903,True,False,True
25116665,CRECHE CRISTIANO MARTINS DE LIMA,2501807,-7.138713,-34.93391,False,False,False
25117149,CRECHE NOSSA SENHORA APARECIDA,2501807,-7.127016,-34.93504,False,False,True
25119168,INSTITUTO EDUCACIONAL RUTH ROCHA,2501807,-7.137076,-34.92105,False,False,False
25119222,EMEF SANDRA MARIA CARNEIRO DE SOUZA,2501807,-7.132649,-34.94052,False,False,False
25119761,COLEGIO OASIS,2501807,-7.141847,-34.94086,True,True,True
25120832,CENTRO SOCIAL EDUCACIONAL PRESBITERIANO,2501807,-7.124829,-34.93889,False,False,False
25121790,CENTRO EDUC ARCO-IRIS,2501807,-7.121479,-34.90593,True,True,True
25122070,CRECHE MUNICIPAL CLOTILDE RODRIGUES CATAO,2501807,-7.144168,-34.9232,False,False,False
25124196,ESCOLINHA RECANTO DO SABER,2501807,-7.131445,-34.92247,True,False,True
25124340,SISTEMA DE ENSINO EBENEZER,2501807,-7.136382,-34.93666,True,True,True
25126261,INSTITUTO EDUCACIONAL SANTA TEREZA,2501807,-7.128262,-34.91719,False,False,True
25126890,CENTRO DE FORMACAO PROFISSIONAL JOSE WILLIAM LEMOS,2501807,-7.124253,-34.91521,True,True,True
25127152,CENTRO EDUCACIONAL MADRE MICHELE,2501807,-7.147753,-34.92682,True,True,True
25127594,ECIT BAYEUX ERENICE CAVALCANTE FIDELIS,2501807,-7.1245402,-34.9203511,False,False,False
25128787,COLEGIO E CURSO LL LTDA,2501807,-7.12296688,-34.91337045,True,True,True
25264923,EDUCANDARIO SANTO ANTONIO,2501807,-7.124646,-34.92161,True,True,False
25305921,ESCOLA PRIMEIROS DEGRAUS,2501807,-7.134541,-34.9264,True,True,True
25067133,ECIT ENGENHEIRA MARCIA GUEDES ALCOFORADO DE CARVALHO,2501906,-6.7000067,-35.537,False,True,False
25067141,EEEFM FELINTO ELIZIO,2501906,-6.6984033,-35.5373317,True,False,False
25067176,EMEIEF SAO JOSE V,2501906,-6.6739595,-35.4883596,False,False,False
25067222,EMEIEF AFONSO ASTROGILDO DE PAULA,2501906,-6.6967594,-35.5358014,True,True,True
25067257,EMEIEF NOSSA SRª DA LUZ,2501906,-6.710866294,-35.50957756,False,False,False
25067265,EMEIEF PROFª ELVIRA SILVEIRA DA COSTA,2501906,-6.70061,-35.5371233,True,True,True
25067303,EMEIEF DE SUSPIRO,2501906,-6.74990704,-35.49422539,False,False,False
25067338,EMEIEF DE SERRARIA,2501906,-6.76055629,-35.48622582,False,False,False
25067354,EMEIEF DE MUFUMBO,2501906,-6.738324948,-35.50530556,False,False,False
25067370,EMEIEF FRANCISCA LEITE BRAGA,2501906,-6.692570946,-35.53577428,True,False,False
25101683,CMEI - LUCILA RAMALHO,2501906,-6.6989386,-35.5372287,True,True,False
25107470,EMEIEF DE LAGOA DO CURIMATAU,2501906,-6.662114483,-35.52908142,False,False,False
25116088,EMEF ANITA DE MELO BARBOSA LIMA,2501906,-6.70187216,-35.53516879,True,True,True
25119877,EDUCANDARIO AQUARELA,2501906,-6.69636,-35.53328,True,False,True
25303937,EDUCANDARIO PEDRO CARDOSO,2501906,-6.694690703,-35.536711,True,True,True
25067435,EMEF ALICE DE MELO VIANA,2501906,-6.7191871,-35.5395605,True,True,False
25067443,EMIEF CLAUDIO CANTALICE VIANA,2501906,-6.7200286,-35.5399956,True,True,False
25101690,CRECHE PRE ESCOLAR FORMOZINA MARIA DA CONCEICAO,2501906,-6.7202738,-35.5429676,True,False,False
25000020,CRECHE INTEGRADA MARIA DO SOCORRO LINHARES,2502003,-6.187238,-37.53284,False,False,False
25000047,ECI NOSSA SENHORA DA CONCEICAO,2502003,-6.1882324,-37.53447298,True,True,False
25000055,EEEFM AMERICO MAIA,2502003,-6.188782,-37.53518,True,True,False
25000160,ESCOLA MEIF PROFESSOR RAIMUNDO SEVERINO ANDRADE,2502003,-6.19013,-37.53199,False,False,False
25000225,ESCOLA DR GENIVAL LACERDA DA CUNHA,2502003,-6.235684,-37.5361,False,False,False
25000306,EMEF ANA RITA TRIGUEIRO DE FREITAS LINHARES,2502003,-6.186221,-37.53929,True,False,True
25012193,ECI NELSON BATISTA ALVES,2502052,-6.45349015,-38.54747683,True,False,False
25012339,EMEIF JOAO PEDRO JUNIOR,2502052,-6.484129862,-38.56526381,True,False,True
25012495,EMEF AUGUSTO EGIDIO DOS SANTOS,2502052,-6.452184459,-38.56458412,True,True,True
25012550,EMEIF LUIS RIBEIRO DA COSTA,2502052,-6.456393851,-38.53211263,True,True,True
25012568,EMEF MANOEL SOARES DA SILVEIRA,2502052,-6.509968545,-38.56860367,True,True,True
25012711,EMEF JOSE BERNARDINO,2502052,-6.487186532,-38.56443903,True,False,True
25012746,EMEIF MANOEL PEDRO LISBOA,2502052,-6.52006174,-38.59252905,True,True,True
25115804,EMEIF JOSE GOMES DOS SANTOS,2502052,-6.453186222,-38.5510357,True,True,True
25121316,EMEF JOSE BATISTA DE SOUSA,2502052,-6.454658587,-38.54193782,True,True,True
25122894,CRECHE MAE CHIQUINHA,2502052,-6.490725791,-38.56754478,True,False,True
25125591,EMEI ERIKA KETHLEN ANDRADE BARBOSA,2502052,-6.454284377,-38.54793758,True,True,True
25249924,CENTRO DE EDUCACAO INFANTIL GESSICA ALVES MARTINS,2502052,-6.455105301,-38.5466689,True,True,True
25027549,CRECHE MUNICIPAL ERCILIA VALERIANO DA FONSECA,2502102,-7.421072577,-38.21747049,True,True,False
25027557,EMEF EMILIA DINIZ ALVARENGA,2502102,-7.420194112,-38.21360484,True,True,True
25027573,ECI JOAO CAVALCANTE SULA,2502102,-7.418466,-38.21795,False,False,False
25027590,EMEIF ADAUTO ANTONIO DE ARAUJO,2502102,-7.394009465,-38.24731677,False,False,False
25027603,EMEIF ADERSON HENRIQUES CHAVES,2502102,-7.420219299,-38.21363158,True,True,False
25027638,EMEIF AUSTEQUILINO ALVES CARVALHO,2502102,-7.399047241,-38.19663945,False,False,False
25027700,E M E I F LUIS FRANCISCO DA SILVA,2502102,-7.37275,-38.22036,False,False,False
25027859,EMEIF JOSE INOCENCIO DE SOUSA,2502102,-7.368134614,-38.23966619,True,False,False
25027891,E M E I F EUSTAQUIO FARIAS,2502102,-7.384089609,-38.19938427,False,False,False
25027913,EMEIF OTILIA CAVALCANTE PINTO,2502102,-7.383758021,-38.18812201,True,False,False
25104888,EMEIF MARIA BARAUNA,2502102,-7.423077109,-38.21571657,True,False,False
25109774,EMEI FPEDRO BENTO DA SILVA,2502102,-7.408189,-38.16869,False,False,False
25112597,E M E I F JONAS FIUZA CHAVES,2502102,-7.413146,-38.19768,False,False,False
25114271,COLEGIO BATISTA DE BOA VENTURA,2502102,-7.42076,-38.21649667,True,False,False
25075888,CRECHE MAE JANOCA,2502151,-7.26117586,-36.2426043,True,True,True
25075918,ECI TEODOSIO DE OLIVEIRA LEDO,2502151,-7.26133711,-36.24224601,True,True,False
25075934,GR ESC FRANCISCO SULPINO DE ARAUJO,2502151,-7.23819101,-36.13303154,True,True,True
25076000,ESCOLA MUNICIPAL BENTONIT UNIAO,2502151,-7.27628538,-36.24413547,True,False,False
25076035,ESCOLA MUNICIPAL MANOEL ALVES MONTEIRO,2502151,-7.22105359,-36.24877053,True,False,False
25076051,ESCOLA MUNICIPAL AMERICO PORTO,2502151,-7.18288442,-36.15514369,True,False,True
25076078,EMEIEF PROFESSORA FRANCISCA LEITE VITORINO,2502151,-7.26380065,-36.24322149,True,True,True
25076264,GR ESC SEVERINO TAVARES DA SILVA,2502151,-7.27246048,-36.12380283,False,True,True
25006029,ECI PROFESSOR JOAQUIM UMBELINO,2502201,-6.813285397,-38.65284221,True,True,False
25006088,EMEIEF JOSE ABEL DE SOUZA,2502201,-6.81646239,-38.65531068,True,True,False
25006100,EMEIEF JOSE ANTONIO MOREIRA,2502201,-6.875804756,-38.64902266,False,True,False
25006134,EMEIEF MARIA DO CARMO GONCALVES,2502201,-6.816510418,-38.65533893,True,True,True
25006150,EMEF JOSE ROQUE DE SOUSA,2502201,-6.875771941,-38.64899064,True,True,True
25006169,EMEIF N SRA DA PIEDADE,2502201,-6.799187,-38.61102,True,False,False
25000349,ECIT PADRE ARISTIDES,2502300,-6.4428516,-37.9320821,True,False,True
25000373,EEEM DOUTOR JOSE PAZ DE LIMA,2502300,-6.4463817,-37.9294382,True,True,True
25000489,ESC MUL CIDADA INTEGRAL DE ENS INF E FUND LAUREANO LEAO DE LIMA,2502300,-6.5064603,-37.9645897,True,True,True
25000497,ESCOLA MUNICIPAL BALBINA DE ALMEIDA OLIVEIRA,2502300,-6.4471639,-37.930183,False,True,True
25108980,CENTRO EDUCACIONAL OFICINA DO SABER,2502300,-6.4445372,-37.9300262,True,False,True
25128108,CRECHE MUNICIPAL INTEGRAL MARIA DE OLIVEIRA LIMA,2502300,-6.44222351,-37.92908552,True,True,True
25006223,ECIT MONSENHOR MORAIS,2502409,-7.31714275,-38.51552991,True,False,False
25006231,EEEFM JOAQUIM NABUCO,2502409,-7.311386667,-38.51320333,False,False,False
25006304,EMEIF PROF AUREA DIAS DE ALMEIDA,2502409,-7.31605628,-38.52087602,True,True,True
25006827,EMEIF MARIA ALMEIDA DE SOUSA,2502409,-7.30105187,-38.50988279,True,False,False
25006835,EMEIF ELIZIO LEONEL DE FRANCA,2502409,-7.364778123,-38.48667157,True,False,False
25006878,EMEIF TIBURTINO FEITOSA PALITOT,2502409,-7.353077866,-38.43686982,True,False,False
25006886,EMEIF PAPAI ZEZE,2502409,-7.345058564,-38.5053726,False,False,False
25006908,EMEIF PROF MOZART RODRIGUES,2502409,-7.31462999,-38.51473471,True,True,False
25006916,EMEIF SANTINO NITAO DUNGA,2502409,-7.308002631,-38.48582852,True,False,False
25006940,EMEIF ALVINO PEREIRA LEITE,2502409,-7.225692593,-38.42687868,True,False,False
25006967,EMEIF NE DANTAS,2502409,-7.228063205,-38.50911353,True,False,False
25006991,EMEIF JOAO CLEMENTINO DE MORAIS,2502409,-7.27610467,-38.52702373,True,False,False
25007009,EMEIF PROFESSORA EMILIA PEREIRA DE ARRUDA,2502409,-7.285209093,-38.46607011,True,False,False
25007025,EMEIF ANTONIO PEREIRA LEITE,2502409,-7.242215672,-38.48026662,False,False,False
25007033,EMEIF PROF JOAO NERY,2502409,-7.26476,-38.41983333,True,False,False
25007041,EMEIF JOSE SOLIDONIO PALITOT,2502409,-7.316105668,-38.44984643,True,False,False
25007050,EMEIF MAE NENEN,2502409,-7.312807264,-38.44202746,True,False,False
25115529,CRECHE MUNICIPAL MAE NANZINHA,2502409,-7.311343333,-38.51565667,True,True,False
25119621,EDUCANDARIO LIRIO DOS VALES,2502409,-7.310934,-38.51488,True,True,True
25128736,CRECHE MUNICIPAL MARIA DA PAZ DE SOUSA NEVES,2502409,-7.30223398,-38.51436479,False,False,False
25051547,CRECHE JOSEFA BARBOSA CAMELO LEAL,2502508,-7.47598989,-36.1303861,False,False,False
25051555,CRECHE MARIA EDUARDA BARBOSA,2502508,-7.478949954,-36.13634678,False,False,False
25051563,EMEF AGROTECNICA JOSE AUGUSTO LIRA,2502508,-7.491727662,-36.13673058,False,False,False
25051580,ECIT CONSELHEIRO JOSE BRAZ DO REGO,2502508,-7.482593303,-36.13111599,False,False,False
25051652,EEEF PROFESSORA TEREZINHA LEAL,2502508,-7.58589441,-36.16985082,False,False,False
25051725,EMEF PEDRO HERMINIO BEZERRA CABRAL,2502508,-7.414418333,-36.12023333,False,False,False
25051792,ESC CRIATIVA DA MONICA,2502508,-7.482093126,-36.132128,True,True,False
25051857,EMEF JOSE ANDRADE FILHO,2502508,-7.494783333,-36.20233167,False,False,False
25051962,EMEF FRANCISCO OZIAS DE NORMANDIA,2502508,-7.492012437,-36.17756981,True,False,False
25051970,EMEF GOV JOAO AGRIPINO FILHO,2502508,-7.4841421,-36.1251707,True,True,True
25051997,EMEF JOAO ERNESTO DO REGO,2502508,-7.52317,-36.20150667,True,False,False
25052012,EMEF ADAUTA CORDEIRO DE BRITO LIRA,2502508,-7.451248602,-36.19816977,False,False,False
25052039,EMEF MANOEL FRANCISCO BARBOSA,2502508,-7.489956667,-36.094295,False,True,True
25052063,EMEF DOMICIO GONCALVES CARNEIRO,2502508,-7.501616667,-36.07963167,False,False,False
25052071,EMEF EUFLAUDIZIA RODRIGUES,2502508,-7.48373426,-36.13489773,True,True,True
25052080,EMEF HENRIQUE JOSE CAVALCANTE,2502508,-7.46652022,-36.18269124,True,False,False
25052098,EMEF JOSE ADELINO LEAL,2502508,-7.472164845,-36.16553307,False,False,False
25052101,EMEF JOSE NASCIMENTO DA SILVA,2502508,-7.52539053,-36.14761409,True,True,False
25052110,EMEF MANOEL PEREIRA DA SILVA,2502508,-7.501890133,-36.13979844,True,True,False
25052136,EMEF JOAO BERNARDINO NETO,2502508,-7.476781667,-36.19712333,True,False,True
25052144,EMEF NOSSA SRA DO CARMO,2502508,-7.465488333,-36.15234167,True,True,False
25052152,EMEF VIRGINIUS DA GAMA E MELO,2502508,-7.47942285,-36.13463679,True,True,True
25053027,EMEF JOAO FRANCISCO BARBOSA,2502508,-7.561968333,-36.12117167,False,False,False
25053060,EMEF JOSE DE SOUSA BARBOSA,2502508,-7.64114357,-36.19553119,False,False,False
25053086,EMEF JOSE FERNANDES DE OLIVEIRA,2502508,-7.58579149,-36.17033699,True,True,True
25104500,EMEF MANOEL ARAUJO COSTA,2502508,-7.481479277,-36.13579407,True,True,False
25117700,EEEFM SEVERINO BARBOSA CAMELO,2502508,-7.4753764,-36.131056,True,True,False
25120239,EMEF PADRE INACIO,2502508,-7.480212654,-36.12961835,True,True,True
25126903,ESPACO DA CRIANCA,2502508,-7.483872,-36.12973,False,True,True
25130340,ESCOLA PROFESSORA EDILENE RODRIGUES,2502508,-7.4852675,-36.13571861,True,True,True
25023845,COLEGIO MUNICIPAL NOSSA SENHORA DOS REMEDIOS,2502607,-7.178411996,-38.14852464,True,True,False
25023853,CRECHE CASULO ODETE FARIAS BRASILEIRO,2502607,-7.180074,-38.1475,True,True,True
25023896,ECI JOSELITA BRASILEIRO,2502607,-7.1821989,-38.1521748,False,False,False
25023969,ESCOLA MUNICIPAL CACHOEIRA I,2502607,-7.1807059,-38.1497376,False,False,False
25023985,GR MUL GREGORIO,2502607,-7.1845209,-38.0809042,False,False,False
25024035,GRUPO MUNICIPAL MELANCIA,2502607,-7.1789673,-38.1484778,False,False,False
25024060,GR MUL CHENGUENGUE,2502607,-7.1807434,-38.1496762,False,False,False
25024086,GR MUL ESTIVAS,2502607,-7.1789629,-38.1484909,False,False,False
25024094,GR MUL JOAO GUILHERME BRASILEIRO,2502607,-7.16649991,-38.15785676,False,False,False
25024108,GR MUL Mª DO SOCORRO M DA COSTA,2502607,-7.1790528,-38.1484643,False,False,False
25024116,GRUPO MUNICIPAL MARGARIDA LEITE BRASILEIRO,2502607,-7.14899314,-38.14318316,False,False,False
25119869,GR MUL MANOEL JACKSON NICACIO ALVES,2502607,-7.175614955,-38.14657568,True,True,True
25065513,ECIT EFIGENIO LEITE,2502706,-6.804656,-35.6031349,False,False,False
25065521,EMEF JOSE AMANCIO RAMALHO,2502706,-6.80621271,-35.59729817,True,True,True
25065556,ESC MUL LEONOR RAMALHO,2502706,-6.80782871,-35.59947734,True,True,False
25065572,ESC MUL SOLON DE LUCENA,2502706,-6.77154208,-35.52859782,True,False,True
25065580,EMEF EDITH RODRIGUES LEITE,2502706,-6.79853376,-35.57223955,True,False,False
25065599,CRECHE CASULO LIVRAMENTO RAMALHO,2502706,-6.80700686,-35.59984718,True,False,False
25065602,ESC MUL RAFAEL DA COSTA MARANHAO,2502706,-6.79177374,-35.63347522,True,True,True
25065670,EMEF JALDETE GUEDES PEREIRA,2502706,-6.80516713,-35.60453028,True,False,True
25115332,EMEF FRANCISCO CARDOSO DA SILVA,2502706,-6.80661843,-35.6062826,True,False,False
25125869,EDUCANDARIO BASTOS LTDA,2502706,-6.807675,-35.60442,True,True,True
25000640,ECIT PROFESSOR JOSE OLIMPIO MAIA,2502805,-6.3492785,-37.4998924,False,True,False
25000659,EEEM ANTONIO GOMES,2502805,-6.3488197,-37.4969651,True,True,False
25000691,E M E F PROFESSORA TEREZINHA GARCIA PEREIRA,2502805,-6.349333781,-37.49412192,True,True,True
25000748,E M E F ANTONIO MAIA NOBRE,2502805,-6.381130575,-37.58557553,False,False,False
25000780,E M E F CONEGO SANDOVAL,2502805,-6.344262442,-37.50188904,True,True,True
25001027,E M E F FRANCISCA GOMES BATISTA,2502805,-6.342344017,-37.49471378,True,False,True
25001035,E M E F FRANCISCO TARGINO DA SILVA,2502805,-6.338453,-37.54636,False,False,False
25001043,E M E F JOAO TARGINO DA SILVA,2502805,-6.371005958,-37.57763959,True,False,True
25001051,E M E F JOAQUINA IZABEL LINHARES,2502805,-6.294438467,-37.47441846,False,False,True
25001060,E M E F JOSE CASSIMIRO FILHO,2502805,-6.387305,-37.43729,False,False,False
25001078,E M E F JOSUE ALVES DE AZEVEDO,2502805,-6.336487982,-37.50149066,True,True,False
25001108,E M E F PROFESSOR MANOEL TORRES,2502805,-6.350354329,-37.50549182,True,True,True
25001183,E M E F SEVERINO FERREIRA DE LIMA,2502805,-6.390237841,-37.46035897,True,True,True
25001191,E M E F ABDON DA CUNHA LIMA,2502805,-6.267556284,-37.52679482,False,False,False
25001205,E M E F BENTO FERREIRA DE ALENCAR,2502805,-6.369336378,-37.48318551,False,False,False
25001248,E M E F MARIA DE LOURDES GARCIA,2502805,-6.36735075,-37.41349379,False,False,True
25001418,E M E F MOISES FENANDES BEZERRA,2502805,-6.3375042,-37.5464813,False,False,True
25102197,ELZIMAR OLIVEIRA FERNANDES ME,2502805,-6.3458613,-37.5003482,True,True,False
25110837,CRECHE NOSSA SENHORA DOS MILAGRES,2502805,-6.336997006,-37.5027973,True,True,True
25118609,E M E F LINO DANTAS,2502805,-6.304845159,-37.49259982,True,True,True
25001469,EMEF ELIZIARIO LUIZ DA COSTA,2502904,-6.374836802,-37.82924068,True,True,True
25001477,ECI PROFESSORA DIVA GUEDES DE ARAUJO,2502904,-6.3772528,-37.8232727,True,True,False
25001493,EMEF ARAO TEODOMIRO DE SOUSA,2502904,-6.376574999,-37.82063666,True,True,True
25001590,CRECHE ODAILMA BATISTA DE ASSIS,2502904,-6.376200621,-37.82597333,True,True,True
25001655,EMEF LUCAS FERREIRA DE ANDRADE,2502904,-6.384701757,-37.82500723,True,True,True
25001698,EMEF MANOEL ADELINO,2502904,-6.349272174,-37.81143327,True,True,True
25001710,EMEF SERAFIM BALTAZAR,2502904,-6.429465777,-37.82035773,True,False,False
25100440,CRECHE MUN PROFESSORA DINAMERICA ALMEIDA BARBOSA,2503001,-7.51271141,-34.92464363,False,True,True
25100475,EMEFM ADAUTO VIANA,2503001,-7.51637659,-34.90818599,True,True,True
25100491,ESCOLA MUN ANTONIO GALDINO,2503001,-7.50678982,-34.94564362,True,False,True
25100505,ESCOLA MUNICIPAL ANTONIO VELOSO,2503001,-7.52220731,-34.91557987,True,True,True
25100513,ESCOLA MUN ARLETE ALVES DE LIMA,2503001,-7.50085702,-34.98248355,True,True,False
25100530,ESCOLA MUN ENEAS POSSIDONIO,2503001,-7.51163243,-34.87895242,False,True,True
25100548,ESCOLA MUN EPITACIO PESSOA,2503001,-7.5097437,-34.92971272,True,True,False
25100564,ESCOLA MUN JOSE MARIA BANDEIRA,2503001,-7.50077042,-34.95793792,True,False,True
25100599,ESCOLA MUN MARIA HOLANDA,2503001,-7.51445935,-34.91618318,False,False,False
25100629,ESCOLA MUN SEVERINA HELENA DOS SANTOS VELOSO,2503001,-7.51314326,-34.91844047,True,True,True
25115316,EMEF PROFª RITA ARAUJO DA SILVA,2503001,-7.51511502,-34.91473548,True,True,True
25120751,ECIT AURICELIA MARIA DA COSTA,2503001,-7.52120282,-34.91312084,False,True,False
25121340,INSTITUTO EDUCACIONAL ARCO IRIS,2503001,-7.5133027,-34.92158261,False,True,False
25126946,COLEGIO SANTOS NAZARIO,2503001,-7.5133956,-34.92158319,True,True,False
25132156,EMEF VEREADOR MANOEL RICARDO DE ALBUQUERQUE,2503001,-7.51142834,-34.92528224,True,True,True
25255924,EMEF PROF EUNICE NAZARIO DE OLIVEIRA,2503001,-7.519303333,-34.92304333,True,True,True
25100556,ESCOLA MUN HERMELICIA COELHO,2503001,-7.46466,-34.92153833,True,True,False
25100572,ESCOLA MUN MARIA DO CARMO RODRIGUES,2503001,-7.47980871,-34.95097269,False,False,False
25100580,ESCOLA MUN MARIA EMILIA VALENCA,2503001,-7.46592142,-34.91698297,True,True,True
25100602,ESCOLA MUN MUITOS RIOS,2503001,-7.515687458,-34.91713283,True,True,True
25112830,CRECHE MUNICIPAL MAE DOM,2503001,-7.51563376,-34.91720075,False,False,False
25116622,CRECHE MUNICIPAL MUITOS RIOS,2503001,-7.461927314,-34.90023231,True,False,False
25132423,EMEF VEREADOR DORGIVAL SILVINO DA SILVEIRA,2503001,-7.464281667,-34.92327,True,True,True
25053124,ECIT ALCIDES BEZERRA,2503100,-7.447643797,-36.40836099,False,False,False
25053230,EMEF INACIO GOMES MEIRA,2503100,-7.41514235,-36.36340773,True,True,True
25053400,ESCOLA MUNICIPAL DE ENSINO FUNDAMENTAL MARIA NEULY DOURADO,2503100,-7.49278154,-36.2866735,True,True,True
25114093,EMEF ABDIAS AIRES DE QUEIROZ,2503100,-7.49213578,-36.2889725,True,True,False
25122100,EMEF JOAO FRANCISCO DA MOTTA,2503100,-7.39982307,-36.22613679,True,True,True
25091549,ECIT JOSE GUEDES CAVALCANTE,2503209,-6.97931568,-34.83214249,False,False,False
25091565,EEEF AUGUSTO SEVERO,2503209,-7.035921,-34.85408,False,False,False
25091573,EEEFM JOAO XXIII,2503209,-6.987172379,-34.82990948,False,False,False
25091603,EEEM PEDRO AMERICO,2503209,-6.97371683,-34.83243737,True,True,False
25091611,EEEM PROFESSOR PEDRO ANIBAL MOURA,2503209,-6.9672134,-34.8318038,False,False,False
25091620,ECIT ABREU E LIMA,2503209,-7.07558482,-34.85156329,False,False,False
25091638,ECI IMACULADA CONCEICAO,2503209,-7.0297464,-34.8464451,False,False,False
25091646,EEEF PADRE ANTONIO VIEIRA,2503209,-7.0939459,-34.8564369,False,False,False
25091654,EEEF SAO JUDAS TADEU,2503209,-7.001531,-34.83103,True,True,False
25091662,ESC MUL ADJUTO CARLOS DE MORAIS,2503209,-7.020156,-34.83774,False,True,False
25091670,ESC MUL AGRIPINO JOSE DE MORAES,2503209,-6.989277,-34.83299,True,True,False
25091689,ESC MUL ANTONIO VIANA DA SILVA,2503209,-6.968921,-34.83116,False,True,False
25091697,ESC MUN DAMASIO FRANCA DE MACEDO,2503209,-6.967659,-34.83525,False,True,False
25091727,ESC MUL JOAO ROBERTO B DE SOUZA,2503209,-6.981821,-34.83108,False,True,False
25091735,ESCOLA MUNICIPAL MAJOR ADOLFO PEREIRA MAIA,2503209,-6.975933,-34.82973,False,True,True
25091751,ESCOLA MUNICIPAL MARIA PESSOA CAVALCANTI,2503209,-6.972935,-34.8373,True,True,True
25091760,ESC MUL PAULINO SIQUEIRA,2503209,-6.980901,-34.83355,True,True,True
25091794,ESC MUL VEREADOR PEDRO AMERICO DA SILVA,2503209,-7.03664,-34.85074,True,True,False
25107291,CRECHE SANTA CATARINA,2503209,-6.994205,-34.83285,False,False,False
25107925,ESC MUL PROFª ELIZABETH FERREIRA DA SILVA,2503209,-7.076756,-34.85005,True,True,True
25117122,CENTRO INTEGRADO DE EDUCACAO INFANTIL,2503209,-6.974467,-34.83355,False,False,False
25119656,CRECHE ADAMO KLINGER DE CASTRO FRUTUOSO,2503209,-7.020062,-34.83485,False,False,False
25119990,CRECHE SANTA BARBARA,2503209,-7.072061,-34.84827,True,False,False
25122754,CRECHE MUNICIPAL PEQUENO PRINCIPE,2503209,-6.971299,-34.83775,False,False,False
25125516,ESCOLA MUNICIPAL SILVANA OLIVEIRA PONTES,2503209,-6.973113,-34.83754,True,True,False
25125664,CENTRO INTEGRADO IMACULADA CONCEICAO,2503209,-6.98092,-34.83015,True,True,False
25128370,IFPB - CAMPUS CABEDELO CENTRO,2503209,-6.9729009,-34.83291692,True,True,True
25242920,CRECHE JOSEFA DE MEDEIROS REGIS,2503209,-7.076049,-34.85009,True,False,True
25282921,IFPB - CAMPUS CABEDELO,2503209,-7.004212,-34.83432,True,True,True
25007092,ECI PROFESSOR ADALBERTO DE SOUSA OLIVEIRA,2503308,-6.925675361,-38.67324494,True,True,True
25007246,EMEIF LINDALVA CLAUDINO MARTINS,2503308,-6.9604002,-38.7204021,True,False,False
25007327,EMEIEF MARIA CANDIDO DE OLIVEIRA,2503308,-6.923831667,-38.67485,True,True,True
25007394,EMEIF JOAO IZIDRO DE SOUZA,2503308,-6.984903,-38.65965793,True,True,False
25117696,CRECHE IRMA NIRVANDA,2503308,-6.92347764,-38.67417794,True,True,False
25127004,ESCOLA DE ENSINO INFANTIL E ENSINO FUNDAMENTAL PEQUENO APRENDIZ,2503308,-6.9277035,-38.6776668,True,True,True
25007483,EMEIEF DANIEL GONCALVES LUSTOSA,2503308,-7.03025925,-38.67542112,True,True,False
25019813,ECI ALDO SATIRO XAVIER,2503407,-7.1281887,-37.1564679,False,False,False
25019864,GRUPO ESCOLAR ABILIO FERREIRA CAMPOS,2503407,-7.1283891,-37.156207,False,False,False
25020013,ESCOLA MUNICIPAL DE ENSINO FUNDAMENTAL E MEDIO DONA CAPITULINA SATIRO,2503407,-7.1275209,-37.1571911,False,False,False
25059610,EEEF PERILO DE OLIVEIRA,2503506,-6.6424985,-35.7930763,False,False,False
25059629,ECI HUMBERTO LUCENA,2503506,-6.6468717,-35.7882333,True,True,True
25059670,EMEF ANTONIO FELIX DE LIMA,2503506,-6.607214841,-35.81003794,True,False,True
25059696,EMEF BENEDITO DITOSO DE LIMA,2503506,-6.6565598,-35.7701134,False,False,False
25059726,EMEF GERONCIO MARQUES DE MELO,2503506,-6.679417519,-35.8511366,True,False,False
25059769,EMEF LUIS MANOEL DA SILVA,2503506,-6.5792459,-35.848274,True,False,False
25059777,EMEF MANOEL JOSE DA CUNHA,2503506,-6.6307859,-35.8524835,True,False,False
25059793,EMEF ODILON EDISIO LIMA,2503506,-6.639521755,-35.79364244,True,False,True
25059807,EMEF SEVERINO LOURENCO,2503506,-6.604829771,-35.85532679,False,False,False
25059823,EMEF JOSE JOAQUIM DO NASCIMENTO,2503506,-6.5881172,-35.8169884,True,False,False
25059840,EMEF SENADOR RUY CARNEIRO,2503506,-6.5810084,-35.8193597,True,False,False
25059858,EMEF BARREIROS II,2503506,-6.5987056,-35.7991814,False,False,False
25059874,EMEF HIGINO FERNANDES DE LINHARES,2503506,-6.6072313,-35.8101117,True,False,False
25059882,EMEF ARNOUD DANTAS DO NASCIMENTO,2503506,-6.640642374,-35.79564052,True,True,False
25059920,EMEF PEDRO GOMES DE ALMEIDA,2503506,-6.599862,-35.7801426,True,False,False
25059939,EMEF BASILIO TRINDADE DE SENA,2503506,-6.648816909,-35.8054807,True,False,False
25059947,EMEF DE MIUM,2503506,-6.6229975,-35.7764394,True,False,False
25059971,EMEI MANUEL BENEVENUTO,2503506,-6.6422503,-35.7934316,True,True,True
25059980,EMEF PRES JOSE SARNEY,2503506,-6.581417564,-35.84440626,False,True,True
25113003,ESCOLA SAO BENTO,2503506,-6.6413239,-35.7926697,True,True,True
25113267,INSTITUTO OASIS,2503506,-6.637801667,-35.79447667,True,False,False
25116096,EMEF ANTONIO GOMES DE SOUSA,2503506,-6.6382381,-35.7926644,True,True,False
25116100,EMEF BENJAMIM GOMES MARANHAO,2503506,-6.64227,-35.790594,True,False,False
25120301,EMEF MARIA APARECIDA GOMES DE SOUSA,2503506,-6.6382584,-35.7928165,True,True,True
25122240,APAE-ASSOCIACAO DE PAIS E AMIGOS DOS EXCEPCIONAIS,2503506,-6.637835,-35.79281167,True,True,True
25122908,EEEM PEDRO TARGINO DA COSTA MOREIRA,2503506,-6.639261,-35.7964516,False,False,False
25126776,EMEF POETA RONALDO CUNHA LIMA,2503506,-6.6455494,-35.7861974,False,False,False
25127543,CRECHE DEPUTADO VITAL DO REGO,2503506,-6.6476659,-35.7957423,True,False,False
25214802,CRECHE MARIA APARECIDA GOMES DE SOUSA,2503506,-6.581195234,-35.84556783,True,False,True
25033794,ECIT PEDRO TERTO DA CUNHA,2503555,-7.2093126,-37.057495,True,False,False
25033883,EMEF JOAQUIM CASSIANO ALVES,2503555,-7.2115296,-37.0561396,False,False,False
25033930,EMEIEF MANOEL ALEXANDRE ARAUJO,2503555,-7.2115024,-37.0561091,False,False,False
25033948,EMEF VEREADOR MANOEL DE ALMEIDA,2503555,-7.2114925,-37.0561056,True,True,False
25034022,EMEIF AGOSTINHO JUSTO DE SOUZA,2503555,-7.2115289,-37.0561416,True,False,False
25034065,EMEIEF JOAO HELENO DE MARIA,2503555,-7.2115293,-37.0561412,True,False,False
25034103,EMEIEF RAIMUNDO PEREIRA,2503555,-7.2115313,-37.0560896,True,False,True
25034111,EMEF TERTULINO CUNHA,2503555,-7.2115005,-37.056115,True,True,False
25034154,CENTRO DE EDUC INF PROFª RINALDA PAZ DA SILVA,2503555,-7.211512,-37.0561286,True,False,True
25034170,CEI FRANCISCA MARIA DA SILVA,2503555,-7.2136426,-37.0585906,False,False,False
25106813,EMEF GABRIEL ALVES TEIXEIRA,2503555,-7.2115105,-37.0561555,True,False,True
25067460,ECIT PROFESSORA MARIA GERTRUDES DE CARVALHO NEVES,2503605,-6.62002806,-35.47530761,True,True,False
25067478,EEEF DOUTOR JOAO SOARES,2503605,-6.614912,-35.46865,False,False,False
25067575,EMEF JOAO ALVES DE CARVALHO,2503605,-6.61502691,-35.46942163,True,True,True
25067613,EMEF PEDRO PEREIRA DA SILVA,2503605,-6.642812993,-35.41847432,False,False,False
25067664,EMEF MARGARIDA FERNANDES DE OLIVEIRA,2503605,-6.629065163,-35.37204511,True,False,False
25067702,CRECHE MARIA JUVENTINA COSTA DE OLIVEIRA,2503605,-6.61784036,-35.4722357,True,True,False
25107240,PRE-ESCOLAR MUNICIPAL TIO PATINHAS,2503605,-6.61449814,-35.46843952,False,False,False
25110322,EMEF SEMEAO FERREIRA DA COSTA,2503605,-6.617193581,-35.33732576,True,False,False
25116126,EMEF MARIA EUDESIA DE CARVALHO,2503605,-6.617404846,-35.47017147,True,True,True
25121936,EMEF OLIVINA CARVALHO DE QUEIROZ,2503605,-6.619730657,-35.47266768,True,True,False
25007556,COLEGIO NOSSA SRª DE LOURDES,2503704,-6.885489,-38.5608,True,True,False
25007580,COLEGIO ALTERNATIVO MASTER,2503704,-6.890414,-38.55512,True,True,False
25007602,EEIFM ARCO IRIS,2503704,-6.882926,-38.56168,True,True,True
25007718,EEEFM PROFESSOR MANOEL MANGUEIRA LIMA,2503704,-6.877794997,-38.56814819,True,False,True
25007726,ECI PROFESSOR CRISPIM COELHO,2503704,-6.89083369,-38.56855467,True,True,False
25007742,EEEFM DOM MOISES COELHO,2503704,-6.890762182,-38.56160887,True,True,True
25007750,EMEIEF DESEMBARGADOR BOTO DE MENEZES,2503704,-6.89143931,-38.56168533,True,False,False
25007777,EMEIEF CEL JOAQUIM MATOS,2503704,-6.8921359,-38.5464014,True,False,False
25007785,ECIT CRISTIANO CARTAXO,2503704,-6.8916698,-38.5466218,True,True,False
25007807,EMEIEF JOAQUIM VICTOR JUREMA,2503704,-6.89532379,-38.56094884,False,False,True
25007840,EEEF MONSENHOR JOAO MILANES,2503704,-6.889908333,-38.55756167,True,True,False
25007882,EEEF SINHAZINHA RAMALHO,2503704,-6.8755062,-38.56772376,False,False,False
25007904,EEEM MONSENHOR CONSTANTINO VIEIRA,2503704,-6.8870657,-38.5584065,True,False,False
25007998,EMEIEF ANTONIO DE SOUSA DIAS,2503704,-6.98062,-38.58289167,True,True,False
25008005,EMEIEF GABRIEL LUCINDO PEREIRA,2503704,-6.97971389,-38.62582874,False,False,False
25008030,EMEIEF FRANCISCO ARCANJO DE ALBUQUERQUE,2503704,-6.96523524,-38.48084672,False,False,False
25008137,EMEIEF AUGUSTO BERNARDINO DE SOUZA,2503704,-6.813292145,-38.51325947,True,True,True
25008145,EMEIEF CAROLINO DE SOUSA NETO,2503704,-6.86770927,-38.42744076,False,False,True
25008153,EMEIEF CECILIA ESTOLANO MEIRELES,2503704,-6.87191631,-38.56045299,True,True,False
25008188,EMEIEF COSTA E SILVA,2503704,-6.88910874,-38.5473985,True,True,False
25008293,EMEIEF JOAO FRANCISCO DE SOUZA,2503704,-7.0126226,-38.62049896,False,False,False
25008340,EMEIEF JOSE COSMO DE ABREU,2503704,-6.840362,-38.43621,True,False,False
25008374,EMEIEF JOSE LEITE ROLIM,2503704,-6.885908,-38.54494,True,True,True
25008382,EMEIEF JOSE MARTINS DE OLIVEIRA,2503704,-6.962228967,-38.5363781,True,True,False
25008412,EMEIEF LUIZ CARTAXO ROLIM,2503704,-6.89401366,-38.55716283,True,True,True
25008439,EMEIEF MANOEL GONCALVES DA SILVA,2503704,-6.8523069,-38.48455616,True,True,False
25008480,EMEIEF MATIAS DUARTE ROLIM,2503704,-6.89212398,-38.5757548,True,True,False
25008510,EMEIEF CRISPIM COELHO,2503704,-6.8927757,-38.565123,True,True,True
25008846,EMEIEF MARIA GUIMARAES COELHO,2503704,-6.894558755,-38.56884553,True,True,True
25008927,ESCOLA MUNDO INFANTIL,2503704,-6.8914312,-38.5686973,True,True,False
25008935,ESCOLA VITORIA-REGIA,2503704,-6.8913153,-38.5654923,True,True,True
25008951,ESCOLA PROFISSIONAL MONTE CARMELO,2503704,-6.89305996,-38.55819561,True,True,False
25008978,IFPB - CAMPUS CAJAZEIRAS,2503704,-6.88966637,-38.5447481,True,True,False
25009001,EMEIEF VITORIA BEZERRA,2503704,-6.87763084,-38.56378802,True,True,True
25009028,EMEIEF GALDINO PIRES FERREIRA,2503704,-6.89499756,-38.56517604,True,False,False
25009087,UFCG - ESCOLA TECNICA DE SAUDE DE CAJAZEIRAS,2503704,-6.872453665,-38.5574625,True,True,False
25009141,EMEIEF JOSE ANTONIO DO NASCIMENTO,2503704,-6.88220461,-38.49256292,False,False,False
25106139,EMEIEF ANTONIO TABOSA RODRIGUES - CAIC,2503704,-6.88323701,-38.56720969,False,True,True
25112023,ESCOLA CHAPEUZINHO VERMELHO,2503704,-6.878165,-38.56591,True,False,False
25114018,EMEIEF IRMA NIRVANDA LEITE ROLIM,2503704,-6.90387154,-38.57259308,True,True,False
25117360,ESCOLA MENINO MALUQUINHO,2503704,-6.876528,-38.568,False,False,False
25117424,ESCOLA SORRISO INFANTIL,2503704,-6.879494,-38.56613,True,False,True
25119494,DEFINICAO COLEGIO E CURSO,2503704,-6.8908734,-38.5529701,True,True,True
25119508,CENTRO EDUCACIONAL IMACULADA CONCEICAO,2503704,-6.892397,-38.5606,False,False,False
25122924,CRECHE NOSSA SENHORA DA PIEDADE,2503704,-6.901059096,-38.56493572,True,False,False
25125702,INSTITUTO EDUCACIONAL NOSSA SENHORA DE FATIMA,2503704,-6.886446,-38.55534,True,False,False
25126431,SESC CAJAZEIRAS,2503704,-6.898222449,-38.57085379,True,True,False
25127969,CRECHE SAO JOSE,2503704,-6.882929415,-38.5672665,True,False,True
25128680,CRECHE SANTA TEREZINHA DO MENINO JESUS,2503704,-6.883242689,-38.54082336,True,True,False
25129295,ECIT PROFESSORA NICEA CLAUDINO PINHEIRO,2503704,-6.9023195,-38.5585638,True,True,True
25129821,COLEGIO E CURSO MULTIPLA ESCOLHA,2503704,-6.8791934,-38.5641111,False,False,False
25133179,CRECHE NOSSA SENHORA DOS REMEDIOS,2503704,-6.892925425,-38.5751305,False,False,False
25301950,EDUCANDARIO SONHO MEU,2503704,-6.894365,-38.55837,False,False,False
25009150,EMEIEF JOSE ANTONIO DIAS,2503704,-6.976106609,-38.45067245,True,True,True
25111272,CRECHE FRANCISCA LEANDRO DE SOUSA,2503704,-6.977434,-38.45065,True,False,True
25016059,ECI MARIA SOLEDADE ASSIS FREITAS,2503753,-6.9649252,-37.7999719,True,True,True
25016326,ESCOLA MUN DEP JANDUHY CARNEIRO,2503753,-6.970295,-37.8225078,True,True,True
25016474,EMEF JOAQUIM MINERVINO DE ALMEIDA,2503753,-6.9194525,-37.8738674,False,False,False
25016504,EMEF MANOEL ELIZEU DE ALMEIDA,2503753,-6.9617441,-37.7989206,False,False,False
25016652,EMEF ANTONIO RODRIGUES DE SOUSA,2503753,-6.942678,-37.812166,False,False,False
25016938,EMEF ROSA ALVES DA NOBREGA,2503753,-6.9703908,-37.8223842,False,False,False
25106902,EMEF FRANCISCO ALVES DE LIMA,2503753,-6.8859451,-37.8359057,False,False,False
25106937,EMEF AURELIANO ANDRADE DA SILVA,2503753,-6.9616947,-37.7987554,False,False,False
25106988,EMEF ANTONIO PEREIRA DA COSTA,2503753,-6.9617048,-37.7987691,False,False,False
25109014,CRECHE MUNICIPAL REINO DA FELICIDADE MAE LINDALVA,2503753,-6.9553812,-37.7985867,True,True,True
25080261,ECI MANOEL AVELINO PAIVA,2503803,-7.168696,-35.3502552,True,True,False
25080270,EEEM DE CALDAS BRANDAO,2503803,-7.1034538,-35.3246121,False,False,False
25080296,ESC MUL EIF CONEGO JOSE MARIA MESQUITA,2503803,-7.16756591,-35.35081686,True,True,True
25080318,ESC MUL MARIA DA PENHA DE P SILVA,2503803,-7.14487866,-35.34753089,True,False,True
25080326,EMEIF MARIA VIEGAS DE PAIVA,2503803,-7.10374565,-35.32581585,True,True,True
25080350,ESC MUL APRIGIO PIMENTEL DE ATAIDE,2503803,-7.18492328,-35.34665359,True,True,True
25080385,EM VIRGILIA CORDEIRO GUEDES,2503803,-7.1716169,-35.3388776,True,True,True
25129228,EMEF NELSON CLEMENS CORDEIRO GUEDES,2503803,-7.17081738,-35.3386564,True,True,True
25153803,ESCOLINHA BRANCA DE NEVE,2503803,-7.16727998,-35.34939995,False,False,True
25154206,ESCOLINHA ALEGRIA DO SABER,2503803,-7.16458739,-35.34837732,True,False,True
25285939,CENTRO EDUCACIONAL IRMA DULCE,2503803,-7.1682378,-35.35037398,False,False,True
25044362,ECIT PEDRO BEZERRA FILHO,2503902,-7.886786502,-36.82269526,True,True,False
25044486,EMEF FRANCISCO CHAVES VENTURA,2503902,-7.89188368,-36.82369366,True,True,True
25044494,GR ESC ANTONIO ALVES FEITOSA,2503902,-7.847260652,-36.77943074,False,False,False
25044567,GR ESC LUCIANA L DE SOUZA,2503902,-7.9377103,-36.7880358,True,False,False
25044630,GR ESC SEBASTIANA LAFAYETE,2503902,-7.9378438,-36.7880152,True,False,False
25044680,GR ESC JOANA DA COSTA FIRMO,2503902,-7.939878315,-36.90034627,True,True,False
25104314,CRECHE LAR DA CRIANCA,2503902,-7.889491908,-36.82441659,False,False,False
25129546,CENTRO EDUCACIONAL PROFESSORA ODETE MACIEL FIRMO,2503902,-7.895135304,-36.82890999,False,False,False
25044737,GR ESC SEVERINO LUCAS DA SILVA,2503902,-7.911311205,-36.60460194,False,False,False
25070703,EEEFM JOSE JOFILLY,2504009,-7.245217524,-35.91762319,True,False,False
25070711,CASA DA CRIANCA DR JOAO MOURA,2504009,-7.22552813,-35.88857064,True,False,True
25070720,EMEIF CEAI GOV ANTONIO MARIZ,2504009,-7.257071667,-35.90549667,True,True,False
25070789,EMEIF CEAI DR ELPIDIO DE ALMEIDA,2504009,-7.2272897,-35.9255988,True,True,False
25070835,CENTRO EDUC BANDEIRANTES,2504009,-7.207062,-35.87897,False,False,False
25071009,CIE CENTRO INTERATIVO DE ENSINO LTDA,2504009,-7.220385,-35.87944333,True,True,True
25071068,COLEGIO DJANIRA TAVARES,2504009,-7.25044279,-35.90478722,True,False,True
25071106,COLEGIO IMACULADA CONCEICAO,2504009,-7.2196819,-35.8855958,True,True,True
25071122,COLEGIO PADRE ANCHIETA LTDA,2504009,-7.226581042,-35.90546875,False,True,False
25071157,CM IZAURA GOMES DE FARIAS,2504009,-7.228390558,-35.89419361,True,False,False
25071165,CM AMENAIDE SANTOS,2504009,-7.2341624,-35.9028425,False,False,False
25071173,CM ANA PAULA,2504009,-7.235160686,-35.8878708,True,False,False
25071181,CRECHE MUNICIPAL ANITA CABRAL,2504009,-7.24583401,-35.92253735,False,False,False
25071190,CM BEATRIZ HAMAD GOMES,2504009,-7.20555,-35.90290167,True,True,False
25071203,CM COTINHA CARVALHO,2504009,-7.221739981,-35.90870543,False,False,False
25071211,CM ELZA ALMEIDA,2504009,-7.218905,-35.865745,False,False,False
25071220,CM FELIX ARAUJO,2504009,-7.22393703,-35.88864009,True,True,False
25071254,CM LENISE MEDEIROS,2504009,-7.232794371,-35.92684194,False,False,False
25071262,CM LOURDES LOUREIRO,2504009,-7.248628333,-35.90036333,False,True,True
25071289,CM BERCARIO MARIA AMELIA,2504009,-7.2409041,-35.9263268,False,False,False
25071297,CM MARIA CECI,2504009,-7.20736703,-35.88613798,False,False,False
25071319,CM MARIA TEREZA NEPOMUCENO,2504009,-7.2121017,-35.8982839,False,True,False
25071327,CM NENZINHA CUNHA LIMA,2504009,-7.253567199,-35.91121757,False,False,False
25071335,CM SEVERINO CABRAL,2504009,-7.2425554,-35.9235556,False,True,True
25071343,CM SINHAZINHA CELINO,2504009,-7.273724671,-35.91696228,True,True,True
25071351,CM SORAYA MAGNOLIA,2504009,-7.2330863,-35.8933973,True,True,True
25071360,CM TEREZA GIOIA,2504009,-7.2339867,-35.8735035,True,False,False
25071378,CM VANIA FIGUEIREDO,2504009,-7.25030152,-35.8852959,True,True,False
25071386,CM ZEFERINA GAUDENCIO,2504009,-7.23374307,-35.87769052,True,False,False
25071416,COLEGIO MODELO TRADICAO LTDA ME,2504009,-7.24060554,-35.89718729,False,False,False
25071440,EDUCANDARIO DANTAS LTDA,2504009,-7.24883804,-35.92182098,True,True,False
25071491,COLEGIO ROSA MISTICA,2504009,-7.233385,-35.90169,True,True,True
25071513,COLEGIO WALFREDO SIQUEIRA LUNA,2504009,-7.24730261,-35.92189883,True,True,True
25071521,FRIDESTILMA DA SILVA SANTOS,2504009,-7.24902593,-35.89639204,True,True,True
25071564,ESCOLA AQUARELA,2504009,-7.214491186,-35.88070049,True,True,True
25071580,ESCOLA ARCO IRIS DO SABER,2504009,-7.224759939,-35.87205171,True,False,False
25071696,INST EDUC SANTA RITA DE CASSIA,2504009,-7.23914114,-35.89099702,True,True,False
25071858,MARIA DE LOURDES SARAIVA DO NASCIMENTO,2504009,-7.24529782,-35.90644943,True,True,True
25071866,ESCOLA DE 1O GRAU PETRONIO FIGUEIREDO LTDA,2504009,-7.235559309,-35.89357275,True,True,True
25071904,ESCOLA ESPACO CRIADOR,2504009,-7.224611,-35.91754,True,True,False
25071939,ECI AUDIOCOMUNICACAO DE CAMPINA GRANDE DEMOSTENES CUNHA LIMA,2504009,-7.24106002,-35.87062147,True,False,False
25072005,EEEFM ADEMAR VELOSO SILVEIRA,2504009,-7.217903,-35.91537,True,True,False
25072013,ECIT PROFESSOR RAUL CORDULA,2504009,-7.2522947,-35.90650095,True,False,False
25072021,EEEFM SENADOR ARGEMIRO DE FIGUEIREDO,2504009,-7.238583919,-35.87544805,True,False,False
25072030,ECIT NENZINHA CUNHA LIMA,2504009,-7.230401,-35.86651,True,False,False
25072056,EEEFM POETA CARLOS DRUMOND DE ANDRADE,2504009,-7.231695838,-35.92770176,True,False,False
25072064,EEEFM MARIA AUGUSTA LUCENA BRITO,2504009,-7.254715441,-35.96546205,True,True,True
25072080,EEEFM NINA ALVES DE LIMA,2504009,-7.21283,-35.89805,True,False,False
25072099,ECI ASSIS CHATEAUBRIAND,2504009,-7.21639734,-35.86787026,False,False,False
25072102,ECI DEPUTADO ALVARO GAUDENCIO DE QUEIROZ,2504009,-7.245606361,-35.92163284,True,False,False
25072110,ECI FELIX ARAUJO,2504009,-7.24288145,-35.89412719,True,False,False
25072129,EEEFM SAO SEBASTIAO,2504009,-7.211707022,-35.88010874,True,False,False
25072137,ECIT PROFESSOR ANESIO LEAO,2504009,-7.19902859,-35.89540554,True,True,False
25072145,EEEFM DOM LUIZ GONZAGA FERNANDES,2504009,-7.24154382,-35.92635487,True,True,False
25072153,ECIT SEVERINO CABRAL,2504009,-7.226313659,-35.91882843,True,False,False
25072161,EEEF NOSSA SENHORA DO ROSARIO,2504009,-7.221423187,-35.89524142,True,False,False
25072170,EMEF ADV OTAVIO AMORIM,2504009,-7.233816667,-35.92348833,True,True,True
25072196,EEEF ANTONIO VICENTE,2504009,-7.2231803,-35.8715905,True,False,False
25072200,EEEF AUGUSTO DOS ANJOS,2504009,-7.233098333,-35.88736,False,False,False
25072218,EEEFM CLEMENTINO PROCOPIO,2504009,-7.225129,-35.89035,True,False,False
25072226,EEEF DE APLICACAO,2504009,-7.230826803,-35.8736866,True,False,False
25072234,EEEFM MONTE SANTO,2504009,-7.211384,-35.90045,True,False,False
25072242,EEEFM JOSE PINHEIRO,2504009,-7.22180287,-35.86903505,False,False,False
25072277,ECI MONTE CARMELO,2504009,-7.22164071,-35.90327493,True,False,False
25072285,EEEFM MURILO BRAGA,2504009,-7.233091667,-35.89311333,True,False,False
25072307,ECI SOLON DE LUCENA,2504009,-7.215672992,-35.88184403,True,False,False
25072315,EEEF SANTO ANTONIO,2504009,-7.21777,-35.865725,True,False,False
25072340,EEEFM ESCRITOR ALCEU DO AMOROSO LIMA,2504009,-7.24713061,-35.92668378,True,False,True
25072374,EEEF MARIA EMILIA OLIVEIRA DE ALMEIDA,2504009,-7.249903,-35.91124,True,False,False
25072412,ECI VIRGINIUS DA GAMA E MELO,2504009,-7.233548,-35.92699,True,False,False
25072420,ECIT DOUTOR ELPIDIO DE ALMEIDA,2504009,-7.220745,-35.89807667,True,True,False
25072439,ECI HORTENCIO SOUSA RIBEIRO,2504009,-7.23551057,-35.87243033,True,False,False
25072552,EMEIF DR CHATEAUBRIAND,2504009,-7.221757,-35.86814,True,True,True
25072676,ESCOLA MUNDO ENCANTADO,2504009,-7.22107851,-35.86272501,True,True,False
25072684,ESC MUNDO INFANTIL,2504009,-7.22906025,-35.93149812,False,False,False
25072820,EMEIF ROTARY DR FRANCISCO BRASILEIRO,2504009,-7.251768333,-35.83641167,True,True,True
25072870,ESCOLA SANTA TEREZINHA,2504009,-7.247282,-35.92303,True,True,True
25072889,EMEF SANTO ANTONIO 1,2504009,-7.20607412,-35.89450284,False,False,False
25072919,EMEF SEMENTE DE LUZ,2504009,-7.231751843,-35.89541619,False,False,False
25072927,ESCOLA SONHO E REALIDADE,2504009,-7.22108106,-35.86794922,True,False,False
25073567,EMEIF AGEU GENUINO DA SILVA,2504009,-7.21906027,-35.92826621,True,True,True
25073575,EMEIF AMARO DA COSTA BARROS,2504009,-7.2347158,-35.9086416,False,False,False
25073613,EMEIF DR JOSE TAVARES,2504009,-7.21550458,-35.86712847,True,True,False
25073630,EMEIF FERNANDO CUNHA LIMA,2504009,-7.2069327,-35.8965043,True,True,True
25073648,EMEF FREI DAGOBERTO STUCKER,2504009,-7.207502355,-35.88554466,False,False,False
25073656,EMEIF GERIVALDO LUNA DE OLIVEIRA,2504009,-7.19652954,-35.89361714,True,True,True
25073664,EMEIF JOSE GUILHERMINO BARBOSA,2504009,-7.25809238,-35.91254848,True,True,False
25073699,EMEIF LAFAYETE CAVALCANTE,2504009,-7.24225736,-35.92255006,True,True,True
25073710,EMEF LUCIA DE FATIMA GAYOSO MEIRA,2504009,-7.213833416,-35.88315094,True,True,True
25073729,EMEF LUIZ CAMBEBA,2504009,-7.273928225,-35.93038171,True,True,True
25073737,EMEIF LUIZ JOAQUIM AVELINO,2504009,-7.2021833,-35.8992298,True,True,True
25073745,EMEIF MANOEL DA COSTA CIRNE,2504009,-7.2248474,-35.9089011,True,True,False
25073770,EMEIF MARIA JOSE DE CARVALHO DE SOUSA,2504009,-7.23913043,-35.86648509,True,True,False
25073800,EMEF PADRE ANTONINO,2504009,-7.21872339,-35.91535372,True,True,True
25073826,EMEIF PROFA FRANCISCA ZENA BRASILEIRO,2504009,-7.22757135,-35.90923363,True,True,False
25073842,EMEF PROFA MARIA ANUNCIADA BEZERRA,2504009,-7.25371885,-35.92001977,True,True,False
25073850,EMEIF RAIMUNDO ASFORA,2504009,-7.209127313,-35.93297817,False,True,False
25073877,EMEIF RIVANILDO SANDRO ARCOVERDE,2504009,-7.25099155,-35.91105544,True,True,False
25073885,EMEIF SANTO AFONSO,2504009,-7.212299067,-35.89853827,True,True,False
25073907,EMEIF SEVERINO DIONISIO DO NASCIMENTO,2504009,-7.1882508,-35.9184023,False,True,False
25073958,EMEIF PROF JOSE DE ALMEIDA JUNIOR,2504009,-7.22513513,-35.86627521,True,True,True
25073982,EMEIF ALICE GAUDENCIO,2504009,-7.2156106,-35.86933198,True,True,False
25074024,EMEF ALMEIDA BARRETO,2504009,-7.2342908,-35.9080435,False,False,False
25074032,EMEIF ALMIRA DE OLIVEIRA,2504009,-7.217809749,-35.90660057,True,False,False
25074059,EMEIF ANA AZEVEDO,2504009,-7.19588726,-35.87953058,True,True,False
25074075,EMEIF ANESIO LEAO,2504009,-7.221364,-35.86504,True,True,False
25074091,EMEF ANIS TIMANI,2504009,-7.273329925,-35.92343914,True,True,False
25074113,EMEF PROF ANISIO TEIXEIRA,2504009,-7.21023456,-35.89583944,True,True,False
25074148,EMEIF APOLONIA AMORIM,2504009,-7.246341,-35.90936963,True,True,False
25074164,EMEIF AROLDO CRUZ FILHO,2504009,-7.234905772,-35.88621779,True,True,True
25074172,EMEIF CENTENARIO,2504009,-7.23433489,-35.87818978,False,False,False
25074199,EMEIF CICERO VIRGINIO,2504009,-7.21434,-35.92436833,False,False,False
25074229,EMEIF CRISTINA PROCOPIO,2504009,-7.2378207,-35.9030768,True,False,True
25074245,EMEIF DEP PETRONIO FIGUEREDO,2504009,-7.2228899,-35.9096459,True,True,False
25074288,EMEIF DR SEVERINO CRUZ,2504009,-7.2091067,-35.9001367,True,False,True
25074296,EMEIF EPITACIO PESSOA,2504009,-7.2255586,-35.9025737,False,True,True
25074369,EMEIF GRACITA MELO,2504009,-7.23094112,-35.8708597,False,True,True
25074377,EMEIF GUSTAVO ADOLFO CANDIDO ALVES,2504009,-7.24347122,-35.87848405,True,True,True
25074393,EMEIF HELENO HENRIQUES,2504009,-7.2037806,-35.8948209,True,True,False
25074407,EMEF HENRIQUE GUILHERMINO BARBOSA,2504009,-7.27583,-35.914675,False,True,True
25074482,EMEIF JOSE VIRGINIO DE LIMA,2504009,-7.206209027,-35.90226646,True,True,False
25074512,EMEIF JOSELITA BRASILEIRO,2504009,-7.2398169,-35.8644436,True,True,True
25074547,EMEF LILIOSA BARRETO,2504009,-7.21946368,-35.86567855,True,True,False
25074563,EMEIF LINDOLFO MONTENEGRO,2504009,-7.286124414,-35.88930144,True,True,True
25074580,EMEIF LUIS GOMES DA SILVA,2504009,-7.20877554,-35.88417675,False,False,True
25074610,EMEIF MANOEL SABINO DE FARIAS,2504009,-7.199956,-35.83468,False,False,False
25074636,EMEF MARECHAL CANDIDO RONDON,2504009,-7.219056999,-35.92862469,False,False,False
25074644,EMEIF MARIA CANDIDA DE OLIVEIRA,2504009,-7.21922341,-35.86138166,True,True,True
25074695,EMEIF MARIA MINERVINA FIGUEIREDO,2504009,-7.21771,-35.9007117,True,True,True
25074717,EMEIF MARIINHA BORBOREMA,2504009,-7.26111901,-35.92080008,True,True,True
25074733,EMEIF MELO LEITAO,2504009,-7.23269311,-35.89952056,True,True,False
25074741,EMEIF MONSENHOR SALES,2504009,-7.246476667,-35.88716667,True,True,True
25074776,EMEIF PADRE CORNELIO BOER,2504009,-7.24626707,-35.9128278,False,False,False
25074792,EMEIF PADRE EMIDIO VIANA CORREIA,2504009,-7.2057,-35.90112167,True,True,True
25074806,EMEIF POETA ALVARO GUEDES PINHEIRO,2504009,-7.25221744,-35.89488748,True,True,False
25074814,EMEIF PRESIDENTE KENNEDY,2504009,-7.21912,-35.92103167,True,True,False
25074903,EMEIF PROFA NELY DE LIMA E MELO,2504009,-7.20999079,-35.92377697,True,True,False
25074920,EMEF PROFA SELMA AGRA VILARIM,2504009,-7.2487303,-35.8996996,True,True,False
25074938,EMEF PROFA LUZIA DANTAS,2504009,-7.205274,-35.88528,True,False,False
25074962,EMEIF SANDRA CAVALCANTI,2504009,-7.2440495,-35.8743835,True,True,True
25075020,EMEIF STELLITA CRUZ,2504009,-7.244436499,-35.90194174,False,True,True
25075047,EMEF SANTO ANTONIO 2,2504009,-7.187726931,-35.89979631,False,False,False
25075071,EMEF TIRADENTES,2504009,-7.2335787,-35.90302387,True,True,False
25075080,INSTITUTO ANA NERY,2504009,-7.23366937,-35.89016454,True,True,False
25075110,INSTITUTO DE ALFABETIZACAO CAMILO DE LELLIS,2504009,-7.210417371,-35.8863923,True,True,False
25075136,INST CASTELINHO INFANTIL,2504009,-7.2106502,-35.89822565,True,True,True
25075179,IPEN- INST DE PEDAGOGIA NATURAL LTDA,2504009,-7.218828443,-35.89127703,True,True,True
25075209,INST EDUC JOAO PAULO II,2504009,-7.231681667,-35.905925,True,False,False
25075284,INST LINS VASCONCELOS,2504009,-7.223344,-35.89714,True,True,False
25075314,INSTITUTO SILVA MACIEL DE EDUCACAO LTDA - COSMO EDUCACIONAL,2504009,-7.21289329,-35.8984377,True,True,True
25075403,COLEGIO SANTA ANA LTDA,2504009,-7.216637833,-35.8919998,True,True,False
25075462,EMEIF DEZENOVE DE MARCO,2504009,-7.20491,-35.86861,True,True,False
25075500,INST GENTE CRESCENDO,2504009,-7.197955,-35.892175,False,False,False
25075551,INST SANTO ANTONIO,2504009,-7.216339,-35.86903,True,True,True
25075594,INST CRIANCA ESPERANCA,2504009,-7.229164803,-35.92399325,True,True,True
25076183,EMEIF ADALGISA AMORIM,2504009,-7.2535374,-35.9351483,True,True,True
25076400,EEEM PROFESSOR ANTONIO OLIVEIRA,2504009,-7.2399558,-35.91219508,False,True,False
25076582,ECI IRMA JOAQUINA SAMPAIO,2504009,-7.20854794,-35.94704154,True,False,False
25104802,GENILDA GUIMARAES DE OLIVEIRA - ME,2504009,-7.234613076,-35.90929116,True,False,False
25105000,CENTRO EDUCACIONAL FUTURA - CEF,2504009,-7.228496,-35.93007,True,True,True
25107879,CENTRO EDUCACIONAL SANTA CLARA LTDA,2504009,-7.236918057,-35.88226237,True,True,True
25107917,MARIA DE JESUS SOUTO MAIOR PORTO,2504009,-7.247896,-35.88363,True,True,True
25108662,EMEF CEAI DR JOAO PEREIRA DE ASSIS,2504009,-7.22389224,-35.88874276,True,True,True
25110500,ESCOLA MARGARIDA DA MOTA ROCHA,2504009,-7.24022874,-35.87116322,True,True,True
25110705,COLEGIO NOVA VISAO,2504009,-7.23981425,-35.87497919,True,False,False
25111167,INST APRENDENDO E BRINCANDO,2504009,-7.23525076,-35.87560896,True,True,False
25111175,COLEGIO E CURSO CEA,2504009,-7.221371,-35.87961,False,False,False
25111469,CM CARLA MEDEIROS,2504009,-7.22849358,-35.92990668,True,False,False
25111612,ESCOLA ROSA DE SARON,2504009,-7.2414525,-35.90113167,True,True,False
25112961,CM VOVO CLOTILDE,2504009,-7.254776,-35.9257243,False,False,False
25114034,EEEF DOM HELDER CAMARA,2504009,-7.23986165,-35.91023157,True,True,False
25114433,EEEFM SENADOR HUMBERTO LUCENA,2504009,-7.253858333,-35.90432667,True,False,False
25114808,ECI PROFESSOR ITAN PEREIRA,2504009,-7.2173444,-35.92349608,True,False,False
25115154,CM GALDINA BARBOSA SILVEIRA,2504009,-7.18626947,-35.90558818,True,True,False
25116061,JOAQUIM PEREIRA CORDAO - ME,2504009,-7.229233,-35.9343,True,True,False
25117459,ECIT PREFEITO WILLIAMS DE SOUSA ARRUDA,2504009,-7.1853753,-35.9052196,False,False,False
25117688,ECIT IRMA STEFANIE,2504009,-7.255604,-35.9249,True,False,False
25117866,EEEFM POETISA VICENTINA FIGUEIREDO VITAL DO REGO,2504009,-7.20228869,-35.89830751,True,False,False
25117882,EMEF DR WILLIAMS DE SOUZA ARRUDA,2504009,-7.2265013,-35.9288149,True,True,True
25117963,CENTRO CAMPINENSE DE EDUCACAO LTDA COLEGIO MOTIVA,2504009,-7.221093317,-35.88445567,False,False,False
25119532,CM AUREA MOURA RIBEIRO,2504009,-7.2746678,-35.9313714,False,False,False
25119540,CM VOVO ADALGISA CESAR DE ALMEIDA,2504009,-7.227945,-35.95215333,True,True,True
25120107,ORGANIZACAO PAPEL MARCHE - CENTRO DE ATENDIMENTO A PESSOA COM DEFICIENCIA E TRANSTORNOS GLOBAIS,2504009,-7.24558125,-35.90269487,True,True,True
25120646,EMEIF MARIA DAS VITORIAS PIRES UCHOA QUEIROZ,2504009,-7.27421798,-35.93181656,True,True,True
25120670,EEEFM MAJOR VENEZIANO VITAL DO REGO,2504009,-7.27079349,-35.92153755,True,True,False
25121650,CM GALBA FARIAS PIMENTEL,2504009,-7.1933155,-35.891571,True,False,True
25121669,EMEIF CASSIANO PASCOAL PEREIRA,2504009,-7.2411863,-35.894652,False,False,False
25121677,EMEIF MANOEL FRANCISCO DA MOTTA,2504009,-7.21941474,-35.918397,True,True,False
25121685,EMEF ROBERTO SIMONSEN,2504009,-7.227828722,-35.89130159,False,False,False
25122576,EMEIF PAULO FREIRE,2504009,-7.228728333,-35.9469,False,True,True
25122584,ESCOLA NOVO SABER,2504009,-7.25537612,-35.9066659,True,True,False
25123068,ESCOLA FONTE DO SABER,2504009,-7.25449634,-35.90652447,True,True,False
25123076,INSTITUTO BEM ME QUER,2504009,-7.20356172,-35.90019107,False,False,False
25123254,INSTITUTO EDUCACIONAL DOS BAIXINHOS,2504009,-7.23460652,-35.88925834,True,True,False
25123360,CENTRO EDUCACIONAL EXODO,2504009,-7.24295291,-35.89653522,True,True,False
25123629,ESCOLA MONTE SINAI,2504009,-7.24930034,-35.91173633,False,False,False
25123661,COLEGIO CPEP,2504009,-7.24775284,-35.92671062,False,False,False
25123670,CENTRO EDUCACIONAL INFANTIL E FUNDAMENTAL BETH SHALOM,2504009,-7.23328554,-35.89051345,True,True,True
25123734,SERVICO SOCIAL DO COMERCIO - SESC CENTRO,2504009,-7.21711139,-35.87709566,True,True,False
25123750,INSTITUTO EDUCACIONAL INFANTIL,2504009,-7.22994035,-35.92808124,True,True,False
25123840,INSTITUTO DE EDUCACAO E ASSISTENCIA AOS CEGOS DO NORDESTE,2504009,-7.235272,-35.88444,True,False,False
25123858,INSTITUTO REINO DA ALEGRIA,2504009,-7.235803333,-35.92647667,True,True,False
25123866,ESC ENS FUND SANTA IZABEL,2504009,-7.22237503,-35.91168896,True,True,False
25123904,COLEGIO GERACAO 2000,2504009,-7.21681219,-35.89959736,True,True,False
25123939,MATERNAL PINGO DE MEL,2504009,-7.226782,-35.89301,True,True,True
25123980,EEIEF ODILON PEREIRA DE MELO BABY DISNEY,2504009,-7.23470174,-35.90692501,True,True,False
25124013,CENTRO DE EDUCACAO PROFISSIONAL STENIO LOPES,2504009,-7.218949,-35.89398,True,True,False
25124021,ESCOLA URSINHO CARINHOSO,2504009,-7.24394409,-35.92894283,True,True,False
25124374,INSTITUTO LIRIO DOS VALES,2504009,-7.228976667,-35.908395,True,True,True
25125222,CM ALCIDE CARTAXO LOUREIRO,2504009,-7.25363038,-35.92556776,True,True,True
25125672,COLEGIO ALICE COUTINHO LTDA,2504009,-7.24906133,-35.92192107,True,True,False
25125770,INSTITUTO MUNDO DOS SONHOS,2504009,-7.227591,-35.95033,True,True,False
25125796,POTENCIAL COLEGIO SERV EDUC NIVEL FUNDAMENTAL LTDA,2504009,-7.226338,-35.89596,True,True,False
25125800,INSTITUICAO ADVENTISTA DE EDUCACAO LESTE BRASILEIRA,2504009,-7.22869995,-35.88045719,True,True,True
25125982,INFOGENIUS ESCOLA TECNICA E PROFISSIONALIZANTE LTDA,2504009,-7.2195777,-35.87466432,False,False,False
25126040,NDI COLEGIO E CURSO LTDA ME,2504009,-7.212413,-35.88444,False,False,False
25126075,CENTRO EDUCACIONAL CORDEL ENCANTADO,2504009,-7.21104883,-35.89446401,True,True,False
25126083,ESCOLA LUZ DO SABER,2504009,-7.250484,-35.90463,True,True,False
25126105,EDUCANDARIO JEOVA GIRE,2504009,-7.205402,-35.87496,True,True,False
25126407,COLEGIO FUNDAMENTO E VIDA,2504009,-7.256025,-35.89093,False,False,False
25126547,ESCOLA ARTE DE APRENDER,2504009,-7.25269734,-35.9248159,True,True,False
25126628,INSTITUTO EDUCACIONAL PEQUENO CIENTISTA,2504009,-7.20654455,-35.89382041,True,True,False
25126660,CENTRO EDUCACIONAL ESTRELINHAS DO FUTURO,2504009,-7.21791,-35.8624049,True,True,False
25126733,ESCOLA EMILIA BARBOSA,2504009,-7.23357175,-35.89693477,True,True,False
25126857,INSTITUTO MEN JESUS,2504009,-7.223066,-35.90569,True,True,False
25127020,ODACY DE ANDRADE FREITAS SILVA,2504009,-7.24885328,-35.9030263,True,True,True
25127160,UNIDADE PEDAGOGICA 16 DE JULHO LTDA,2504009,-7.226607813,-35.87234926,True,True,True
25127187,ESCOLA MUNDO MODERNO LTDA-ME,2504009,-7.24114645,-35.92769226,True,True,False
25127241,INSTITUTO EDUCACIONAL PEQUENO PRINCIPE,2504009,-7.23227029,-35.89930442,True,True,False
25127349,ESPACO DE EDUCACAO PINGO DE GENTE,2504009,-7.22279728,-35.86455591,True,True,False
25127411,COLEGIO CRISPIM ALMEIDA,2504009,-7.23401488,-35.90629301,True,True,False
25128051,ESCOLA FACULDADE DA CRIANCA,2504009,-7.23723056,-35.89182687,True,True,False
25128531,EMEIF PROF ERALDO CESAR DE ARAUJO,2504009,-7.265910599,-35.93166028,True,True,False
25128540,CM WALNYZA BORBOREMA CUNHA LIMA,2504009,-7.268436276,-35.92944352,True,True,True
25128990,CENTRO EDUCACIONAL NOVO TEMPO,2504009,-7.21021808,-35.89766881,True,True,False
25129597,INSTITUTO CORACAO DE MARIA,2504009,-7.22382703,-35.90471616,True,True,False
25129732,CM CELIA MARCIA SANTOS CIRNE,2504009,-7.221161001,-35.86935592,True,True,False
25129945,ESCOLA CRIANCA A CAMINHO DO SABER,2504009,-7.27531986,-35.91046798,False,False,False
25130102,CM MARIA DE LOURDES CAVALCANTE,2504009,-7.269125,-35.922115,False,True,True
25130129,ESCOLA FILHOS DO LEAO,2504009,-7.24642216,-35.9171697,True,True,False
25130137,CM MARIA ALVINA DA SILVA,2504009,-7.233004505,-35.93498731,False,True,True
25130145,CM MARINES ALMEIDA DA SILVA,2504009,-7.25350042,-35.90540509,False,True,True
25130170,COLEGIO TEREZA DOS SANTOS SILVA,2504009,-7.186613333,-35.902335,True,True,True
25130250,INSTITUTO DE EDUCACAO CANTINHO DO SABER,2504009,-7.252489496,-35.88616289,False,False,False
25130331,ECIT PROFESSOR BRAULIO MAIA JUNIOR,2504009,-7.238818333,-35.91696333,True,True,False
25130781,COLEGIO ROSANGELA CAVALCANTI,2504009,-7.262022499,-35.93110943,True,True,True
25130986,MAPLE BEAR,2504009,-7.231640381,-35.86900183,False,True,False
25131176,COLEGIO DE ENSINO FUNDAMENTAL ANDRADE LTDA,2504009,-7.21347526,-35.88806847,True,True,False
25131184,COLEGIO DE EDUCACAO INFANTIL QUEIROZ ANDRADE - EIRELI,2504009,-7.21054786,-35.88513818,True,False,True
25131192,COLEGIO AUTENTICO ENSINO MEDIO - LTDA,2504009,-7.21349883,-35.88555739,True,False,True
25131273,POLYANNA DE LOURDES SARAIVA DO NASCIMENTO,2504009,-7.24530165,-35.90645154,True,True,True
25131303,ESCOLA SEMEAR MONTESSORI,2504009,-7.215318333,-35.87720167,False,False,True
25131338,EMEF ESCRITORA LOURDES RAMALHO,2504009,-7.28980728,-35.88342772,True,True,True
25131346,CM VIRGILIA HENRIQUES DE OLIVEIRA CARLOS,2504009,-7.288850611,-35.88452658,True,True,True
25131354,CM FOLCLORISTA LENIRA RITA GOMES,2504009,-7.296268553,-35.87999658,True,True,True
25131370,EMEF ROMULO JOSE DE GOUVEIA,2504009,-7.293690112,-35.87260609,False,True,True
25131400,CM VER ANTONIO LUIZ CABRAL,2504009,-7.294605,-35.87295167,True,True,True
25132628,CM PROFA GITANA MARIA FIGUEIREDO LIRA,2504009,-7.27378849,-35.91698885,False,True,True
25135805,ANAIZA CLAUDIA COSTA DE ALMEIDA,2504009,-7.24381043,-35.92751977,True,True,True
25137409,IFPB - CAMPUS CAMPINA GRANDE,2504009,-7.239935,-35.91678,True,True,True
25141406,CM ISABELE BARBOSA DA SILVA,2504009,-7.222503698,-35.90423905,True,False,True
25141805,EDUCANDARIO ANJINHO DA GUARDA,2504009,-7.204797,-35.89875,False,False,False
25150200,EMEIF ESTUDANTE LEONARDO VITORINO GUIMARAES,2504009,-7.223203333,-35.904285,True,True,True
25158805,ESCOLA EVOLUCAO INFANTIL,2504009,-7.23017478,-35.93022561,True,True,False
25161814,ESCOLA DE ENSINO F ENENEZER,2504009,-7.25096493,-35.91311735,True,True,False
25162810,ESCOLA JESUS DE NAZARE,2504009,-7.24027086,-35.90808984,True,True,True
25170805,CENTRO DE EDUCACAO E FORMACAO INFANTIL,2504009,-7.22157,-35.87196,True,True,True
25180800,UNIDADE ACADEMICA DE EDUCACAO INFANTIL,2504009,-7.216111,-35.91044,False,False,True
25192809,ESCOLA PEQUENO GIGANTE,2504009,-7.241941,-35.86502,False,True,True
25203800,COLEGIO UNIVERSO,2504009,-7.22701261,-35.91759658,False,False,False
25206800,ANA VIRGINIA SARAIVA DO NASCIMENTO,2504009,-7.24472976,-35.90710306,True,False,True
25208802,CM MARIA EMILIA CORDEIRO PEDROSA,2504009,-7.20359496,-35.90577581,True,True,False
25209809,CM PASSINHA AGRA,2504009,-7.20899527,-35.9414348,True,True,False
25213806,COLEGIO E CURSO PETRONIO FIGUEIREDO LTDA,2504009,-7.235465515,-35.89359697,True,True,True
25219804,SENAI - SERVICO NACIONAL DE APRENDIZAGEM INDUSTRIAL,2504009,-7.269204897,-35.8875589,True,True,False
25233807,ESCOLA EDUCATIVA ARTE INFANTIL,2504009,-7.22506672,-35.92603053,True,True,False
25234803,ESCOLA DE ENSINO FUNDAMENTAL ERNESTO BARROS,2504009,-7.23054899,-35.92179279,True,True,False
25245945,ESCOLA MONTE LIBANO,2504009,-7.252876,-35.91181,True,False,True
25251945,EEEFM ZULEIDE CAVALCANTE PORTO,2504009,-7.25240312,-35.89588384,True,False,False
25254936,INSTITUTO JOAO DIONISIO NETO,2504009,-7.24170392,-35.9117764,True,True,False
25260928,EDUCANDARIO RAIO DE LUZ,2504009,-7.22975278,-35.90548644,False,False,False
25268937,O MUNDO COLORIDO DA CRIANCA,2504009,-7.25462834,-35.91103952,True,True,False
25294920,LUCIA LINDOLFO DE FREITAS,2504009,-7.249484,-35.92249,True,False,True
25296922,ESCOLA MOTIVACAO,2504009,-7.252709772,-35.92026349,True,False,True
25072404,EEEFM RUBENS DUTRA SEGUNDO,2504009,-7.271548333,-36.09744,False,False,False
25074326,EMEIF FELIX ARAUJO,2504009,-7.229044433,-35.87673048,True,True,True
25074571,EMEF LIONS PRATA,2504009,-7.234503441,-35.8753758,True,True,True
25076205,EMEIF ALMIRANTE TAMANDARE,2504009,-7.2761436,-36.0365825,False,True,True
25076213,EMEIF ANTONIO TELHA,2504009,-7.271630173,-36.09615319,True,False,True
25076221,EMEIF JOAO FRANCISCO DA MOTA,2504009,-7.254372,-35.9778234,False,False,False
25076230,EMEIF MANOEL JOAQUIM DE AGUIAR,2504009,-7.2972931,-36.0568538,False,False,False
25076256,EMEIF NOSSA SRA DO PERPETUO SOCORRO,2504009,-7.26843157,-36.0024726,True,False,False
25117955,COLEGIO MOTIVA LTDA - EPP,2504009,-7.239118642,-35.88151488,True,True,False
25130366,CENTRO EDUCACIONAL DA CRIANCA,2504009,-7.23379565,-35.87658304,False,False,False
25071238,CM NILA DUNDA,2504009,-7.3059206,-35.787196,True,True,True
25071394,ECI MONSENHOR SALES,2504009,-7.306044786,-35.78269098,True,False,False
25073761,EMEIF MARIA DA LUZ,2504009,-7.26072979,-35.80798415,True,True,False
25076280,EMEIF IRACEMA PIMENTEL,2504009,-7.31399385,-35.82401968,True,True,False
25076434,EMEF CAP SEVERIANO FABIO DA SILVA AMORIM,2504009,-7.2863397,-35.72662744,False,False,False
25076442,EMEIF JOSE ANTONIO RODRIGUES,2504009,-7.29749958,-35.72114101,False,False,False
25076485,EMEIF VER ANTONIO JOSE RODRIGUES,2504009,-7.30838039,-35.74874903,False,False,False
25076493,EMEIF CICERO CORREIA DE MENESES,2504009,-7.30866,-35.77474977,True,True,False
25076515,EMEF JOSE GOMES FILHO,2504009,-7.31399556,-35.82400753,False,False,False
25130625,ESCOLA INFANTIL CANTINHO DO SABER,2504009,-7.30558353,-35.77394648,True,True,False
25130633,EMEF PROFA LAURA MENEZES DE AMORIM,2504009,-7.30553053,-35.77823106,True,True,True
25152815,EEEM ISABEL RODRIGUES DE MELO,2504009,-7.30547366,-35.78011773,False,False,False
25259920,CENTRO EDUCACIONAL CONSTRUIR,2504009,-7.306191963,-35.77675021,True,False,True
25071246,CM KARINE DA SILVA,2504009,-7.18478433,-35.9865145,True,True,False
25076590,ECI JOSE MIGUEL LEAO,2504009,-7.18544759,-35.98547937,True,False,False
25076884,EMEIF GABRIEL SOARES,2504009,-7.2239242,-35.8886704,False,False,False
25076892,EMEIF INACIO LUIZ DE LIMA,2504009,-7.235433333,-35.97632167,False,False,False
25076922,EMEIF PROF PEDRO OTAVIO,2504009,-7.179859106,-36.01875824,True,True,True
25076930,EMEIF SAO CLEMENTE,2504009,-7.184824644,-35.98481293,True,True,False
25077023,EMEIF LUIS JUVINO GOMES,2504009,-7.1764198,-35.9801235,True,True,False
25077031,ESCOLA MUNICIPAL PINHEIRO GUEDES,2504009,-7.24012143,-35.87901118,False,False,False
25077040,EMEIF PROF LUIZ GIL,2504009,-7.220173446,-35.99797304,False,False,False
25077058,EMEIF PROF MAURO LUNA,2504009,-7.20092639,-35.95288775,True,False,False
25077066,EMEF ANTONIO ALVES DE ARAUJO,2504009,-7.1712565,-35.9990083,False,True,True
25121260,CENTRO EDUCACIONAL CRIATIVO,2504009,-7.17994,-35.98123667,True,True,False
25124315,CENTRO EDUCACIONAL ARTE E VIDA,2504009,-7.179223333,-35.98129833,True,True,True
25127519,AECAD - ASSOCIACAO DE EDUCACAO E CULTURA ALFREDO DANTAS,2504009,-7.21838492,-35.88523619,True,True,False
25139207,CM VANEUZA RODRIGUES,2504009,-7.1754796,-35.9971137,False,False,True
25148800,EMEIF MARIA SALOME ALVES DOS SANTOS,2504009,-7.1733342,-35.9793445,True,True,True
25087304,ECI E E M JOSE WILSON DE ALBUQUERQUE MELO,2504033,-6.911211088,-35.16750874,True,True,False
25087312,EMEFM DEP JOAO FERNANDES DE LIMA,2504033,-6.9220912,-35.1737604,True,True,True
25087347,ESC MUL JOAQUIM HERMINIO DOS SANTOS,2504033,-6.8938008,-35.1934366,True,True,True
25112171,ESC MUL INDUSTRIAL INFANTIL MANOEL FERNANDES DE LIMA,2504033,-6.9124434,-35.1688009,True,False,True
25114123,ESC MUL FRANCISCO BEZERRA DA COSTA,2504033,-6.9048234,-35.1871413,True,True,True
25130218,EMEIEF PROFESSORA BEATRIZ SILVA DO NASCIMENTO,2504033,-6.9198189,-35.1738911,True,False,True
25239902,EPEIF CENTRO EDUCACIONAL MANOEL BENTO,2504033,-6.925252,-35.17261,False,False,False
25116037,ESC MUL PROFA EUNICE ALVES DOS SANTOS,2504033,-6.8949578,-35.1894687,True,True,True
25054490,ECI CEL SERVELIANO DE FARIAS CASTRO,2504074,-7.727566667,-36.49361333,True,False,False
25054554,EMEIEF SOTER CORREIA NEVES,2504074,-7.764755962,-36.54840608,False,False,True
25054562,EMEIEF EMILIANO PEREIRA DE ARAUJO,2504074,-7.653720975,-36.4578195,True,False,True
25054570,EMEIEF JOAO JOSE DE ALCANTARA,2504074,-7.862631362,-36.51100821,True,False,True
25054589,EMEIEF JOAQUIM GALDINO SANTIAGO,2504074,-7.716150689,-36.56761657,True,False,True
25054651,EMEIEF JOAO ANTONIO DE SOUSA,2504074,-7.711739796,-36.54904814,True,True,True
25101444,EMEIEF AMARO VICENTE DE SOUSA,2504074,-7.880964722,-36.54424195,False,False,False
25109430,CRECHE ESCOLA MUNICIPAL SAO PEDRO,2504074,-7.73099131,-36.49798642,True,True,True
25123823,ESCOLA ECOLOGICA ALICE JORGE DA SILVA,2504074,-7.727849185,-36.4941662,True,True,True
25009192,ECI JOEL PEREIRA DA SILVA,2504108,-7.040207908,-38.34636622,True,True,True
25009370,EMEF GALDINO ANTONIO DA SILVA,2504108,-7.040118305,-38.34469412,True,True,True
25009389,EMEF ALFREDO CAVALCANTE,2504108,-7.037543133,-38.3445859,True,True,True
25009419,EMEIF JOSE GOMES,2504108,-7.042459,-38.35855,False,False,False
25060619,EMEIF PEDRO SILVINO BEZERRA,2504157,-6.80686603,-35.83149645,True,True,True
25060686,EMEIF JANUARIO FERREIRA DE SOUZA,2504157,-6.754347081,-35.86290412,True,False,True
25060872,EMEF FERNANDO MACENA DA SILVA,2504157,-6.78110301,-35.81777692,True,True,True
25060961,EMEF MARIA DE LOURDES SILVA,2504157,-6.78026531,-35.81814746,True,True,True
25110780,ECI PROFESSORA BEATRIZ MARIA DE ABREU,2504157,-6.781011,-35.81761,True,True,False
25124811,EMEI ARTHUR DA COSTA PAULO,2504157,-6.78169296,-35.81312861,True,False,True
25131052,CRECHE MUNICIPAL PROFESSORA MARIA SERGIO DE MORAIS TEODOSIO,2504157,-6.7843075,-35.81598097,True,True,True
25024175,ECIT INACIO DA CATINGUEIRA,2504207,-7.1271259,-37.6062177,False,False,False
25024353,EMEF - MARIA CELESTE PIRES LEITE,2504207,-7.127469915,-37.60889675,True,True,True
25024450,CENTRO DE REFERENCIA EM EDUCACAO DE JOVENS E ADULTOS TIBURCIO JOSE DE SOUSA,2504207,-7.127880635,-37.60866548,True,True,True
25024477,EM PRE ESCOLAR JOAO LUIZ DE ABREU JUNIOR,2504207,-7.1273795,-37.6087093,False,True,True
25127675,CRECHE MUNICIPAL PROFESSORA MARIA MADALENA MONTENEGRO PIRES,2504207,-7.1246558,-37.6072101,True,True,False
25001744,C EDUC DE APERFEICOAMENTO DE CATOLE,2504306,-6.347655,-37.74873,True,True,True
25001760,CENTRO DE ENS FUND LUZIA MAIA,2504306,-6.3439185,-37.7527643,True,True,True
25001795,COLEGIO TECNICO DOM VITAL,2504306,-6.347303,-37.74524,True,True,True
25001817,EDUCANDARIO JOAO AGRIPINO FILHO,2504306,-6.346956,-37.74614,True,True,False
25001825,EEEM ESC AGROTECNICA DO CAJUEIRO CAMPUS IV - UEPB,2504306,-6.352409,-37.7247,True,True,True
25001833,ECIT OBDULIA DANTAS,2504306,-6.3492656,-37.7479803,True,True,False
25001868,EEEF JOAQUIM VALDEVINO DE LIMA,2504306,-6.413472,-37.74686,False,False,False
25001906,ECI JOAO SUASSUNA,2504306,-6.34662852,-37.74644327,True,True,False
25001914,EEEF SERGINA LAURA DANTAS,2504306,-6.33733,-37.7450865,False,False,False
25002023,EMPG ABDON JOSE DE OLIVEIRA,2504306,-6.35017,-37.76467,True,False,False
25002139,EMPG DE JENIPAPEIRO,2504306,-6.284215,-37.67872,True,False,False
25002147,EMPG DE MAPIRUNGA,2504306,-6.323992,-37.67769,True,False,False
25002171,ESC MUL LEONILDA DE FREITAS,2504306,-6.408701,-37.78469,True,False,False
25002198,EMPG PROFESSORA CATARINA DE SOUSA MAIA,2504306,-6.331951716,-37.74169891,True,True,True
25002201,EMPG DES MANOEL M DE VASCONCELO,2504306,-6.227606,-37.65758,True,False,False
25002260,EMPG PE CANDIDO DE A BARRETO,2504306,-6.35661,-37.71322,True,False,False
25002279,EMPG ANTONIO GOMES,2504306,-6.352841,-37.74845,True,False,False
25002317,EMPG MANOEL VIEIRA DE LIMA,2504306,-6.43082634,-37.76797284,True,True,False
25104730,CRECHE CAIC ROMULO MAIA LEOPOLDINO,2504306,-6.3474104,-37.7562109,True,True,False
25126997,CRECHE MUNICIPAL TEREZINHA PEREIRA NUNES,2504306,-6.333928,-37.7441695,True,True,True
25128388,IFPB - CAMPUS CATOLE DO ROCHA,2504306,-6.34091022,-37.75555133,True,True,True
25002376,EEEF FABIO MARIZ MAIA,2504306,-6.24372,-37.72841667,False,False,False
25002392,EMPG VARZEA DO TAPUIO,2504306,-6.229685,-37.68828,True,False,False
25052802,ECI FELIX ARAUJO,2504355,-7.41835653,-36.0204687,False,False,False
25052853,GRUPO ESCOLAR JOSE CABRAL DE SOUSA FILHO,2504355,-7.416272794,-36.0367802,False,True,True
25052861,GRUPO ESCOLAR BELARMINO PERES DA SILVA,2504355,-7.396567556,-36.04546547,True,False,True
25052934,GRUPO ESCOLAR JOAQUIM BARBOSA,2504355,-7.4571137,-36.0284421,True,True,True
25102860,UNIDADE MISTA MARIA DUARTE DA COSTA,2504355,-7.46671068,-36.05640754,True,True,True
25106678,ESCOLA MUNICIPAL ENSINO FUNDAMENTAL ANTONIO TROVAO DE MELO,2504355,-7.418092696,-36.02069341,True,True,True
25123653,EDUCANDARIO LUZINETE BARBOSA,2504355,-7.417481176,-36.02080642,True,True,True
25129554,CRECHE MUNICIPAL MARIA DO SOCORRO NUNES DA CRUZ,2504355,-7.417954416,-36.02092705,True,True,True
25285920,ESCOLA MUNICIPAL RURAL DE ENSINO FUNDAMENTAL MARIA VERISSIMO DE SOUSA,2504355,-7.418111489,-36.02132576,True,True,True
25027930,ECIT MAESTRO JOSE SIQUEIRA,2504405,-7.5582783,-38.5056458,False,False,False
25027999,EEEF CALULA LEITE,2504405,-7.5534726,-38.5058388,True,True,False
25028022,EEEF JOSE LEITE,2504405,-7.5592132,-38.5081863,True,False,True
25028065,EEEM NOSSA SENHORA DE FATIMA,2504405,-7.5592367,-38.5147161,False,False,False
25028251,EMEF SEVERINO JOSE DOS SANTOS,2504405,-7.587907109,-38.46578336,False,False,False
25028260,EMEF VILEMAR PEREIRA XAVIER,2504405,-7.5521402,-38.4971788,True,False,False
25028332,EMEF MANOEL PEREIRA DE BRITO,2504405,-7.532853512,-38.49573283,True,False,False
25028375,EMEF ANTONIO MANOEL BEZERRA,2504405,-7.452793512,-38.51548729,True,False,False
25028383,EMEF ANTONIO XAVIER MARTINS,2504405,-7.617546231,-38.47037028,False,False,False
25028677,EMEF EPITACIO DE SA RAMALHO,2504405,-7.5565333,-38.5961183,False,False,False
25028693,EMEF HOZANO MIGUEL DE SOUSA,2504405,-7.402702672,-38.47908486,True,True,True
25028707,EMEF JOAO LOPES DE SOUSA,2504405,-7.343770727,-38.55043623,False,False,False
25028774,EMEF MAJO OTONI RANGEL,2504405,-7.54168238,-38.57196129,False,False,False
25028812,EMEF DO SITIO CHICO VAQUEIRO,2504405,-7.520825,-38.65466,False,False,False
25028871,EMEF JOSE ANTONIO DA COSTA,2504405,-7.499554097,-38.62707985,False,False,False
25028880,EMEF JOSE MARIANO DE SOUSA,2504405,-7.475696853,-38.53824693,False,False,False
25028898,EMEF MARIA DO CARMO DINIZ LIRA,2504405,-7.43196507,-38.52238527,False,False,False
25028901,EMEF MANOEL MARTINS,2504405,-7.552407403,-38.56444633,False,False,False
25028910,EMEF PROFESSOR JOSE RAIMUNDO DE SOUSA NETO - PADRE ZE,2504405,-7.558835,-38.51714,True,True,False
25029010,EMEF ANTONIO CAZUZA,2504405,-7.529254071,-38.64324518,False,False,False
25029088,EMEF JOAO TOMAZ DE ALMEIDA,2504405,-7.396946358,-38.44319313,False,False,False
25029100,EMEF DOMINGOS MACARIO RAMOS,2504405,-7.4786832,-38.62187586,False,False,False
25029223,ESC MUN MARTINHO FURTADO DE FREITAS,2504405,-7.497385028,-38.48852581,False,False,False
25029428,EMEF JOAQUIM NUTO DE FIGUEIREDO,2504405,-7.465706295,-38.59847576,False,False,False
25029444,ESC MUL MANOEL MARTINS DE MORAIS,2504405,-7.550714593,-38.62314379,False,False,False
25029452,EMEF MANOEL PEDRO DO NASCIMENTO,2504405,-7.584088356,-38.5564339,False,False,False
25029541,INSTITUTO JOAO SIQUEIRA DE FIGUEIREDO,2504405,-7.561155604,-38.50395425,True,True,True
25103049,EMEF MARIA IDALINA FERNANDES,2504405,-7.568840585,-38.46415895,False,False,False
25114220,EMEF ANA FIGUEIREDO,2504405,-7.433967884,-38.54502663,False,False,False
25114239,EMEF RAIMUNDA LEITE SOBRINHA,2504405,-7.55672651,-38.50514723,True,True,True
25117378,EMEF FRANCISCO DE OLIVEIRA BRAGA,2504405,-7.551376135,-38.50896148,True,False,False
25117386,EMEF MARTINHO FURTADO DE LACERDA,2504405,-7.470322042,-38.53965785,True,False,False
25117408,EMEF DE TRAVESSAO,2504405,-7.441242202,-38.49648141,False,False,False
25117432,CRECHE MUN FABIOLA MICHELLE XAVIER EVANGELISTA,2504405,-7.559253196,-38.5075731,True,True,False
25128825,COLEGIO DIVINO PAI ETERNO - CDPE,2504405,-7.55506784,-38.5060018,False,False,True
25129171,EMEI FRANCISCA SOARES LACERDA - DONA CHICOLA,2504405,-7.5559817,-38.504835,True,False,False
25028782,EMEF ARLINDO BATISTA PALITOT,2504405,-7.354729185,-38.41562035,True,False,False
25013840,ECIT DOUTOR TRAJANO PIRES DA NOBREGA,2504504,-6.9066043,-37.5943953,True,True,False
25013866,EEEF DR JOSE QUEIROGA,2504504,-6.91115,-37.59881,False,False,False
25013890,GR ESC MUL FRANCISCO BARBOSA DOS SANTOS,2504504,-6.882881,-37.656,True,False,True
25014102,GR ESC MUNICIPAL DINAMERICA DE SA CAVALC,2504504,-6.887163,-37.58401,False,False,False
25014145,GR ESC MUL MANOEL PAULINO DE ARAUJO,2504504,-6.805555,-37.60833,False,False,False
25014170,ESC MUL SEBASTIAO ALVES DE LIMA,2504504,-6.9056307,-37.5996504,True,True,True
25091867,CENTRO DE REFERENCIA EM EDUCACAO INFANTIL ALFREDO RODRIGUES DOS SANTOS - FLOR DE MANGABA,2504603,-7.267801263,-34.8474772,False,False,False
25091875,CENTRO DE REFERENCIA EM EDUCACAO INFANTIL JERANIL LUNDGREN - FLOR DO MAR,2504603,-7.285312191,-34.80346056,False,False,False
25091883,CENTRO DE REFERENCIA EM EDUCACAO INFANTIL NOEMIA ALVES - FLOR DE CONDE,2504603,-7.262314344,-34.90635437,False,False,False
25091913,EMEF GOV PEDRO GONDIM,2504603,-7.26142888,-34.90662175,False,True,True
25091956,EMEIEF MARIA DA PENHA ACCIOLY,2504603,-7.266978999,-34.89680219,False,False,False
25091964,EMEIEF ANTONIO BENTO DA SILVA,2504603,-7.248094529,-34.83233118,True,True,True
25091972,EMEF ANTONIO RAIMUNDO DOS SANTOS,2504603,-7.227777718,-34.91018817,True,False,True
25092006,EMEIEF BENEDITO ROBERTO DA PAIXAO,2504603,-7.248426285,-34.86517492,True,True,True
25092022,EMEIEF ANTONIO DE SOUSA SANTOS,2504603,-7.307343185,-34.89620665,True,False,False
25092030,EMEIEF JOAO GOMES RIBEIRO,2504603,-7.254901724,-34.90346471,True,True,True
25092049,EMEIEF MANOEL PAULINO,2504603,-7.245081947,-34.92846482,True,True,True
25092057,EMEIEF DR ABELARDO ALVES DE AZEVEDO,2504603,-7.264832142,-34.92036179,True,True,True
25092065,EMEIEF OVIDIO TAVARES DE MORAIS,2504603,-7.233871948,-34.86533593,False,False,False
25092073,EMEIEF JOAO CARNEIRO DA SILVA,2504603,-7.323184479,-34.86763861,False,True,True
25092111,EEEM PROFESSOR JOAO DA CUNHA VINAGRE,2504603,-7.2608003,-34.9086859,True,False,False
25092120,EMEIEF PROFESSORA NOEMIA ALVES DE SOUZA,2504603,-7.260486335,-34.90819705,True,True,True
25092146,EMEIEF JOSE ALBINO PIMENTEL,2504603,-7.267597415,-34.84730571,True,True,True
25092154,EMEIEF MARINO ELEOTERIO DO NASCIMENTO PRF MARIO,2504603,-7.262377124,-34.81967929,False,False,False
25092162,EMEIEF CORONEL JOCA VIRIATO,2504603,-7.290665,-34.916495,False,False,False
25092189,EMEIEF MARIA EUNICE DO EGITO SOUZA,2504603,-7.271248698,-34.87499499,True,True,True
25092235,EMEIEF EJA DEPUTADO JOSE MARIZ,2504603,-7.286716327,-34.80411007,True,True,True
25106007,EMEIEF REGINALDO CLAUDINO DE SALES,2504603,-7.302021179,-34.82464372,True,True,True
25115618,ECIT ILZA DE ALMEIDA RIBEIRO,2504603,-7.2560173,-34.9065054,False,False,False
25118420,CENTRO DE REFERENCIA EM EDUCACAO INFANTIL ANTONIO DE SOUZA MARANHAO - FLOR DE JAMBO,2504603,-7.245945032,-34.92647404,True,False,False
25120921,EMEIEF JOSE COSMO DE SANTANA,2504603,-7.333503189,-34.84718417,False,False,False
25120948,EMEF PROFESSORA LINA RODRIGUES DO NASCIMENTO,2504603,-7.266874015,-34.83993609,True,True,True
25122045,ESCOLA SAO FRANCISCO,2504603,-7.26056681,-34.90644002,True,False,False
25126520,CENTRO EDUCACIONAL INES MARIA,2504603,-7.26854067,-34.81292729,True,True,False
25127284,CENTRO DE REFERENCIA EM EDUCACAO INFANTIL VO JOANA - FLOR DE MANGA,2504603,-7.23054274,-34.86843036,False,False,False
25130927,CENTRO DE REFERENCIA EM EDUCACAO INFANTIL MARIA ALVES DA SILVA,2504603,-7.263594386,-34.90632151,False,True,True
25130951,EDUCANDARIO JOSE SOARES,2504603,-7.26595758,-34.90665754,True,True,True
25145002,CENTRO EDUCACIONAL INFANTIL SABEDORIA CRIANCA,2504603,-7.262357,-34.90715,False,False,False
25243926,CENTRO DE REFERENCIA EM EDUCACAO INFANTIL MARIA DE LOURDES VINAGRE REGIS - FLOR DE ABACATE,2504603,-7.256325474,-34.90123261,False,False,False
25092219,CENTRO DE REFERENCIA EM EDUCACAO INFANTIL JOSE JOAO DA SILVA - FLOR DE ACEROLA,2504603,-7.340696873,-34.80405165,True,False,True
25125699,INSTITUTO EDUCACIONAL JACUMA,2504603,-7.287810459,-34.80703846,False,True,False
25126695,EMEIEF GENI RUFINO DOS SANTOS,2504603,-7.298707897,-34.81944744,True,False,False
25127306,CENTRO DE REFERENCIA EM EDUCACAO INFANTIL VO LOURDINHA - FLOR DE MARACUJA,2504603,-7.300959779,-34.82218321,True,True,True
25044788,ECIT MANOEL ALVES CAMPOS,2504702,-7.79490486,-36.66098492,True,True,True
25044796,EMEF JOAO BEZERRA EVANGELISTA,2504702,-7.8232168,-36.6815073,True,True,False
25044800,EMEF BELINO ALVES FEITOSA,2504702,-7.752671667,-36.64481667,True,True,False
25044818,EMEIEF DE CONGO,2504702,-7.7971114,-36.6593271,True,True,True
25044982,EMEF FRANCISCA QUINTANS,2504702,-7.796916667,-36.65955,True,True,False
25045008,EMEF NAPOLEAO FERNANDES,2504702,-7.70248,-36.684375,True,True,False
25045024,EMEF ZEFERINO ALVES FEITOSA,2504702,-7.74252,-36.631145,True,True,False
25114131,ESC MUNICIPAL DE EDUCACAO INFANTIL,2504702,-7.799073333,-36.65828333,True,True,False
25151207,EDUCANDARIO SAGRADO CORACAO DE JESUS,2504702,-7.797483,-36.66075,True,False,False
25024523,EEEF MINISTRO CARLOS LUIZ DE ARAUJO,2504801,-7.01505,-37.943,False,False,False
25024558,ECIT NOBEL VITA,2504801,-7.0185781,-37.9406597,False,False,False
25024744,GR ESC MUL MARIA VITORIA,2504801,-7.078441,-37.977679,False,False,False
25024833,ESC MUL DE ENS INF E FUND JOSE VIRGULINO DA SILVA,2504801,-7.0429359,-37.8969092,False,False,False
25024841,ESC MUL FRANCISCA LEITE DA SILVA,2504801,-6.992839552,-38.06022506,False,False,False
25024850,ESC MUL FRANCISCO MARTINS,2504801,-6.983171613,-37.9437633,False,False,False
25024868,ESC MUL GERALDO GUEDES DA SILVA,2504801,-7.0797857,-37.993526,False,False,False
25025066,GR ESC MUL JOSE VIRGULINO FILHO,2504801,-7.0685677,-38.043806,False,False,False
25025074,ESC MUL CURRAL VELHO,2504801,-7.011767942,-37.97208642,False,False,False
25025180,EMEIF JUVENCIO PEREIRA,2504801,-7.0499017,-37.987432,False,False,False
25025201,EMEIF FLORIDO NITAO DINIZ,2504801,-7.0209273,-37.9542795,True,True,True
25025210,GR ESC MUL JUVINA LIMEIRA DE ALENCAR,2504801,-7.0243476,-37.9402156,True,False,False
25025260,GR ESC MUL MANOEL AMARO DE ANDRADE,2504801,-6.9965937,-38.0041701,False,False,False
25025287,ESC MUL ANTONIA MARIA DA CONCEICAO,2504801,-7.088797,-38.0312778,False,False,False
25025317,EMEIF ANTONIA MARIA DA CONCEICAO,2504801,-7.0214828,-37.9364419,True,True,False
25025333,EMEIF ADALGISA GUEDES DA SILVA,2504801,-7.017095229,-37.99005814,False,False,False
25101569,GR ESC MUL MINISTRO ERNANI SATIRO,2504801,-7.0111277,-37.9460187,False,False,False
25111132,EMEIF SITIO LOGRADOURO,2504801,-7.023338,-37.9264038,True,False,False
25120522,COLEGIO E CURSOS SANTA RITA DE CASSIA,2504801,-7.0189533,-37.9438967,True,True,True
25121529,CRECHE MUNICIPAL SINHA NUNES,2504801,-7.0211712,-37.9361956,True,False,True
25122622,EMEIF MENINO JESUS,2504801,-7.018614323,-37.94395633,True,True,True
25124609,INSTITUTO EDUCACIONAL BRANCA DE NEVE,2504801,-7.019688506,-37.94453979,True,False,False
25049372,ECI MANOEL HONORATO SOBRINHO,2504850,-7.628507616,-36.60783228,False,True,False
25049402,ESCOLA MUNICIPAL JOAO FRANCISCO DE SOUSA,2504850,-7.70400572,-36.59400808,True,False,True
25049410,ESCOLA MUNICIPAL MANOEL LINS DE ALBUQUERQUE,2504850,-7.6313785,-36.6031785,True,False,False
25130714,COLEGIO MUNICIPAL JOSE LEONARDO DA SILVA BARBOSA,2504850,-7.67196492,-36.70244754,True,True,True
25262920,ESCOLA MUNICIPAL MARIA DO NASCIMENTO NEVES,2504850,-7.62912152,-36.6045486,True,True,True
25088521,EEEF FAZENDA COBE,2504900,-7.142014336,-35.14129476,False,False,False
25088530,ECIT DEPUTADO FERNANDO MILANEZ,2504900,-7.1394356,-35.0865135,True,True,False
25088564,EEEF FAZENDA SANTA LUZIA,2504900,-7.128054,-35.10972,False,False,False
25088572,EEEFM FLAVIO RIBEIRO COUTINHO,2504900,-7.1415897,-35.0884533,False,False,False
25088602,EEEFM CAMPO DE SEMENTES E MUDAS,2504900,-7.111900458,-35.06756498,True,True,False
25088637,EMEF ANTONIO VIRGINO CABRAL,2504900,-7.132631,-35.10036,True,False,True
25088653,EMEIEF DE SAO GONCALO,2504900,-7.13977,-35.08712,False,False,False
25088661,EMEIEF DOMINGOS BATISTA GUEDES,2504900,-7.156666,-35.13805,True,False,False
25088696,EMEIEF JULIA SOUTO PAIVA,2504900,-7.131283,-35.10202,False,False,False
25101960,CENTRO EDUCACIONAL TEMPO DE APRENDER,2504900,-7.140705,-35.08949,True,True,False
25106015,EMEIEF JOSE SILVINO,2504900,-7.214444,-35.12083,False,True,True
25122916,ESCOLA LAPIS NA MAO LTDA ME,2504900,-7.139181,-35.08631,True,True,True
25123084,EMEIEF JURACI BATISTA DE JESUS,2504900,-7.157777,-35.15611,True,False,False
25040804,CRECHE ANGELA TRIBUTINO LEITE,2505006,-6.867165774,-36.35202515,True,False,False
25040820,ECIT IOLANDA TEREZA CHAVES LIMA,2505006,-6.8643417,-36.3513483,True,True,False
25040855,EMEF ELISA COSTA,2505006,-6.8628159,-36.3556131,True,True,False
25040871,EMEF FRANCISCO CLEMENTINO DE SOUTO,2505006,-6.8688163,-36.3439256,True,True,False
25040898,EMEF JOSE DE MEDEIROS DANTAS,2505006,-6.878441,-36.32908,True,False,False
25041126,EMEF ZOZIMO PEREIRA,2505006,-6.8670943,-36.3573102,False,False,False
25041134,EMEF GENTE INOCENTE,2505006,-6.8675787,-36.348737,False,False,False
25108441,EMEI GUIOMAR RODRIGUES DE LIMA,2505006,-6.869204029,-36.34496558,True,True,False
25112929,EMEF JUSTINIANA RIBEIRO,2505006,-6.8635181,-36.3497545,True,False,False
25120999,EMEF PADRE SIMAO FILETO,2505006,-6.865528669,-36.35075463,True,False,False
25055828,CRECHE MUNICIPAL MARIA MARINETE FIALHO FURTADO,2505105,-6.48145268,-36.16099263,True,False,False
25055836,ECI ORLANDO VENANCIO DOS SANTOS,2505105,-6.4836965,-36.1507669,True,True,False
25055968,EMEF MANOEL SOARES DE MARIA,2505105,-6.62793114,-36.04886293,True,False,True
25056042,EMEF PROFESSORA ALICE CUNHA DANTAS,2505105,-6.588409,-36.13621,False,False,False
25056069,EMEF ANTERO FERREIRA LIMA,2505105,-6.62839137,-36.22522888,True,True,True
25056093,EMEF BENEDITO VENANCIO DOS SANTOS,2505105,-6.48894006,-36.15767834,True,True,True
25056115,EMEF ELCA CARVALHO DA FONSECA,2505105,-6.48523441,-36.15777217,True,True,True
25056140,EMEF FRANCISCA SIMOES,2505105,-6.54813361,-35.9738041,False,False,False
25056247,EMEF JULIETA DE LIMA E COSTA,2505105,-6.48109839,-36.15471922,True,True,True
25056255,EMEF LEOSITA AMALIA DE ARAUJO,2505105,-6.67087719,-36.18748776,False,False,False
25056344,EMEF NAILDE MEDEIROS,2505105,-6.44123063,-36.17153098,True,True,True
25056360,EMEF PEDRO VIANA DA COSTA,2505105,-6.5285936,-36.1410505,False,False,False
25056387,EMEF CELINA DE LIMA MONTENEGRO,2505105,-6.48934517,-36.14781873,False,True,True
25056395,EMEF PROFESSORA EUDOCIA ALVES DOS SANTOS,2505105,-6.48160876,-36.16066107,True,True,True
25056409,EMEF TEREZINHA GOMES DE ANDRADE,2505105,-6.58224601,-36.21290635,True,False,True
25056425,EMEF MARIA CAMELIA PESSOA DA COSTA,2505105,-6.48399961,-36.14538277,True,True,True
25056441,EMEF PROFESSORA MARIA JOSE FIALHO DE PONTES,2505105,-6.511383,-36.03378,False,False,False
25056484,EMEF HENRIQUE PEREIRA DOS REIS,2505105,-6.62875181,-36.06340502,True,True,True
25056506,EMEF JACIO FURTADO,2505105,-6.57992116,-36.17384785,True,False,False
25056522,O PEQUENO DOUTOR,2505105,-6.479932391,-36.14710138,True,True,True
25101350,CRECHE MUNICIPAL DOUTOR DIOMEDES LUCAS DE CARVALHO,2505105,-6.48887176,-36.14923528,True,True,True
25122568,IDEA INSTITUTO DELTA DE ENSINO E APRENDIZAGEM,2505105,-6.4787929,-36.1484229,False,True,True
25127659,ECI PEDRO HENRIQUE DA SILVA,2505105,-6.62789536,-36.06287905,True,False,False
25127683,PROJETO SONHO DE CRIANCA,2505105,-6.482909,-36.15725,False,False,False
25128183,CRECHE MUNICIPAL PROFESSORA MARIA CLEONICE RAMOS DE SENA,2505105,-6.48777566,-36.14789755,True,True,True
25129279,ECIT JORNALISTA JOSE ITAMAR DA ROCHA CANDIDO,2505105,-6.47696719,-36.17318141,True,True,True
25137000,CENTRO EDUCACIONAL MILLENIUM,2505105,-6.482106,-36.16221,False,False,False
25149008,CRECHE MUNICIPAL MARIA ANITA FURTADO COELHO,2505105,-6.54783457,-35.97389201,False,False,False
25149016,CRECHE MUNICIPAL GIOLICE GOMES DE FARIAS,2505105,-6.62585857,-36.05693198,True,False,False
25056573,EMEF PROFESSOR DOMICIANO DE QUEIROZ,2505105,-6.58404898,-36.11004859,False,True,True
25101379,CRECHE MUNICIPAL JOSEFA BEZERRA DE SOUTO,2505105,-6.5850908,-36.10994233,False,False,False
25067826,CRECHE DO CRUZEIRO,2505204,-6.8954623,-35.5230002,True,True,False
25067834,CRECHE SANTO ANTONIO,2505204,-6.9049836,-35.5266031,True,True,False
25067842,EMEF PROFESSOR MOACIR DE ALBUQUERQUE,2505204,-6.8961101,-35.5250311,True,True,False
25067869,ECI ODILON NELSON DANTAS,2505204,-6.904369737,-35.52670539,True,True,False
25067885,ESC MUL ESTELINA LEOPOLDINA,2505204,-6.8949567,-35.5207575,True,True,False
25067893,ESC MUL JUSCELINO KUBITSCHEK,2505204,-6.8956405,-35.5240307,False,False,False
25067940,GR ESC MUL CAROLINA DE FARIAS PIMENTEL,2505204,-6.8820436,-35.5380317,True,False,False
25067966,GRUPO ESCOLAR MUNICIPAL HILDA NEVES DE LUCENA,2505204,-6.8951587,-35.5224885,True,True,False
25067974,GR ESC MUL HORACIO MONTENEGRO,2505204,-6.9066934,-35.5268292,True,True,False
25067990,GR ESC MUL GERALDO LEITE MORAIS,2505204,-6.8931145,-35.5015093,True,False,False
25068016,GR ESC MUL JOSE TOMAZ DE AQUINO,2505204,-6.9049457,-35.5247962,True,True,False
25068024,GR ESC MUL EMIDIO MADRUGA,2505204,-6.8974963,-35.5126639,True,True,False
25087339,EMEF PEDRO CLAUDINO DA SILVA,2505238,-6.94549806,-35.20008501,False,False,False
25087355,ECI PROFESSOR RENATO FONSECA FILHO,2505238,-6.911741453,-35.24756225,True,True,False
25087363,EMEF ANTONIO FELIX,2505238,-6.9552651,-35.2605012,True,True,True
25087380,EMEF JOAO MAXIMINO,2505238,-6.905121,-35.2928994,True,True,True
25087398,EMEF PEDRO BERNARDO,2505238,-6.89932161,-35.21947671,False,False,False
25087401,EMEF ELIZEU CORREIA DANTAS,2505238,-6.9142674,-35.2841603,False,False,False
25087436,EMEF JOSE DE FRANCA,2505238,-6.899893088,-35.27685042,True,True,False
25087444,EMEF JOSE MANOEL,2505238,-6.95125,-35.2493245,False,False,False
25087452,EMEFEM LUIZ JOAQUIM DOS SANTOS,2505238,-6.915125269,-35.25076442,True,True,False
25087460,EMEF PEDRO SENA,2505238,-6.9113345,-35.2370313,False,False,False
25087487,EMEF JOAQUIM INACIO DA SILVA,2505238,-6.9452392,-35.2204916,True,True,False
25105779,EMEF FRANCISCO MATIAS GAMA,2505238,-6.9278224,-35.289845,True,False,False
25115758,EMEF JULIA MARIA DA CONCEICAO,2505238,-6.874529575,-35.31215365,False,False,False
25118641,EMEF IRACEMA MARIA DO NASCIMENTO,2505238,-6.934809457,-35.20068909,False,False,False
25291920,CRECHE INFANTIL NEMEZIO AUGUSTO DE MEIRELES,2505238,-6.915679062,-35.25166674,True,False,True
25292927,EMEF JOAO CALIXTO DOS SANTOS,2505238,-6.9427323,-35.2258444,False,False,False
25086960,EMEF ACELINO MONTEIRO COSTA,2505279,-6.7180985,-35.2667193,True,False,False
25086995,EMEF ANTONIO JOSE DA SILVA,2505279,-6.7124821,-35.221057,False,False,False
25087495,EMEF ADELAIDE FERNANDES,2505279,-6.7503008,-35.3473293,True,True,True
25087509,EMEIF JOSE FERNANDES DO NASCIMENTO,2505279,-6.720152,-35.2386165,True,False,False
25087541,EMEIF SEBASTIANA ANTONIA FERNANDES DE FARIAS,2505279,-6.741549843,-35.30699643,True,False,True
25087550,EMEF PROFESSORA TEREZINHA PONTES,2505279,-6.7183575,-35.2820192,True,False,False
25087576,EMEF JACY REGO BARROS,2505279,-6.7351994,-35.2426433,True,False,True
25087606,EMEF LUCIA FERNANDES TOSCANO,2505279,-6.7487214,-35.2851914,False,False,False
25087630,EMEIF MIGUEL SOARES FILHO,2505279,-6.7435324,-35.2740115,True,False,True
25087649,EMEIF VALDEVINO RIBEIRO DA SILVA,2505279,-6.7181293,-35.2668884,True,True,True
25119796,EMEF MOACIR FERNANDES FARIAS,2505279,-6.7253387,-35.2604616,True,False,False
25029584,ESC MUL JOSE DIAS,2505303,-7.5368508,-38.19840669,False,False,False
25029614,CRECHE MUNICIPAL JUVENITA MARQUES FRANCO DE LACERDA,2505303,-7.535779593,-38.19703138,False,True,True
25029665,GR ESC MUL CICERO FRANCISCO DE SOUSA,2505303,-7.593442812,-38.18298935,False,True,True
25029681,GR ESC MUL FRANCISCO L DINIZ,2505303,-7.536837263,-38.19834148,False,False,False
25029703,GR ESC MUL JOSE M DE SOUSA,2505303,-7.536803735,-38.19842848,False,False,False
25029720,GR ESC MUL MANOEL ANTAS,2505303,-7.536809477,-38.19834374,False,False,False
25029754,GR ESC MUL SAO DOMINGOS,2505303,-7.53681174,-38.19838833,False,False,False
25109731,ESC MUL ANTONIO GOMES DE CARVALHO,2505303,-7.535681901,-38.19781476,True,True,True
25055348,EMEF SEVERINO LOURENCO DA SILVA,2505352,-6.6206903,-35.954601,False,False,False
25055356,EMEF PEDRO FERREIRA DE AZEVEDO,2505352,-6.633479409,-35.88902355,True,False,False
25055364,EMEF ALEXANDRE DINIZ DA PENHA,2505352,-6.6308323,-35.9078101,True,True,False
25055372,EMEF ALICE CARNEIRO,2505352,-6.623998177,-35.97831236,True,True,True
25055402,EMEF AVELINO CRISPIM BARBOSA,2505352,-6.720871604,-35.92960755,False,False,False
25122231,EMEF FRANCISCO DERO DOS SANTOS FILHO,2505352,-6.5950804,-35.8812968,False,False,False
25128280,EMEI JOSEFA DOS SANTOS SILVA,2505352,-6.63247576,-35.90458179,True,True,True
25128434,E EDUC INFANT E FUND 1 EDUCAR PARA CRESCER,2505352,-6.6321087,-35.9079592,False,False,False
25128515,EMEF PROFESSOR NINO,2505352,-6.6323748,-35.90349793,False,False,False
25033778,CENTRO PRE-ESCOLAR GENTE INOCENTE,2505402,-7.28843621,-37.07987783,True,True,False
25033786,ECI GERTRUDES LEITE,2505402,-7.28463167,-37.08702471,True,True,True
25033816,EEEF SILVEIRA DANTAS,2505402,-7.289745,-37.0897118,True,False,False
25033913,EMEIF JOAO APOLINARIO,2505402,-7.263152031,-37.1460253,True,True,False
25033972,EMEIF MANOEL PEREIRA,2505402,-7.318739053,-37.12198718,True,False,False
25033980,EMEIF QUINTINO LEITE FERREIRA,2505402,-7.293717479,-37.06567168,True,False,False
25034014,EMEIF ABEL MENDONCA,2505402,-7.259657951,-37.133117,True,True,False
25034057,EMEIF JOAO GUEDES MACHADO,2505402,-7.340989863,-37.11731309,True,False,False
25034073,EMEIF JOSE MAMEDES FERREIRA,2505402,-7.255971674,-37.09194769,True,False,False
25034081,EMEIF MARIA DO CARMO BARBOSA,2505402,-7.2890667,-37.0896004,True,True,False
25034090,EMEF NEVINHA DANTAS,2505402,-7.26073029,-37.03899024,True,True,False
25034146,PRE ESC BRANCA DE NEVE,2505402,-7.262894413,-37.0407035,True,False,False
25113135,EMEF CASSIMIRA LEITE MONTENEGRO,2505402,-7.284378447,-37.08539279,True,True,False
25115871,CRECHE TEREZINHA LEITE,2505402,-7.286474258,-37.08858479,True,False,False
25014226,ECI MANOEL MEDEIROS DE ARAUJO,2505501,-6.7376345,-37.5687882,True,False,True
25014285,EMEIF JOAO FRANCISCO DA SILVA,2505501,-6.7871505,-37.5828084,True,False,True
25014307,EMEIF JOSE FRANCISCO,2505501,-6.7460379,-37.5546096,True,False,False
25014315,EMEIF JOSE GIL XAVIER DE FARIAS,2505501,-6.7402664,-37.564853,True,False,True
25014323,EMEIF MANOEL CANDIDO DE FARIAS,2505501,-6.778238,-37.5674474,True,False,True
25014340,EMEIF SALATIEL MARQUES MEDEIROS,2505501,-6.740276,-37.5689478,False,False,True
25014366,EMEIF JOAO XAVIER DE FARIAS,2505501,-6.7355837,-37.5525118,True,False,True
25029789,ECIT PROFESSORA ADILINA DE SOUZA DINIZ,2505600,-7.4301318,-38.26579478,False,False,False
25029797,EEEF JOANA ABILIO PEGADO,2505600,-7.427218608,-38.26262791,False,True,False
25029835,EMPG EDINALVA DE OLIVEIRA MARQUES FRANCO,2505600,-7.429011203,-38.26307324,True,True,False
25029851,GR MUL JOAO GALDINO DE SOUSA,2505600,-7.423342397,-38.35238057,False,False,False
25029940,EMPG JOSE ANTONIO BARROS,2505600,-7.38974995,-38.305443,True,False,False
25030051,GR ESC MUL PEDRO FORTUNATO,2505600,-7.423344534,-38.35234973,False,False,False
25030060,GR MUL ANTONIO BARROS DA SILVA,2505600,-7.426464781,-38.26610137,True,True,False
25030086,GR MUL RAIMUNDO CARTAXO,2505600,-7.465277,-38.27472,False,False,False
25103857,CRECHE E PRE ESC MUL RICARDO ARAKEN ABILIO PEGADO,2505600,-7.424804536,-38.26688348,True,False,False
25105299,EMEEF JOAO OLEGARIO DA SILVA,2505600,-7.3854086,-38.2780776,False,False,False
25115820,EMEF MESTRE MANDU,2505600,-7.426515617,-38.2661043,True,True,False
25126237,EMEIF ASSENTAMENTO LAMPIAO,2505600,-7.533166744,-38.25504304,False,False,False
25156802,INSTITUTO EBENEZER,2505600,-7.428041667,-38.26617167,True,True,True
25030108,EEEF DOUTOR ERNESTO DE SOUSA DINIZ,2505600,-7.4207726,-38.3495625,True,False,False
25115812,EMEIF CICERO ABILIO DE SOUSA,2505600,-7.423363812,-38.35244377,False,False,False
25126598,COLEGIO BATISTA DE DIAMANTE,2505600,-7.42636,-38.265,False,False,False
25060040,ESCOLA MUNICIPAL DR JOSE DE MELO,2505709,-6.603908333,-35.62607667,False,False,False
25060058,ECI GOVERNADOR CLOVIS BEZERRA CAVALCANTI,2505709,-6.605305,-35.6279133,False,False,False
25060074,EM PROFESSORA ELIZABETE GUEDES DE LIMA,2505709,-6.5841341,-35.5882574,False,False,False
25060082,E M PROFESSOR ODILON MATIAS DE ARAUJO,2505709,-6.607925,-35.655335,False,False,False
25060090,ESC MUL DO ENS FUND PROFESSORA MARIA FERREIRA DA COSTA OLIVEIRA,2505709,-6.607551667,-35.68077333,True,False,False
25060104,ESCOLA MUNICIPAL MUNDO ENCANTADO DA CRIANCA,2505709,-6.6037553,-35.6309883,False,False,False
25060180,EM VEREADOR JOSE CANDIDO DE ARAUJO,2505709,-6.6335059,-35.6234637,True,False,False
25060198,ESC MUL PROFESSORA ANA LUCIA DA SILVA FERNANDES,2505709,-6.5745532,-35.5773164,True,True,False
25060210,ESCOLA MUNICIPAL DR FLAVIANO RIBEIRO,2505709,-6.583365,-35.59610167,False,False,False
25060228,EM PEDRO DAVINO DE ARAUJO,2505709,-6.6360812,-35.6486626,True,True,False
25060236,ESCOLA MUNICIPAL PROFESSORA CICERA FERREIRA DA SILVA,2505709,-6.609986667,-35.67353833,False,False,False
25060244,ESCOLA MUNICIPAL DR FLAVIO RIBEIRO,2505709,-6.6048388,-35.6311192,False,False,False
25060252,ESCOLA MUNICIPAL POETA JOAO GALDINO DE OLIVEIRA,2505709,-6.641823333,-35.67138167,True,False,False
25060287,ESCOLA MUNICIPAL SEVERINO FELIX DE LIMA,2505709,-6.5950118,-35.5528743,False,False,False
25101534,ESCOLA MUNICIPAL GOVERNADOR ANTONIO MARIZ,2505709,-6.604356667,-35.63106,True,False,False
25112392,ESCOLA MUNICIPAL DO ENSINO FUNDAMENTAL SENADOR HUMBERTO LUCENA,2505709,-6.6004848,-35.6227559,True,True,True
25112406,ESC MUL PROFª LUQUINHA,2505709,-6.60311,-35.62860167,True,True,False
25113950,EM EDUCADOR PAULO FREIRE,2505709,-6.590405,-35.63232833,True,False,False
25114077,EDUCANDARIO PAULO FREIRE,2505709,-6.60666497,-35.62702283,True,True,True
25121022,ESCOLA MUNICIPAL DEPUTADO ADAUTO PEREIRA,2505709,-6.632653333,-35.70309667,False,False,False
25127357,EMEI LUIZA TEIXEIRA DA COSTA,2505709,-6.598981667,-35.62815333,True,False,False
25127365,EMEI PROFESSORA MARIA EUGENIA,2505709,-6.604861667,-35.63014333,False,True,False
25068040,CRECHE PEQUENA SORAYA,2505808,-6.68661328,-35.41753576,True,False,True
25068067,ESCOLA DOS MENINOS DE JESUS,2505808,-6.689527,-35.41822,True,False,False
25068075,ECI SAGRADO CORACAO DE JESUS,2505808,-6.6911727,-35.4231574,False,False,False
25068083,EEEF FRANCISCO COSTA,2505808,-6.6891756,-35.4166593,True,True,False
25068121,EMEF FRANCISCO FELIPE DOS SANTOS,2505808,-6.68965893,-35.41814246,True,True,False
25068202,EMEF DIVA LIRA DE CARVALHO,2505808,-6.68861998,-35.41921076,True,True,True
25068210,EMEF CLARICE COSTA,2505808,-6.71007866,-35.400187,True,True,True
25068237,EMEF JOAO SILVANO,2505808,-6.74908502,-35.3529347,True,True,True
25115294,EMEF PROFESSORA MARIA DUTRA,2505808,-6.68936855,-35.41961025,True,True,True
25025350,CRECHE ANGELITA PEREIRA DE SOUSA,2505907,-7.1063353,-37.7148666,True,False,False
25025368,ECIT PROFESSORA MARGARIDA REMIGIO LOUREIRO,2505907,-7.10834194,-37.71399423,True,True,True
25025406,EMEFM VICENTE NUNES TAVARES,2505907,-7.1074138,-37.7170116,True,True,False
25025597,EMEF UMBELINA ALVES PEREIRA,2505907,-7.1241414,-37.6950365,True,True,True
25125621,ESCOLA SONHO DE CRIANCA,2505907,-7.1067329,-37.7138786,False,False,False
25061631,CENTRO EDUCACIONAL MONTEIRO LOBATO,2506004,-7.01642075,-35.85567314,False,True,True
25061666,CRECHE VO MILITINA,2506004,-7.020634236,-35.86221839,True,False,False
25061674,COLEGIO MENINO JESUS DE PRAGA,2506004,-7.02239,-35.8595672,True,True,False
25061690,ESCOLA MUNICIPAL DE EDUCACAO INFANTIL JOSEFA ARAUJO PINHEIRO,2506004,-7.02381679,-35.8608454,True,False,True
25061704,EMEF OLIMPIA SOUTO,2506004,-7.03704644,-35.87092913,True,False,False
25061712,EMEF JOSE SOUTO,2506004,-7.018238428,-35.86267842,True,True,True
25061720,ECIT MONSENHOR JOSE DA SILVA COUTINHO,2506004,-7.01647,-35.86199,True,True,True
25061739,EEEFM IRINEU JOFFILY,2506004,-7.0181859,-35.858078,True,True,False
25061771,EMEF FRANCISCO PEDRO DE OLIVEIRA,2506004,-6.9594595,-35.8862886,False,False,False
25061798,EMEF JOAO VICENTE PEREIRA,2506004,-6.9807229,-35.929159,False,False,False
25061801,EMEF MANOEL DA LUZ DOS SANTOS,2506004,-6.9879891,-35.91906709,False,False,False
25061810,EMEF MARIA FRANCISCA LEITE,2506004,-6.9768184,-35.8416572,False,False,False
25061828,EMEF AGOSTINHO DE OLIVEIRA,2506004,-6.98986565,-35.87061859,True,True,False
25061836,EMEF CICERO JANUARIO DA SILVA,2506004,-6.983717,-35.8578243,True,False,False
25061844,EMEF HOSANA LOPES MARTINS,2506004,-7.017707778,-35.86298785,True,True,False
25061852,EMEF JOSE LOPES,2506004,-7.0142473,-35.8527192,True,True,True
25061879,EMEF ANTONIO ADELINO DOS SANTOS,2506004,-7.020950317,-35.80591489,True,False,False
25061895,EMEF FABRICIO BATISTA DE ARAUJO,2506004,-6.98830145,-35.83110268,True,True,True
25061909,EMEF JOSE FELIX DE FIGUEIREDO,2506004,-7.024735636,-35.82208418,False,False,False
25061917,EMEF JOSE PAULINO MACHADO,2506004,-6.9961204,-35.8914258,True,False,False
25061925,EMEF JOVENTINO BATISTA MONTEIRO,2506004,-6.9724428,-35.8997261,True,True,False
25061933,EMEF MANOEL AGOSTINHO PEREIRA,2506004,-7.04449236,-35.87155799,False,True,False
25061950,EMEF MARIA EMILIA DE C SILVA,2506004,-7.03569364,-35.84639209,False,False,False
25061968,EMEF SEVERINO ALVES BARBOSA,2506004,-7.00899684,-35.90033654,True,True,False
25061976,EMEF SILVINO TRAJANO DA ROCHA,2506004,-7.0074917,-35.8265198,True,False,False
25061984,EMEF WELLINGTON VITAL PEREIRA,2506004,-7.0214846,-35.8524267,True,True,False
25061992,EMRIEIF MANOEL PEREIRA DA SILVA,2506004,-7.01798727,-35.84767788,True,True,False
25062000,EMEF ANTONIO COELHO DE CARVALHO,2506004,-7.027547643,-35.88779412,True,False,False
25107666,APAE - ASSOC DE PAIS E AMIGOS DOS EXCEPCIONAIS,2506004,-7.0247181,-35.8622758,False,True,True
25109723,EMEF DOM MANUEL PALMEIRA DA ROCHA,2506004,-7.0170755,-35.8606602,True,True,True
25124838,CRECHE PEQUENO JOAO ARIANO GRANGEIRO CALANDRINI,2506004,-7.031342536,-35.86634162,False,True,True
25128035,COLEGIO DE ALTO PADRAO DE ENSINO LTDA ME,2506004,-7.022158333,-35.85932,True,True,True
25128612,IFPB - CAMPUS ESPERANCA,2506004,-7.023605788,-35.86141909,True,True,True
25132008,EMRIEIF PROFESSORA MARGARIDA MARIA ANDRADE DINIZ,2506004,-7.03089157,-35.86773335,True,True,True
25139800,CRECHE MUNICIPAL VOVO BETINHA,2506004,-7.018270749,-35.85909253,True,True,False
25077090,CMPG NILA FERREIRA,2506103,-7.35866385,-35.78310646,True,True,False
25077104,COLEGIO JOAO XXIII,2506103,-7.35844517,-35.78412105,True,True,True
25077147,ECI JOANA EMILIA DA SILVA,2506103,-7.35954607,-35.78291526,True,True,False
25077163,EEEF FREI ALBERTO,2506103,-7.35787071,-35.78841372,True,False,False
25077180,GR ESC FRANCISCO JOAQUIM DO NASCIMENTO,2506103,-7.43501291,-35.75613534,False,False,False
25077287,GR ESC FRANCISCO DOS REIS,2506103,-7.34682987,-35.78574368,False,False,False
25077317,GR ESC MANOEL PEDRO DA SILVA,2506103,-7.43446969,-35.78389253,False,False,False
25077392,GR ESC ANA MARIA DA CONCEICAO,2506103,-7.43586544,-35.81217351,True,False,False
25077406,GR ESC ANGELA MARIA DA CONCEICAO,2506103,-7.353612,-35.73366,True,False,True
25077414,GR ESC CASSIMIRO FRANCISCO VIEIRA,2506103,-7.45248487,-35.76751475,True,False,False
25077422,GR ESC CICERO RIBEIRO DA SILVA,2506103,-7.41148368,-35.79972902,False,False,False
25077449,GR ESC ALEXANDRINA MARIA DA CONCEICAO,2506103,-7.35363568,-35.73359625,True,False,True
25077457,GR ESC FRANCISCO JOSE DO NASCIMENTO,2506103,-7.34904272,-35.72232956,True,False,False
25077465,GR ESC GUILHERMINA MARIA DE JESUS,2506103,-7.35137949,-35.77651344,True,False,False
25077473,GR ESC GUSTAVO JOAQUIM DA SILVA,2506103,-7.37361053,-35.80347889,False,False,False
25077481,GR ESC JOANINHA FERREIRA,2506103,-7.37939614,-35.76613449,True,False,False
25077490,GR ESC JOAO PEDRO DA SILVA,2506103,-7.42943434,-35.80402267,False,False,False
25077503,GR ESC JOAO TRAJANO DA SILVA,2506103,-7.366577845,-35.75581336,False,False,False
25077511,GR ESC JOSE INACIO TAVEIRA,2506103,-7.34445436,-35.72858184,False,False,False
25077538,GR ESC JOSE MARIA BARBOSA LEITE,2506103,-7.33703271,-35.79414147,False,False,False
25077546,GR ESC MANOEL FELIPE DOS SANTOS,2506103,-7.33525317,-35.81684272,True,True,False
25077589,GR ESC MARIA RODRIGUES DA SILVA,2506103,-7.35676634,-35.77247212,False,False,False
25077597,GR ESC MINANA TAVEIRA DE MACEDO,2506103,-7.33744637,-35.74670979,False,False,False
25077600,GR ESC SEBASTIAO TAVEIRA MACEDO,2506103,-7.34417618,-35.83444929,True,True,False
25077619,GR ESC SANTA JOANA DARC,2506103,-7.39026957,-35.77992701,True,False,False
25077627,GR ESC SANTINA MARIA DA CONCEICAO,2506103,-7.34417213,-35.74120336,False,False,False
25077643,GR ESC SEBASTIAO BARBOSA DE MELO,2506103,-7.35114147,-35.81537878,False,False,False
25077651,GR ESC SEVERINO BARRETO DA SILVA,2506103,-7.44038443,-35.80479983,False,False,False
25077660,GR ESC ZACARIAS DIAS DE ARAUJO,2506103,-7.41993185,-35.76107564,True,False,False
25129929,CENTRO EDUCACIONAL PEQUENO APRENDIZ,2506103,-7.35822477,-35.78239322,True,True,False
25132547,CRECHE MUNICIPAL VITALINA CRUZ HERCULANO,2506103,-7.349330878,-35.77671617,True,True,True
25041150,CEI ANTONIA JARDELINA DA SILVA,2506202,-6.4027924,-36.4527318,True,False,True
25041185,ECI PREFEITO AGUITONIO DANTAS,2506202,-6.407025,-36.4526383,True,True,True
25041207,EMEF ELIETE SOUZA DE ARAUJO SILVA,2506202,-6.4024829,-36.4536187,True,False,True
25041355,EMEF JOAO FERNANDES FALCAO,2506202,-6.4149702,-36.479621,True,False,True
25083627,EMEF JOAO HILARIO DE FIGUEIREDO,2506251,-7.523748712,-35.83534727,True,False,False
25083635,EMEF ASSIS CHATEAUBRIAND,2506251,-7.62128368,-35.81618808,False,False,False
25083678,EMEF SEVERINO XAVIER DE MORAES,2506251,-7.639434692,-35.80054561,False,False,False
25083686,EMEF SANTA ANA,2506251,-7.55757676,-35.82700471,False,False,False
25083767,EMEF PEDRO BRITO BARBOSA,2506251,-7.611696753,-35.82198945,False,False,False
25083783,EMEF NOSSA SENHORA APARECIDA,2506251,-7.596312147,-35.80515155,False,False,False
25083830,EMEF DE PICADAS,2506251,-7.640893185,-35.71586374,False,False,False
25084097,EMEF FRANCISCO BARBOSA DE AGUIAR,2506251,-7.539131641,-35.84878396,False,False,False
25084127,EMEF MANOEL HERCULANO DO NASCIMENTO,2506251,-7.523077167,-35.81684203,False,False,False
25084208,EMEF JOAQUIM AVELINO,2506251,-7.556044143,-35.77498131,True,False,False
25084224,EMEF JOSE LUCENA DE MORAIS,2506251,-7.598873321,-35.83116361,False,False,False
25084267,EMEF SALVINO FIGUEIREDO NETO,2506251,-7.49261066,-35.84109398,False,False,False
25084275,EMEF FRANCISCO SERGIO DE AGUIAR,2506251,-7.640274432,-35.84665471,False,False,False
25084283,EMEF HORACIO PEREIRA DA SILVA,2506251,-7.515036059,-35.85044148,False,False,False
25084305,EMEF JOSE PEREIRA DE AGUIAR,2506251,-7.551789698,-35.85396079,False,False,False
25084356,EMEF MANOEL DE BRITO LIRA,2506251,-7.617221894,-35.8539069,False,False,False
25084445,ECI JOAO DA SILVA MONTEIRO,2506251,-7.583539593,-35.78960923,True,True,False
25084453,EMEF JOSE XAVIER TRAVASSOS,2506251,-7.62077515,-35.79050384,True,False,False
25084488,EMEFM PE GODOFREDO JOOSTEN,2506251,-7.58305457,-35.79403754,True,True,True
25084496,EMEF JOSE AUGUSTO DO NASCIMENTO,2506251,-7.572775469,-35.76698497,True,False,False
25106040,EMEF SAO BENTO,2506251,-7.632672298,-35.77590692,False,False,False
25106058,EMEF DE PEDRAS ALTAS,2506251,-7.560697566,-35.77921048,False,False,False
25106066,EMEF SAO JOSE,2506251,-7.556235921,-35.80136477,False,False,False
25106074,EMEF SAO PAULO,2506251,-7.607994131,-35.78581332,False,False,False
25106090,EMEF JOAO DE BRITO LIRA,2506251,-7.581607648,-35.76378845,False,False,False
25106163,EMEF MANOEL BEZERRA,2506251,-7.572892606,-35.82405064,False,False,False
25106171,EMEF JOSE ARAUJO DO REGO,2506251,-7.591162934,-35.85946586,False,False,False
25111876,EMEF JULIAO DE SOUZA LEAL,2506251,-7.624281091,-35.82948111,False,False,False
25111884,PRE-ESC MUNICIPAL EDVARD CALDAS LINS,2506251,-7.583720894,-35.78893776,True,False,True
25111914,EMEF DE PINHOES,2506251,-7.513876045,-35.86719674,False,False,False
25116452,E M DE E INFANTIL E DE E F BILINGUE PARA SURDOS PE EDWARDS CALDAS LINS,2506251,-7.580645196,-35.78810577,False,False,False
25129503,ESCOLA PEQUENO DAVI,2506251,-7.58279902,-35.79074791,True,True,False
25129651,CRECHE MUNICIPAL LUZIA SANTOS DE ARAUJO,2506251,-7.571010953,-35.76592315,True,False,False
25068369,ESCOLA MUNICIPAL DE EDUCACAO INFANTIL E ENSINO FUNDAMENTAL PROF RAIMUNDA RIBEIRO DA SILVA,2506301,-6.8623337,-35.4921694,True,True,False
25068423,ESCOLA MUNICIPAL DE ENSINO FUNDAMENTAL OSMAR DE AQUINO,2506301,-6.8455083,-35.490765,True,True,True
25068431,COLEGIO DA LUZ LTDA,2506301,-6.853643333,-35.48764667,True,True,True
25068458,COLEGIO SANTO ANTONIO,2506301,-6.854826,-35.48718,True,True,True
25068482,CENTRO DE EDUCACAO INFANTIL ABIGAIL VIEIRA DA SILVA,2506301,-6.857585,-35.491435,True,False,False
25068504,CENTRO DE EDUCACAO INFANTIL TIA LEA,2506301,-6.8662667,-35.4910293,True,False,False
25068512,CENTRO DE EDUCACAO INFANTIL TIA LUZIA PAULINO,2506301,-6.84954,-35.50518,True,False,False
25068539,CENTRO DE EDUCACAO INFANTIL VOVO CARMA,2506301,-6.858706667,-35.44308167,True,False,False
25068555,EDUC CECILIA MEIRELES,2506301,-6.848225,-35.494145,True,True,False
25068563,EDUCANDARIO NOSSA SENHORA DE LOURDES,2506301,-6.850008,-35.49069,False,True,True
25068598,EDUC SONHO MEU,2506301,-6.855481,-35.49186,False,False,False
25068628,ECIT MONSENHOR EMILIANO DE CRISTO,2506301,-6.856814378,-35.48228673,False,False,False
25068636,ECI JOSE SOARES DE CARVALHO,2506301,-6.8544475,-35.4975409,True,False,False
25068644,EEEFM ANTENOR NAVARRO,2506301,-6.8557656,-35.487326,True,True,False
25068652,EEEF PROFESSOR ANTONIO BENVINDO,2506301,-6.849142,-35.49233,False,False,False
25068660,EEEF DEPUTADO GUSTAVO AMORIM DA COSTA,2506301,-6.849387344,-35.49957083,False,True,False
25068695,EEEF DESEMBARGADOR PEDRO BANDEIRA,2506301,-6.863062,-35.4917982,True,True,False
25068709,EEEM JOHN KENNEDY,2506301,-6.8455804,-35.496112,False,False,False
25068725,EEEM PROFESSOR EDGARDO JULIO,2506301,-6.8583836,-35.4838392,True,True,False
25068733,EEEFM JOAO FRANCELINO DA SILVA,2506301,-6.8815118,-35.49599,False,False,False
25068776,EDUCANDARIO MENINO DE DEUS LTDA,2506301,-6.848166,-35.48694,True,False,False
25068806,ESCOLA MUNICIPAL DE ENSINO FUNDAMENTAL MARIA LOURDES DE SOUZA AMORIM,2506301,-6.881092,-35.4967574,True,True,False
25068830,ESCOLA SAO FRANCISCO,2506301,-6.854569,-35.48104,True,False,True
25068865,ESCOLA MUNICIPAL DE EDUCACAO INFANTIL E ENSINO FUNDAMENTAL SAO RAFAEL,2506301,-6.8458066,-35.4844895,True,False,True
25068903,EDUCANDARIO FELIZ DO SABER,2506301,-6.852294649,-35.50169991,False,False,False
25068911,INSTITUTO PAULO FREIRE,2506301,-6.8598613,-35.4898526,True,False,False
25068954,ESCOLA MUNICIPAL DE EDUCACAO INFANTIL E ENSINO FUNDAMENTAL ABILIO CLEMENTINO DE ARRUDA,2506301,-6.817451667,-35.46814833,False,False,False
25068962,ESCOLA MUNICIPAL DE EDUCACAO INFANTIL E ENSINO FUNDAMENTAL ANALIA PEREIRA DO NASCIMENTO,2506301,-6.858093333,-35.40264167,True,False,False
25068970,ESCOLA MUNICIPAL DE EDUCACAO INFANTIL E ENSINO FUNDAMENTAL EDSON MONTENEGRO DA CUNHA,2506301,-6.849981667,-35.48477667,True,True,False
25069004,ESCOLA MUNICIPAL DE EDUCACAO INFANTIL E ENSINO FUNDAMENTAL JOAO CLAUDINO DE PONTES,2506301,-6.942753333,-35.46633833,False,False,False
25069012,ESCOLA MUNICIPAL DE EDUCACAO INFANTIL E ENSINO FUNDAMENTAL MARIA BENEVIDES DE AQUINO,2506301,-6.902528333,-35.42026167,False,False,False
25069020,ESCOLA MUNICIPAL DE EDUCACAO INFANTIL E ENSINO FUNDAMENTAL MARIA EULALIA CANTALICE,2506301,-6.848006887,-35.48727484,True,False,False
25069039,ESCOLA MUNICIPAL DE EDUCACAO INFANTIL E ENSINO FUNDAMENTAL NAZILDA DA CUNHA MOURA,2506301,-6.858431667,-35.48789167,True,False,False
25069063,ESCOLA MUNICIPAL DE EDUCACAO INFANTIL E ENSINO FUNDAMENTAL SEBASTIAO BEZERRA BASTOS,2506301,-6.8587771,-35.4435671,True,True,False
25069071,ESCOLA MUNICIPAL DE EDUCACAO INFANTIL E ENSINO FUNDAMENTAL SERGIO LUIZ DE MELO GOMES,2506301,-6.85025,-35.499965,True,False,False
25069101,ESCOLA MUNICIPAL DE EDUCACAO INFANTIL E ENSINO FUNDAMENTTAL AMALIA FREIRE DE PONTES,2506301,-6.8650567,-35.4898933,True,True,False
25069110,ESCOLA MUNICIPAL DE EDUCACAO INFANTIL E ENSINO FUNDAMENTAL ANTONIO FERREIRA DE SOUZA,2506301,-6.8645664,-35.4541115,True,True,False
25069217,ESCOLA MUNICIPAL DE EDUCACAO INFANTIL E ENSINO FUNDAMENTAL PAULO BRANDAO CAVALCANTE FILHO,2506301,-6.854023333,-35.49413167,True,True,False
25069225,ESCOLA MUNICIPAL DE EDUCACAO INFANTIL E ENSINO FUNDAMENTEL RAYMUNDO ASFORA,2506301,-6.8669067,-35.48584,True,True,False
25109588,EDUCANDARIO ALEGRIA DE SABER,2506301,-6.8556986,-35.4813218,True,True,True
25111590,SOCIEDADE GUARABIRENSE DE EDUCACAO LTDA,2506301,-6.854718333,-35.48816,True,True,False
25111795,INSTITUTO EDUCACIONAL ESTRELA DA MANHA,2506301,-6.85423,-35.49632,True,True,False
25116541,ESCOLA MUNICIPAL DE EDUCACAO INFANTIL E ENSINO FUNDAMENTAL JUBERLITA PEREIRA DA COSTA,2506301,-6.903096667,-35.45396,True,True,False
25116568,ESCOLA MUNICIPAL DE EDUCACAO INFANTIL E ENSINO FUNDAMENTAL ANTONIO FLORENTINO DA COSTA,2506301,-6.877288333,-35.47599167,False,False,False
25116584,ESCOLA MUNICIPAL DE ENSINO FUNDAMENTAL EDIVARDO TOSCANO,2506301,-6.863281667,-35.49378,True,True,True
25116690,CENTRO DE EDUCACAO INFANTIL LAVINIA MARIA MOURA RIBEIRO BARBOSA,2506301,-6.8662333,-35.4856641,True,True,False
25116711,CENTRO DE EDUCACAO INFANTIL LIA BELTRAO,2506301,-6.892945,-35.47718833,False,False,False
25116720,ESCOLA MUNICIPAL DE ENSINO FUNDAMENTAL DOM HELDER CAMARA,2506301,-6.846251667,-35.48848333,True,True,False
25119087,ESCOLA MUNICIPAL DE ENSINO FUNDAMENTAL RAUL DE FREITAS MOUSINHO,2506301,-6.852206667,-35.49886833,True,False,False
25120255,ESCOLA MUNICIPAL DE EDUCACAO INFANTIL E ENSINO FUNDAMENTAL ANTONIO GALDINO GUEDES,2506301,-6.8474387,-35.5022713,True,False,False
25120263,ESCOLA MUNICIPAL DE ENSINO FUNDAMENTAL ASCENDINO TOSCANO DE BRITO,2506301,-6.8509467,-35.4808433,True,True,False
25121383,ESCOLA MUNICIPAL DE EDUCACAO INFANTIL E ENSINO FUNDAMENTAL ALCIDES MANOEL DA SILVA,2506301,-6.8776917,-35.4201867,True,False,False
25121413,EXECUTIVO COLEGIO E CURSO,2506301,-6.8511467,-35.4976404,True,True,False
25122185,CENTRO DE EDUCACAO INFANTIL MARIA JOSE DA COSTA BORGES,2506301,-6.903366667,-35.458115,False,False,False
25122215,CENTRO DE EDUCACAO INFANTIL JEANE CRISTINA DO NASCIMENTO GOMES,2506301,-6.877823333,-35.420085,False,False,False
25125923,IFPB - CAMPUS GUARABIRA,2506301,-6.8574604,-35.469996,True,True,True
25126474,CENTRO DE EDUCACAO INFANTIL SAO MIGUEL - AMECC,2506301,-6.844971667,-35.48469667,True,False,False
25126482,CENTRO DE EDUCACAO INFANTIL AUGUSTO VARELA TOSCANO DE BRITO,2506301,-6.8480583,-35.496425,True,False,False
25127497,ESCOLA MUNICIPAL DE EDUCACAO INFANTIL E ENSINO FUNDAMENTAL PROF EDGARDO JULIO,2506301,-6.8545185,-35.4791562,True,True,False
25128159,ESCOLA MUNICIPAL DE EDUCACAO INFANTIL E ENSINO FUNDAMENTAL MARIA DA PIEDADE MEDEIROS PAIVA,2506301,-6.847796667,-35.49637333,True,False,False
25130161,ECIT GUARABIRA DOM MARCELO PINTO CARVALHEIRA,2506301,-6.8784918,-35.4777162,True,True,True
25130471,CENTRO DE EDUCACAO INFANTIL EUSA BELARMINO DOS SANTOS LIMA,2506301,-6.8553485,-35.4840342,True,True,False
25130587,CREI - MARIA DO CARMO TORRES TOSCANO,2506301,-6.894666667,-35.48813167,True,False,True
25237802,COLEGIO BETESDA,2506301,-6.846096,-35.49213,True,True,True
25069098,ESCOLA MUNICIPAL DE EDUCACAO INFANTIL E ENSINO FUNDAMENTAL AMALIA TEIXEIRA DE CARVALHO,2506301,-6.8928759,-35.4778852,True,False,False
25080407,ECI JOAO RIBEIRO,2506400,-7.125646952,-35.42331764,True,True,False
25080490,EMEIF PROFESSOR JOAQUIM CICERO BATISTA,2506400,-7.2233345,-35.438274,True,True,False
25080512,ESC MUL NAUTILIA R DE PAIVA,2506400,-7.1527585,-35.3943197,False,False,False
25080547,EMEIF PROFESSORA GERLANIA MARIA DA SILVA,2506400,-7.177015928,-35.39050275,True,True,False
25080563,EMEF FELICIANO DE FRANCA GALVAO,2506400,-7.073568385,-35.44147722,False,False,False
25080571,EMEF MADRE DANTAS,2506400,-7.119597045,-35.42267131,True,True,False
25080598,EMEF SERAFINA RIBEIRO,2506400,-7.124617922,-35.42605821,True,True,False
25080601,EMEF JOAO FRANCISCO DOS SANTOS,2506400,-7.181770569,-35.50296513,True,True,False
25080610,EMEIF MARIA ALCINDA DE PAIVA,2506400,-7.1262213,-35.4258288,False,False,False
25080636,EMEF ANALIA ARRUDA DA SILVA,2506400,-7.213828937,-35.46115298,False,False,False
25080687,EMEIF PE JOSE MARIA MESQUITA,2506400,-7.132284181,-35.36331592,True,True,False
25080717,EMEF LUIZ F DE ALBUQUERQUE MARANHAO,2506400,-7.067308136,-35.39364184,False,False,False
25080776,EMEIF DE AUSENTE,2506400,-7.100347656,-35.37648298,False,False,False
25115464,CRECHE PEDACINHO DE AMOR,2506400,-7.175361765,-35.39082122,True,True,False
25115480,CRECHE REGINALDO GALDINO DE OLIVEIRA,2506400,-7.117967648,-35.4252196,False,False,False
25115561,EMEIF FRANCISCO MANOEL COELHO,2506400,-7.172588185,-35.39209696,True,True,False
25115570,EMEF FLAVIANO RIBEIRO COUTINHO,2506400,-7.123475989,-35.42458724,True,True,True
25115596,CENTRO EDUCACIONAL VITORINO SILVEIRA,2506400,-7.12448,-35.42328667,True,False,False
25126881,CENTRO EDUCACIONAL MENINO JESUS,2506400,-7.17471685,-35.3910426,True,True,True
25130056,INSTITUTO EDUCACIONAL SAO BENTO,2506400,-7.12507769,-35.42269451,False,False,False
25133187,EMEIF ANA FERREIRA RIBEIRO COUTINHO,2506400,-7.147,-35.44796333,True,True,False
25309935,EMEI PROFESSORA CARMEM SILVIA ALVES DA SILVA,2506400,-7.126246453,-35.42555592,True,False,False
25053728,ECIT JUAREZ MARACAJA,2506509,-7.2440068,-36.4918162,True,False,False
25053833,ESC MUN BENTO VICENTE ALVES,2506509,-7.248135307,-36.52062183,False,False,False
25053949,ESCOLA MUNICIPAL DO ENSINO FUNDAMENTAL AUREA CORREIA DE QUEIROZ,2506509,-7.246086602,-36.48879114,True,True,True
25053957,ESCOLA MUNICIPAL VIRGEM DOS POBRES,2506509,-7.1850306,-36.5432404,True,False,True
25053990,EMEF EUTALIA RAMOS GURJAO,2506509,-7.245754134,-36.48823726,True,True,True
25114662,CRECHE MUNICIPAL MARIA GRACIETE RAMOS CASTRO,2506509,-7.249194654,-36.48441796,True,True,True
25030116,ECI PADRE MANOEL OTAVIANO,2506608,-7.501722,-38.40364,False,False,False
25030175,EEEF FRANCA LEITE,2506608,-7.497851,-38.40407,False,False,False
25030213,EMEIF PRESIDENTE TANCREDO NEVES,2506608,-7.498205,-38.40380833,True,True,False
25030299,EMEIF ANALIA GALDINO DOS SANTOS,2506608,-7.498273333,-38.40384333,True,False,False
25030396,EMEIF POETA RENATO PINHEIRO RAMALHO,2506608,-7.498216667,-38.40385,True,False,False
25030400,EMEIF PROFESSORA CECI BADU DE SOUSA,2506608,-7.500898333,-38.404135,True,True,False
25030485,EMEIF ANTONIO JOSE DA SILVA,2506608,-7.498253333,-38.40385167,True,False,False
25104160,CRECHE MARLUCE RAMALHO ROCHA,2506608,-7.498251667,-38.40385,True,False,False
25113283,EMEIF PROFESSORA ALICE LEITE,2506608,-7.500831667,-38.40403833,True,True,False
25034200,ECIT MARIA DO SOCORRO RAMALHO QUIRINO,2506707,-7.39068353,-37.50452012,True,True,True
25034227,EEEF DELMIRO DANTAS,2506707,-7.390568333,-37.50678333,True,True,True
25034235,EMEF MIGUEL OTAVIANO DE MEDEIROS,2506707,-7.385862172,-37.51213409,True,True,False
25034383,EMEIF CICERO PIRES DE ALMEIDA,2506707,-7.352427,-37.5107274,False,False,False
25034456,EMEIF JOSE ALVES SABINO,2506707,-7.3492871,-37.5401835,True,False,False
25034464,EMEIF JOSE VIEIRA DA SILVA,2506707,-7.3320842,-37.3971392,True,False,True
25034480,EMEIF MANOEL LAURINDO ALVES,2506707,-7.3410607,-37.441563,False,False,False
25034529,EMEIF MARIA ROSALINA DE JESUS,2506707,-7.3314027,-37.5167215,False,False,False
25034570,EMEIF JOSE PEDRO DE MELO,2506707,-7.3265062,-37.5574933,True,False,False
25034642,EMEIF MARIA MADALENA TORRES DANTAS,2506707,-7.3825235,-37.5097845,True,False,True
25034731,EMEF JOAQUIM ALVES FEITOSA,2506707,-7.3472541,-37.5478477,True,True,False
25109995,EMEIF FRANCISCA QUIRINO FERREIRA,2506707,-7.390085771,-37.50998187,True,True,True
25123726,ESCOLA JARDIM DE DEUS ACAO EVANGELICA,2506707,-7.3873506,-37.5094144,False,False,False
25130790,CRECHE MUNICIPAL RAIMUNDA TRINDADE SABINO,2506707,-7.39004349,-37.50480745,False,True,True
25034219,EEEFM SANTA CATARINA,2506707,-7.3803627,-37.6250989,False,False,False
25034375,EMEIF CICERO MARINHO DOS SANTOS,2506707,-7.3612752,-37.6828656,False,False,False
25034413,EMEIF JOAO BERNARDINO BARBOSA,2506707,-7.416812,-37.5948788,False,False,False
25034510,EMEIF MARIA PEREIRA DOS SANTOS,2506707,-7.3801526,-37.6227627,False,False,True
25034715,EMEIF JOAO GONCALVES DA SILVA,2506707,-7.3743287,-37.6565433,True,True,True
25080814,CRECHE MUNICIPAL EUNICE COSTA GABRIEL,2506806,-7.211388,-35.63222,False,False,True
25080822,CRECHE MUNICIPAL KELMA CARDOSO COUTINHO MORAIS,2506806,-7.288818,-35.60653,True,True,True
25080849,ECIT LUIS GONZAGA BURITY,2506806,-7.292586803,-35.61284537,True,True,True
25080873,EMEIEF ABEL DA SILVA,2506806,-7.289967709,-35.61275426,True,True,False
25080881,EEEFM PROFESSOR RANGEL,2506806,-7.2888294,-35.6073752,True,True,False
25081020,EMEIEF DR MANOEL CORREIA DE FARIAS,2506806,-7.2879196,-35.60058672,True,True,False
25081110,EMEIEF CORINA DE AZEVEDO BARBOSA,2506806,-7.28652122,-35.60413283,True,True,False
25081187,EMEIF JOAO DIONISIO DE MENDONCA,2506806,-7.210403944,-35.6316034,True,True,True
25081241,EMEIEF MAJOR JOSE BARBOSA MONTEIRO,2506806,-7.29204793,-35.61139924,True,True,True
25081322,EMEIEF PROFESSORA CANDIDA AMELIA DE FARIAS BRAGA,2506806,-7.29104826,-35.60831837,True,True,False
25125303,ESCOLA GIZ DE COR,2506806,-7.289733,-35.61243,True,True,True
25129406,CEMES - COMPLEXO EDUCACIONAL MODERNO EL SHADAY,2506806,-7.291210041,-35.60632263,False,False,False
25153013,CENTRO EDUCACIONAL LIRIO DOS VALES,2506806,-7.2901,-35.61046,False,False,False
25081179,EMEIF FREI HERCULANO,2506806,-7.20065253,-35.64456295,True,True,False
25081373,ANBEAS COLEGIO NOSSA SRA DA CONCEICAO,2506905,-7.33254952,-35.34023458,True,False,False
25081403,ECIT DOUTOR ANTONIO BATISTA SANTIAGO,2506905,-7.3329956,-35.3419757,True,True,False
25081438,ESCOLA MUNICIPAL DE EDUCACAO INFANTIL E ENSINO FUNDAMENTAL DRº JOAO FLORENTINO MEIRA DE VASCONCELO,2506905,-7.33187183,-35.32849815,True,False,False
25081454,EEEFM JOAO FAGUNDES DE OLIVEIRA,2506905,-7.3223878,-35.3276655,True,True,True
25081462,ESCOLA MUNICIPAL DE EDUCACAO INFANTIL E ENSINO FUNDAMENTAL PROFESSOR MENDONCA,2506905,-7.3233103,-35.3289806,True,True,True
25081519,EMEIEF JOSE CELESTINO DA SILVA,2506905,-7.309387992,-35.393784,True,False,True
25081543,EMEIF PROFª IVA LIRA CORREIA,2506905,-7.3382631,-35.3415128,True,False,True
25081560,EMEIEF CECILIA LOPES DE ARAUJO,2506905,-7.271929812,-35.36195791,True,False,True
25081578,EMEIEF DR ANTONIO B SANTIAGO,2506905,-7.324761995,-35.33833017,True,True,True
25081586,EMEIEF LUIZ ANTONIO DE AGUIAR,2506905,-7.4179003,-35.3685679,True,False,True
25081594,EMEIEF MIGUEL ANGELO DA SILVA DANTAS,2506905,-7.3165682,-35.333169,True,False,True
25081675,EMEIEF JOANA TRINDADE,2506905,-7.317940509,-35.40033949,True,False,True
25081683,EMEIEF DR JOAO DA COSTA PESSOA,2506905,-7.33334695,-35.32664512,True,False,True
25081756,EMEIEF 31 DE MARCO,2506905,-7.264397,-35.3997225,True,False,True
25081772,EMEIEF NOSSA SRA DAS GRACAS,2506905,-7.3279099,-35.3332428,True,False,True
25081799,ESC NOR MUL PROFª MARIETA MEDEIROS,2506905,-7.3280418,-35.3332605,True,True,True
25081829,ESCOLINHA PARAISO DA CRIANCA,2506905,-7.3334457,-35.3389696,True,True,False
25104861,CRECHE E PRE-ESCOLA MARLUCE M ALMEIDA BORBA,2506905,-7.3173788,-35.3337764,True,False,True
25104870,CRECHE HILDA CARDOSO DE MORAES,2506905,-7.338308333,-35.34083167,True,False,True
25106210,INSTITUTO ESCOLAR ELSHADDAY,2506905,-7.32703869,-35.32964649,True,True,True
25110772,ESCOLA MENINO JESUS,2506905,-7.3337419,-35.3394848,False,False,False
25111868,EMEIEF SEBASTIAO RODRIGUES DE MELO,2506905,-7.346195444,-35.33599832,False,False,True
25126369,ESCOLINHA CAMINHO DAS LETRAS,2506905,-7.338463333,-35.33869,True,True,True
25128523,COLEGIO E CURSO DOM BOSCO,2506905,-7.3298744,-35.333824,False,False,False
25128604,IFPB - CAMPUS ITABAIANA,2506905,-7.304541869,-35.34578553,True,True,True
25133039,MATER COLEGIO E CURSO,2506905,-7.32643106,-35.33265194,True,True,True
25134086,CENTRO DE REFERENCIA EM EDUCACAO INFANTIL - CREI,2506905,-7.327638333,-35.33446333,True,True,True
25134094,EMEIEF JOSE PEDRO DE ARAUJO,2506905,-7.337061667,-35.37999667,True,False,True
25081411,EEEF PROFESSORA ODETE MENDES N OLIVEIRA,2506905,-7.3341933,-35.3585917,True,True,False
25030540,COLEGIO MONTEIRO LOBATO,2507002,-7.3078081,-38.1516757,True,True,True
25030558,ESC CRECHE SANTA CLARA DE ASSIS,2507002,-7.3032166,-38.1495132,True,False,True
25030566,EEEM ADALGISA TEODULO DA FONSECA,2507002,-7.31092859,-38.15283773,False,False,False
25030698,EEEF SIMEAO LEAL,2507002,-7.3066678,-38.1486128,True,True,True
25030736,EMEIFJOSE BERNARDINO DOS SANTOS,2507002,-7.3231272,-38.2501629,False,False,False
25030841,EMEF JOAQUIM GOMES DE MELO,2507002,-7.3179888,-38.1044392,False,False,False
25030876,EMEF JOSINO RICARTE DA SILVA,2507002,-7.2732471,-38.0907177,False,False,False
25030965,EMEF SANTA MONICA,2507002,-7.309889,-38.1518434,True,True,False
25031082,EMEIF SEVERINO LEITE FERREIRA,2507002,-7.2963456,-38.2251827,True,False,False
25031155,ECI FRANCELINO DE ALENCAR NEVES,2507002,-7.3100418,-38.1525833,True,True,True
25031244,EMEF PROFESSORA JUSTINA EMILIA CRIZANTO,2507002,-7.3102259,-38.1439584,True,True,False
25031252,EMEIF JOAQUIM MARTINS VIEIRA,2507002,-7.3514883,-38.2676818,True,False,False
25031317,EMEIF MIGUEL ALVES DA SILVA,2507002,-7.3005157,-38.1476548,True,True,True
25031350,EMEIF JACINTA CHAVES PAULO,2507002,-7.3017525,-38.1522701,True,True,False
25103253,COLEGIO DIOCESANO DOM JOAO DA MATA,2507002,-7.3114625,-38.1494021,True,True,True
25105205,EMEIF EDITE FONSECA RODRIGUES,2507002,-7.3071841,-38.1547086,False,True,False
25113356,COLEGIO BATISTA DE ITAPORANGA,2507002,-7.308158157,-38.15357935,True,False,False
25128230,CRECHE MARIA NOBREGA AGUIAR DE SA,2507002,-7.3115041,-38.1401282,False,True,False
25128620,IFPB - CAMPUS ITAPORANGA,2507002,-7.318721283,-38.14171384,True,True,True
25130269,ECIT ITAPORANGA,2507002,-7.31231447,-38.15353151,False,False,False
25130994,EMEIF ANTONIO ZACARIAS DE SOUZA,2507002,-7.30925912,-38.13738325,True,False,False
25086022,EMEF ANALIA DE FRANCA SILVA,2507101,-6.828965,-35.25475,True,True,True
25086049,ECI SEVERINO FELIX DE BRITO,2507101,-6.8307801,-35.2439661,True,True,False
25086081,ESCOLA MUNICIPAL DE ENSINO INTEGRAL HELENA FERNANDES DE CARVALHO,2507101,-6.831532,-35.24792,True,True,True
25086294,EMEF JULIA VALDELINA DA CONCEICAO,2507101,-6.811238,-35.20722,True,True,True
25113810,EEEFM ISAURA FERNANDES DE SOUZA,2507101,-6.82427,-35.24896167,True,True,False
25122258,ESCOLA INFANTIL SOSSEGO DA MAMAE,2507101,-6.825556,-35.24889,True,False,False
25123173,COLEGIO SIGMA,2507101,-6.829647,-35.24767,True,True,False
25148206,EDUCANDARIO PEQUENO PRINCIPE,2507101,-6.829348,-35.25432,False,False,False
25081888,ECI JOSE RODRIGUES DE ATAIDE,2507200,-7.383329596,-35.6299937,True,True,True
25082043,EMEF ADELIO PEREIRA DE ANDRADE,2507200,-7.432221,-35.565,False,True,True
25082060,EMEF BENVINDO ALVES DA SILVA,2507200,-7.408354,-35.54739,False,False,True
25082078,EMEF ERCIDIO DE MORAIS COELHO,2507200,-7.381429025,-35.63007949,False,True,True
25082116,EMEF JOSE ANTONIO DOS SANTOS,2507200,-7.43382701,-35.72635525,False,False,True
25082124,EMEF JOSE BARBOSA DE MEDEIROS,2507200,-7.448773333,-35.66451333,False,False,False
25082132,EMEF JOSE BEZERRA DE LIMA,2507200,-7.435875395,-35.62549392,False,True,True
25082191,EMEF JOSEFA CORREIA DE ANDRADE,2507200,-7.354120407,-35.69411212,False,False,True
25082205,EMEF MAURINO RODRIGUES DE ANDRADE,2507200,-7.379106986,-35.62600689,True,True,True
25116495,CENTRO EDUCACIONAL PARAISO DO SABER,2507200,-7.378681144,-35.62835148,False,True,False
25119630,CRECHE JOSEFA AGUIDA PESSOA,2507200,-7.3816905,-35.6291583,True,False,True
25086316,ECIT ALZIRA LISBOA,2507309,-6.614328,-35.2857473,True,False,False
25086332,EEEM CASTRO PINTO,2507309,-6.612093333,-35.292005,False,False,False
25086375,EMEIF ALZIRA TOSCANO LISBOA,2507309,-6.61156223,-35.28961083,True,True,False
25086391,EMEIF SENADOR RUY CARNEIRO,2507309,-6.6161561,-35.2908571,True,True,True
25086510,EMEIF DOMINGOS PORCILIANO REGIS,2507309,-6.54864861,-35.22295149,False,False,False
25086561,EMEIF ROSENILDO FERNANDES DE OLIVEIRA,2507309,-6.59648472,-35.31754833,True,False,False
25086596,EMEIF JOSE GALDINO DE OLIVEIRA,2507309,-6.58011654,-35.34534125,True,True,False
25086618,EMEIF PROFESSOR MIGUEL BASTOS,2507309,-6.5400668,-35.3690305,True,True,False
25086669,EMEIF ANATILDE PAES BARRETO,2507309,-6.6550021,-35.223835,True,False,True
25086723,EMEIF RUY BARBOSA,2507309,-6.551159648,-35.29797038,True,True,True
25086758,EMEIF ALIPIO BARBOSA DE CARVALHO,2507309,-6.55863,-35.34158,False,False,False
25086766,EMEIF ANA FERNANDES DE FREITAS,2507309,-6.6136407,-35.2876269,True,True,False
25086774,EMEIF CLAUDINO JOAQUIM RODRIGUES,2507309,-6.61328454,-35.2320374,False,False,False
25086804,EMEIF FRANCISCO FERNANDES LISBOA,2507309,-6.5783416,-35.3865365,True,False,False
25086820,EMEIF JOAO FRANCISCO DE OLIVEIRA,2507309,-6.57380732,-35.35325107,False,False,False
25086855,EMEIF PROFESSORA NEUZA MEDEIROS ALVES,2507309,-6.6168732,-35.286944,False,True,True
25113143,EMEIF ANTONIA DE OLIVEIRA FERNANDES,2507309,-6.6337324,-35.1806777,False,False,False
25113216,CRECHE MUNICIPAL PROFESSORA MARIA DE FATIMA FIDELES,2507309,-6.61669866,-35.28645114,True,True,True
25124250,COLEGIO CHAPEUZINHO VERMELHO,2507309,-6.6162552,-35.2905654,True,True,True
25124510,HELLO COLEGIO E CURSOS,2507309,-6.616774821,-35.2890336,False,True,True
25132067,ESCOLA RUBEM ALVES,2507309,-6.613360872,-35.2893734,False,True,True
25086472,EMEIF JOSE JARDIM CORREIA TETEO,2507309,-6.6673025,-35.2540554,True,True,True
25086499,EMEF LUIS FERNANDES PESSOA,2507309,-6.662338093,-35.24491542,True,True,True
25086600,EMEIF PADRE JOAO MADRUGA,2507309,-6.6770452,-35.2454172,True,True,True
25125893,CEMEI MARIA BERENICE CLEMENTINO DE LIMA,2507309,-6.6615515,-35.2378439,True,False,False
25002406,CRECHE CRIANCA ALEGRE,2507408,-6.4966203,-37.7581451,False,False,False
25002414,CRECHE AMELIA ROSADO XAVIER DE SA,2507408,-6.5551711,-37.8034431,True,True,True
25002422,ECI FRANCISCO MAIA,2507408,-6.552341,-37.8065641,True,False,False
25002554,EMEF IZABEL ANA DE ANDRADE,2507408,-6.5002907,-37.8344973,False,False,False
25002562,EMEF JOAO V DE OLIVEIRA,2507408,-6.518581,-37.8457,False,False,False
25002627,EMEF JUVENAL BERNARDINO FILHO,2507408,-6.5496783,-37.8005352,True,True,True
25002643,EMEF PROFª MARIA MONTEIRO SILVA,2507408,-6.5323211,-37.8906216,False,False,False
25002651,EMEF REGINA LEOPOLDINA DA CONCEICAO,2507408,-6.5397688,-37.8230762,True,False,False
25002678,EMEF FRANCISCO P DA SILVA,2507408,-6.5545002,-37.8096198,False,False,False
25002740,EMEF AUGUSTINHO S DE ALMEIDA,2507408,-6.462655,-37.771785,True,False,False
25002767,EMEF FRANCISCA ROSADO DE OLIVEIRA,2507408,-6.5509329,-37.7971305,True,True,True
25002775,EMEF JOAO ROSADO DE OLIVEIRA,2507408,-6.5541996,-37.8096918,True,True,True
25002805,EMEF DO SAQUINHO,2507408,-6.4862663,-37.8662762,True,False,False
25002821,EMEF LUIZ ALVES DA SILVA,2507408,-6.5231937,-37.8233014,True,False,False
25102179,INSTITUTO EDUCACIONAL ALEGRIA DE SABER,2507408,-6.551015,-37.8043,False,False,False
25114140,EMEF DO ASSENTAMENTO ALTO ALEGRE,2507408,-6.5751709,-37.8008761,True,False,False
25126059,CENTRO EDUCACIONAL ELLEN LORENA,2507408,-6.5540961,-37.8054456,False,False,False
25132679,EMEF GENECI FRANCISCA MONTEIRO,2507408,-6.50339528,-37.76722315,False,False,False
25092260,ANGLO CENTRO DE EDUCACAO LTDA,2507507,-7.118668,-34.8705,True,True,False
25092294,SISTEMA DE ENSINO CONVIVER,2507507,-7.118498,-34.8524,True,True,False
25092316,EEEF PROF CONCITA BARROS,2507507,-7.17732633,-34.87155573,False,False,False
25092332,EEEF PROFESSORA DAGMAR MENDONCA LIMEIRA,2507507,-7.2158968,-34.8388316,True,True,False
25092375,CENTRO DE APRENDIZAGEM E DESENVOLVIMENTO INFANTIL,2507507,-7.180178,-34.89143,True,True,True
25092448,CENTRO DE ENSINO DECISAO LTDA,2507507,-7.166181,-34.84134,True,True,True
25092570,EMAI PROFESSOR DURMEVAL TRIGUEIRO MENDES,2507507,-7.14967377,-34.87278914,True,True,True
25092588,EMAI JOAO XXIII,2507507,-7.1488704,-34.90553502,True,True,False
25092871,CENTRO PROFISSIONALIZANTE DEPUTADO ANTONIO CABRAL,2507507,-7.202389101,-34.84637188,False,False,False
25092901,INTERACTIVO CRISTO COLEGIO E CURSOS EIRELI ME,2507507,-7.162919,-34.86962,True,True,True
25093037,COLEGIO EVOCRISTO,2507507,-7.16709,-34.86719,True,True,True
25093053,INST EDUC ESTRELA DO MAR,2507507,-7.127796,-34.8679,True,True,True
25093061,COLEGIO NOSSA SENHORA DE LOURDES,2507507,-7.120728333,-34.86917333,True,True,True
25093088,COLEGIO MARISTA PIO X,2507507,-7.1187457,-34.87272857,True,True,True
25093096,COLEGIO PIO XI,2507507,-7.077188,-34.84069,True,True,True
25093193,CMEI DIOTILIA GUEDES PEREIRA,2507507,-7.127401493,-34.88423738,True,False,False
25093207,CMEI ANTONIO VARANDAS DE CARVALHO,2507507,-7.1056292,-34.8410809,True,True,False
25093215,CMEI ADALGISA VIEIRA,2507507,-7.14562599,-34.88932203,False,False,False
25093231,CMEI CALULA LEITE,2507507,-7.1697855,-34.8881963,False,False,False
25093240,CMEI CUSTODIA NOBREGA,2507507,-7.16674366,-34.83446905,False,False,False
25093258,CMEI FRANCISCO PORTO,2507507,-7.15739,-34.900005,False,False,False
25093266,CMEI JOAO TOTA,2507507,-7.10048,-34.85907667,True,False,False
25093274,CMEI JULIA RAMOS,2507507,-7.129002186,-34.86706118,False,False,False
25093282,CMEI MARGOT TRINDADE,2507507,-7.136479262,-34.91400034,True,True,True
25093312,CMEI GLORIA CUNHA LIMA,2507507,-7.1990136,-34.840672,False,False,True
25093339,CMEI MARIA JOSE DE MIRANDA BURITY,2507507,-7.12653447,-34.8994238,True,True,False
25093347,CMEI ROBERTO VIEIRA BATISTA,2507507,-7.161558587,-34.87635436,False,False,False
25093355,CMEI RODRIGO MORENO COSTA,2507507,-7.15730411,-34.88307042,False,False,False
25093363,CMEI VERA LUCIA SANTANA NEIVA,2507507,-7.1750964,-34.8418701,True,False,False
25093380,EM PRESIDENTE JOAO PESSOA,2507507,-7.1676736,-34.9076854,True,True,False
25093410,EDUC JUSCELINO KUBITSCHEK DE OLIVEIRA,2507507,-7.153835,-34.8808,False,False,True
25093550,COLEGIO EXITTUS,2507507,-7.174954,-34.89141,True,True,True
25093576,EDUC SAO MATEUS,2507507,-7.135138,-34.91202,True,True,True
25093584,EDUC SANTA CECILIA LTDA,2507507,-7.123,-34.84042,True,True,True
25093614,EEEF PROFA CARMELITA PEREIRA GOMES,2507507,-7.176066,-34.89163,False,False,False
25093622,EEEF FRANCISCO CAMPOS,2507507,-7.1506887,-34.8451226,True,True,False
25093665,ESC CENECISTA JOAO REGIS DE AMORIM,2507507,-7.177808,-34.86825,True,True,True
25093703,ESCOLA DE EDUCACAO BASICA E PROFISSIONAL FUNDACAO BRADESCO,2507507,-7.200248,-34.84852,True,True,True
25093746,EM PROFESSORA TERCIA BONAVIDES LINS,2507507,-7.1994396,-34.83920506,True,True,False
25093754,CMEI CAPISTRANO DE ABREU,2507507,-7.181465146,-34.89739772,True,False,True
25093819,ESCOLA ESTADUAL DE EDUCACAO ESPECIAL,2507507,-7.11211938,-34.87612245,False,False,False
25093827,EEEF CLAUDINA MANGUEIRA DE MOURA,2507507,-7.136843917,-34.9142958,True,True,False
25093843,ECIT CONEGO FRANCISCO GOMES DE LIMA,2507507,-7.17706712,-34.86922289,True,True,False
25093860,ECIT RAUL MACHADO,2507507,-7.126013953,-34.89866456,False,False,False
25093878,EEEM CON LUIZ GONZAGA DE OLIVEIRA,2507507,-7.171568004,-34.83820916,True,True,False
25093886,ECIT FRANCISCA ASCENSAO CUNHA,2507507,-7.14820729,-34.83655872,True,True,False
25093894,ECIT PROFESSOR PEDRO AUGUSTO PORTO CAMINHA,2507507,-7.137903478,-34.87495256,False,False,False
25093916,ECIT PROFESSOR RAUL CORDULA,2507507,-7.1308441,-34.857901,True,True,True
25093932,ECIT DAURA SANTIAGO RANGEL,2507507,-7.167810523,-34.85488135,True,True,True
25093959,ECIT PROFESSORA OLIVINA OLIVIA CARNEIRO DA CUNHA,2507507,-7.12183653,-34.87481765,True,True,True
25093967,EEEM PROFESSOR MARIA BRONZEADO MACHADO,2507507,-7.1808406,-34.845727,True,True,True
25093975,ECIT NICODEMOS NEVES,2507507,-7.16001928,-34.8929155,True,True,True
25094025,ECI TENENTE LUCENA,2507507,-7.100328533,-34.85714229,True,True,True
25094033,ECIT MANOEL LISBOA DE MOURA,2507507,-7.17954056,-34.89950721,False,False,False
25094041,EEEM PROFESSORA ARGENTINA PEREIRA GOMES,2507507,-7.122065239,-34.87603744,True,True,True
25094050,ECIT LUIZ GONZAGA DE ALBUQUERQUE BURITY,2507507,-7.1178433,-34.8743533,True,True,True
25094084,CRIA CAPITULINA SATYRO,2507507,-7.10610781,-34.84346652,True,True,True
25094106,ECI LUZIA SIMOES BARTOLLINI,2507507,-7.15969491,-34.90080378,True,True,False
25094114,ECIT ALICE CARNEIRO,2507507,-7.105415217,-34.8367886,True,True,False
25094122,COLEGIO DA POLICIA MILITAR - ESTUDANTE REBECA CRISTINA ALVES SIMOES,2507507,-7.171651949,-34.82791769,True,True,False
25094130,ECIT HORACIO DE ALMEIDA,2507507,-7.140833,-34.91261,True,True,False
25094157,EEEFM ESCRITOR JOSE LINS DO REGO,2507507,-7.1584144,-34.8729591,False,False,False
25094173,EEEFM PADRE MIGUELINHO,2507507,-7.1549448,-34.884055,True,True,False
25094181,ECIT PAPA PAULO VI,2507507,-7.15002536,-34.89335647,False,False,False
25094190,ECIT JOAO GOULART,2507507,-7.13658032,-34.85137043,True,False,False
25094203,ECIT DOM JOSE MARIA PIRES,2507507,-7.182939313,-34.91988461,True,True,False
25094211,ECIT JOSE DO PATROCINIO,2507507,-7.18218592,-34.8812536,True,True,False
25094220,CMEI MARCILIO DIAS,2507507,-7.106533333,-34.870465,False,False,False
25094254,EEEF PADRE CICERO ROMAO BATISTA,2507507,-7.09377461,-34.86109723,False,False,False
25094262,EEEFM PROFESSOR JOAO JOSE DA COSTA,2507507,-7.12154019,-34.86249385,True,True,True
25094270,EM PROFESSOR MATEUS RIBEIRO,2507507,-7.148147,-34.87078,False,False,False
25094297,EEEF AZORCERIZ PIRES FERREIRA,2507507,-7.09294018,-34.86442825,False,False,False
25094319,EEEF PADRE JOAO FELIX,2507507,-7.110884953,-34.88952359,True,True,False
25094327,EEEF ALMIRANTE TAMANDARE,2507507,-7.13053525,-34.84294133,False,False,False
25094335,EEEF ANA HIGINA,2507507,-7.11055852,-34.8777873,False,False,False
25094351,EEEF ANTONIO PESSOA,2507507,-7.118932,-34.88682,False,False,False
25094360,EEEF BORGES DA FONSECA,2507507,-7.180911186,-34.83451459,False,False,False
25094378,EEEF CASTRO PINTO,2507507,-7.141788863,-34.89017026,False,True,False
25094408,EEEFM DESEMBARGADOR BOTO DE MENEZES,2507507,-7.111406667,-34.86304833,True,True,False
25094416,EEEF DESEMBARGADOR BRAZ BARACUHY,2507507,-7.1309349,-34.8478586,True,True,False
25094424,CMEI DOM CARLOS COELHO,2507507,-7.14566069,-34.83160624,True,False,False
25094432,EEEFM DOMINGOS JOSE DA PAIXAO,2507507,-7.218435,-34.83527,False,False,False
25094440,EEEFM DOUTOR JOAO NAVARRO FILHO,2507507,-7.19709648,-34.85009755,True,True,False
25094459,EEEM DOUTOR OTAVIO NOVAIS,2507507,-7.15787036,-34.90591529,False,False,False
25094475,EEEF EPITACIO PESSOA,2507507,-7.115482,-34.87753,False,False,False
25094483,EEEF FENELON CAMARA,2507507,-7.133218,-34.85086,False,False,False
25094491,EMEI FERNANDES VIEIRA,2507507,-7.098625,-34.85164,True,True,True
25094513,EEEF FREI MARTINHO,2507507,-7.1464703,-34.8897421,True,False,False
25094530,EEEF HENRIQUE DIAS,2507507,-7.143691932,-34.91403211,True,False,False
25094556,EEEF ISABEL MARIA DAS NEVES,2507507,-7.1262913,-34.8803385,False,False,False
25094564,CMEI JOAQUIM NABUCO,2507507,-7.17418,-34.8956617,True,True,False
25094580,EM JOSE DE ALENCAR,2507507,-7.163926139,-34.88838189,True,True,False
25094599,EEEF JOSE VIEIRA,2507507,-7.1218776,-34.8446169,False,True,True
25094629,EEEFM PROFESSORA MARIA GENY DE SOUSA TIMOTEO,2507507,-7.11715039,-34.87302631,True,True,False
25094637,ECIT MONSENHOR PEDRO ANISIO BEZERRA DANTAS,2507507,-7.10585523,-34.85837862,False,False,False
25094653,EEEM PROFESSOR ORLANDO CAVALCANTI GOMES,2507507,-7.15742216,-34.87384298,True,True,False
25094661,ECI PEDRO LINS VIEIRA DE MELO,2507507,-7.16971313,-34.8416628,True,True,True
25094670,EEEF PADRE AZEVEDO,2507507,-7.13623011,-34.8786212,True,True,False
25094688,ECIT PADRE HILDON BANDEIRA,2507507,-7.12144276,-34.86050669,True,False,True
25094696,ECI PADRE IBIAPINA,2507507,-7.0994746,-34.8660213,True,True,True
25094700,EEEF PLACIDO DE CASTRO,2507507,-7.1546739,-34.9005087,False,False,False
25094718,EEEF PROFESSORA ADELIA DE FRANCA,2507507,-7.20521316,-34.84848131,False,False,False
25094726,ECI PROFESSOR CELESTIN MALZAC,2507507,-7.200052506,-34.85156572,True,True,False
25094734,EEEF PROFESSORA MARIA DE FATIMA SOUTO,2507507,-7.16430186,-34.84105635,True,True,False
25094742,EEEFM PROFESSORA MARIA JACY COSTA,2507507,-7.1801,-34.84354,True,False,False
25094750,ECIT PROFESSOR OLIVIO PINTO,2507507,-7.20702959,-34.84351737,True,True,False
25094777,EEEM PROFESSORA DEBORA DUARTE,2507507,-7.178028147,-34.88852036,True,False,False
25094793,EEEM SANTOS DUMONT,2507507,-7.17596334,-34.93181049,False,False,False
25094815,EEEF TIRADENTES,2507507,-7.148624,-34.87072,False,False,False
25094955,CMEI ADELAIDE NOVAIS,2507507,-7.15379531,-34.88885773,True,True,False
25094971,EM MONSENHOR ODILON COUTINHO,2507507,-7.104389817,-34.86263101,True,True,True
25094980,EEEF PADRE DEHON,2507507,-7.124317,-34.86594,False,False,False
25095013,EEEM PROFESSORA ANTONIA RANGEL DE FARIAS,2507507,-7.12144601,-34.85981505,False,False,False
25095021,EEEM GONCALVES DIAS,2507507,-7.152199,-34.87899,False,False,False
25095048,EEEFM PROF URSULA LIANZA,2507507,-7.117248,-34.87394,False,False,False
25095056,ECIT PREFEITO OSWALDO PESSOA,2507507,-7.17469125,-34.89422572,False,False,False
25095080,EEEFM PADRE ROMA,2507507,-7.1345366,-34.8279086,True,True,False
25095153,EEEF PROFESSORA RITA DE MIRANDA HENRIQUES,2507507,-7.18852681,-34.8393269,True,True,False
25095323,ESCOLA MAR E SOL,2507507,-7.09463,-34.84493,True,True,True
25095366,EM MOEMA TINOCO CUNHA LIMA,2507507,-7.18589491,-34.880856,True,True,True
25095374,EM ALMIRANTE BARROSO,2507507,-7.156368333,-34.89082333,True,True,True
25095390,EM AMERICO FALCAO,2507507,-7.153091943,-34.87844045,True,True,True
25095412,EMAI ANALICE CALDAS,2507507,-7.12916295,-34.87389347,True,True,True
25095447,EM ANITA TRIGUEIRO DO VALLE,2507507,-7.13635904,-34.82724917,True,True,False
25095455,EM ANTENOR NAVARRO,2507507,-7.203292,-34.8846362,True,True,False
25095463,EM QUILOMBOLA PROFESSORA ANTONIA DO SOCORRO SILVA MACHADO,2507507,-7.211889611,-34.83033059,True,True,True
25095480,EM APOLONIO SALES DE MIRANDA,2507507,-7.14736528,-34.8905398,False,False,True
25095501,EMAI AUGUSTO DOS ANJOS,2507507,-7.16072935,-34.87718257,False,True,True
25095528,EM CANTALICE LEITE MAGALHAES,2507507,-7.17501984,-34.91982421,False,True,True
25095544,EM CARLOS NEVES DA FRANCA,2507507,-7.167178333,-34.85426833,True,True,True
25095560,EM CASTRO ALVES,2507507,-7.158955,-34.895285,True,True,True
25095595,EM ANTONIO SANTOS COELHO NETO,2507507,-7.165896714,-34.79887391,True,True,False
25095609,EM COMENDADOR CICERO LEITE,2507507,-7.205253406,-34.85595734,True,True,True
25095633,EMAI CONEGO JOAO DE DEUS,2507507,-7.1264284,-34.8554953,True,True,True
25095650,EM CONEGO MATHIAS FREIRE,2507507,-7.1290732,-34.8606299,True,True,True
25095668,EM DAMASIO BARBOSA DA FRANCA,2507507,-7.1293524,-34.8869379,True,True,False
25095676,EM EDUCADOR FRANCISCO PEREIRA DA NOBREGA,2507507,-7.165824521,-34.88126001,True,True,True
25095684,EM DAVID TRINDADE,2507507,-7.17569179,-34.84182464,True,True,True
25095692,EMAI PROFESSOR ANISIO TEIXEIRA,2507507,-7.1701733,-34.8882767,True,True,True
25095706,EMAI DR SEVERINO PATRICIO,2507507,-7.141953034,-34.91383201,True,True,False
25095749,EM ZULMIRA DE NOVAIS,2507507,-7.151528333,-34.89375833,True,True,False
25095765,EMAI ARNALDO DE BARROS MOREIRA,2507507,-7.153503327,-34.89721701,True,True,False
25095773,EMEI ANA NERY,2507507,-7.131013333,-34.91367667,True,True,False
25095790,EMAI DR JOAO SANTA CRUZ DE OLIVEIRA,2507507,-7.15455318,-34.89952489,True,True,True
25095811,EM DR JOSE NOVAIS,2507507,-7.1539357,-34.8983446,True,True,True
25095820,EM DUARTE DA SILVEIRA,2507507,-7.176205113,-34.89472963,False,False,True
25095854,EMAI DUQUE DE CAXIAS,2507507,-7.179628333,-34.89763333,False,False,False
25095862,EM ERNANY SATYRO,2507507,-7.17463747,-34.89399239,True,True,True
25095870,EM EUCLIDES DA CUNHA,2507507,-7.15735832,-34.90029411,True,True,True
25095900,EM FENELON CAMARA,2507507,-7.17759974,-34.86752146,False,True,False
25095935,EMEI ROTARY FRANCISCO EDWAR DE AGUIAR,2507507,-7.13456,-34.872055,False,False,False
25095943,EMAI FREI AFONSO,2507507,-7.11006333,-34.88386388,False,False,False
25095978,EM FREI ALBINO,2507507,-7.0737593,-34.8313723,False,True,False
25095994,EM FRUTUOSO BARBOSA,2507507,-7.124615,-34.9000515,True,True,False
25096001,EM GENERAL ANGELO FRANCISCO NOTARE,2507507,-7.113301205,-34.86471953,False,True,False
25096036,EM GENERAL RODRIGO OTAVIO,2507507,-7.1157478,-34.8520344,True,True,True
25096052,EM JOAO MONTEIRO DA FRANCA,2507507,-7.1711751,-34.9132122,True,True,False
25096079,EM JOSE EUGENIO LINS DE ALBUQUERQUE,2507507,-7.181295455,-34.87148959,True,True,True
25096109,EM PROFESSORA MARIA MADALENA GUEDES PEREIRA,2507507,-7.144050803,-34.87623442,True,True,False
25096125,EM LIONS TAMBAU,2507507,-7.1514228,-34.83995484,True,True,False
25096133,EM LUIZA LIMA LOBO,2507507,-7.1371792,-34.9139876,True,True,True
25096150,EM MAJOR JOSE DE BARROS MOREIRA,2507507,-7.10125843,-34.85963632,True,True,False
25096176,EMAI PROFESSOR JOAO GADELHA DE OLIVEIRA FILHO,2507507,-7.166416667,-34.83526833,True,True,True
25096206,EM MINISTRO JOSE AMERICO DE ALMEIDA,2507507,-7.16827773,-34.85632933,True,True,True
25096222,EM MONSENHOR JOAO COUTINHO,2507507,-7.1085394,-34.8780707,True,True,False
25096249,EM MONTEIRO LOBATO,2507507,-7.17708293,-34.89594394,True,True,False
25096265,EM NAPOLEAO LAUREANO,2507507,-7.1509072,-34.8998901,True,True,True
25096290,EM OLIVIO RIBEIRO CAMPOS,2507507,-7.1488376,-34.8359169,True,True,False
25096338,EM AGOSTINHO FONSECA NETO,2507507,-7.15739,-34.88226667,False,True,False
25096346,CMEI PROFESSOR ANIBAL MOURA,2507507,-7.136758333,-34.88981667,True,True,True
25096354,EM PROFESSOR HUGO MOURA,2507507,-7.10632928,-34.86911945,True,True,False
25096362,EMAI GOVERNADOR LEONEL BRIZOLA,2507507,-7.12429328,-34.84716587,True,True,True
25096389,EM PROFESSOR LUIZ MENDES PONTES,2507507,-7.148504192,-34.87916658,True,True,True
25096400,EMAI PROFESSOR OSCAR DE CASTRO,2507507,-7.138728905,-34.88683696,True,True,False
25096419,EM PROFESSOR LYNALDO CAVALCANTI DE ALBUQUERQUE,2507507,-7.1787354,-34.914254,True,True,False
25096427,EMAI ESCRITOR LUIZ AUGUSTO CRISPIM,2507507,-7.097758222,-34.856273,True,False,False
25096435,EM PROFESSORA ANA CRISTINA ROLIM MACHADO,2507507,-7.16077004,-34.83495514,True,True,False
25096451,EM PROFESSORA ANALICE GONCALVES CARVALHO,2507507,-7.145983333,-34.885105,True,True,False
25096486,EMAI SANTOS DUMONT,2507507,-7.12531253,-34.89006226,True,True,False
25096494,EM SEN RUY CARNEIRO,2507507,-7.10206425,-34.8643824,True,True,True
25096516,EM SERAFICO DA NOBREGA,2507507,-7.110797664,-34.82823561,True,True,True
25096524,EM SANTA ANGELA,2507507,-7.156680822,-34.87596327,False,True,False
25096559,EM THARCILLA BARBOSA DA FRANCA,2507507,-7.1870133,-34.8830489,True,True,True
25096575,EM VIRGINIUS DA GAMA E MELO,2507507,-7.16394092,-34.8377021,True,True,True
25096613,EM VIOLETA FORMIGA,2507507,-7.09998107,-34.86988732,True,True,False
25096621,EMAI PROFESSOR JOAO MEDEIROS,2507507,-7.15393921,-34.89937593,True,True,True
25096630,CMEI SANTA EMILIA DE RODAT,2507507,-7.16555076,-34.88256156,True,True,False
25096648,EM FRANCISCA MOURA,2507507,-7.10112478,-34.86152535,True,True,True
25096656,EMEI PADRE BARTOLOMEU DE GUSMAO,2507507,-7.1623631,-34.8656145,True,False,True
25096664,EM PADRE LEONEL DA FRANCA,2507507,-7.1772095,-34.8677319,True,True,False
25096672,EMAI ECONOMISTA CELSO MONTEIRO FURTADO,2507507,-7.17340554,-34.8810701,True,True,True
25096680,EMAI UBIRAJARA TARGINO BOTTO,2507507,-7.1550432,-34.88475608,True,True,False
25096702,ECIT MARIA DO CARMO DE MIRANDA,2507507,-7.12716883,-34.88017535,False,False,False
25096818,ESCOLA SAO JOSE,2507507,-7.121495,-34.8693,True,True,False
25096850,IFPB - CAMPUS JOAO PESSOA,2507507,-7.13499,-34.87419,True,True,True
25097091,EEEFM AUDIOCOMUNICACAO,2507507,-7.10705448,-34.86802957,False,False,False
25097326,COLEGIO OLIMPO JOAO PESSOA,2507507,-7.111204,-34.82774,True,True,True
25097539,COLEGIO E CURSO EVOLUCAO,2507507,-7.12282,-34.83462,True,True,True
25097628,EXTERNATO SANTA DOROTEIA,2507507,-7.13065,-34.83877,True,True,True
25097725,INSTITUTO DE EDUCACAO DA PARAIBA,2507507,-7.122515431,-34.87516765,True,True,True
25097733,EM DOM ADAUTO,2507507,-7.126851667,-34.88116167,False,True,True
25097776,INST EDUC N SRA DA CONCEICAO,2507507,-7.20328,-34.84713,True,True,True
25097792,INSTITUTO EDUCACIONAL PEDRO CALMON,2507507,-7.155546,-34.8742,True,True,True
25097849,INSTITUTO EDUCACIONAL FENIX,2507507,-7.18339,-34.86946,True,True,True
25097938,INSTITUTO EDUCACIONAL SANTOS DUMONT LTDA,2507507,-7.120276,-34.87642,True,False,True
25098098,INSTITUTO PESSOENSE DE EDUCACAO INTEGRADA LTDA,2507507,-7.149903,-34.84585,True,True,True
25098225,YURY LEAL BRANDAO DOS PRAZERES,2507507,-7.167461,-34.85575,True,False,True
25098357,LYCEU PARAIBANO,2507507,-7.1212106,-34.8760651,False,False,False
25098560,CONSTRUCTOR SUI SISTEMA EDUCACIONAL-LTDA,2507507,-7.111445,-34.8431,True,True,False
25098578,SISTEMA EDUC GENIUS LTDA - COLEGIO MASTER BESSA,2507507,-7.095264,-34.84482,True,True,True
25098616,ASSOCIACAO PESTALOZZI DA PARAIBA,2507507,-7.160563,-34.87081,False,False,False
25101516,EEEF DOMENICA ANDREA MAGLIANO,2507507,-7.18428674,-34.90697529,True,False,False
25101765,CENTRO DE EDUCACAO LIDER MAIS,2507507,-7.176549,-34.83059,True,True,False
25103300,CENTRO EDUCACIONAL TIA NEIDE,2507507,-7.105124,-34.8627,True,True,False
25103342,CENTRO EDUCACIONAL FILADELFIA EIRELI,2507507,-7.176695,-34.91647,True,True,True
25103350,CMEI SANTA TEREZINHA,2507507,-7.18458688,-34.88309668,True,True,False
25103377,ELISANDRA CAVALCANTI PALITOT ME,2507507,-7.197092,-34.85115,True,True,True
25104268,CMEI RENATO LUCENA NOBREGA,2507507,-7.1333681,-34.8819632,False,False,True
25104330,ECI ALMIRANTE SALDANHA,2507507,-7.160556823,-34.82980869,True,False,False
25104950,CMEI MARGARIDA MARIA ALVES,2507507,-7.1680112,-34.9085203,False,False,False
25104993,CMEI NOSSA SENHORA DE FATIMA,2507507,-7.14841191,-34.82861367,False,False,False
25105078,CMEI MENINO JESUS,2507507,-7.1808314,-34.8704983,True,True,False
25105183,EEEF IRMA SEVERINA CAVALCANTE SOUTO,2507507,-7.125079245,-34.88535603,False,False,False
25105310,CMEI JOSIARA TELINO DE LACERDA,2507507,-7.168849963,-34.82923147,False,False,False
25105612,EM NAZINHA BARBOSA,2507507,-7.10812242,-34.83710515,True,True,True
25108379,CMEI CREUSA PIRES,2507507,-7.10948091,-34.83887874,True,True,False
25108689,CMEI MARIA DE FATIMA AMORIM NAVARRO,2507507,-7.167648333,-34.85423833,False,False,False
25108697,CMEI FREI AFONSO,2507507,-7.1106572,-34.8832103,False,False,False
25108700,CMEI YALA PETIT DE ARAUJO FERREIRA,2507507,-7.12307362,-34.87811989,True,True,False
25108883,CENTRO EDUCACIONAL EBENEZER,2507507,-7.172211,-34.83877,True,True,True
25109073,CMEI NENZINHA CUNHA LIMA,2507507,-7.18220723,-34.91981792,True,False,False
25109081,CMEI BENJAMIM GOMES MARANHAO,2507507,-7.188382018,-34.83990859,True,False,False
25109103,CMEI KARINA ZAGEL DE MENDONCA,2507507,-7.184883333,-34.84409167,True,True,True
25109111,CMEI MARIA RISOMAR DANTAS,2507507,-7.136033596,-34.87058736,False,False,False
25109138,CMEI ROBERTA RODRIGUES TAVARES,2507507,-7.165411329,-34.83265741,True,False,False
25109146,CMEI MARIA DE LOURDES TOSCANO BRANDAO,2507507,-7.1855255,-34.8380786,False,False,False
25109154,CMEI MARIA DA LUZ MELO CUNHA,2507507,-7.1247938,-34.8848102,True,False,False
25109162,CMEI JULIAN NUNES DE FIGUEIREDO,2507507,-7.1290264,-34.8413001,True,False,False
25109170,CMEI VIOLETA FORMIGA,2507507,-7.18297125,-34.89737519,False,False,False
25109189,CMEI GLAUCE BURITY,2507507,-7.16902389,-34.89738176,False,False,False
25109197,CMEI NOSSA SENHORA DA BOA ESPERANCA,2507507,-7.13009006,-34.85569174,False,False,False
25109200,CMEI LINDEMBERG VIEIRA DA CUNHA JUNIOR,2507507,-7.12523987,-34.88484599,False,False,False
25109219,CMEI BERGALICE VASCONCELOS,2507507,-7.16638311,-34.83968731,False,False,False
25109227,CMEI CRIANCA FELIZ,2507507,-7.1027754,-34.8441489,False,False,False
25109928,CMEI ASSIS TAVARES,2507507,-7.109739734,-34.87549949,True,False,True
25109944,ESCOLA MUNDO ENCANTADO DA CRIANCA,2507507,-7.120232,-34.82861,False,True,True
25110144,COLEGIO META KIDS LTDA,2507507,-7.064616,-34.84191,True,True,True
25110330,CMEI EL SHADDAY,2507507,-7.13013,-34.88108,False,False,False
25110403,CMEI MARICELI PIRES CARNEIRO,2507507,-7.15104063,-34.90538713,False,False,False
25111051,INSTITUTO EDUCACIONAL SHALON,2507507,-7.175021,-34.87019,True,True,True
25111477,CMEI SAO FRANCISCO,2507507,-7.1504561,-34.8704459,True,False,True
25113089,CMEI MARIA DA CONCEICAO ALVES BEZERRA - DONA TANA,2507507,-7.10802748,-34.86954518,False,False,True
25113178,EM DARCY RIBEIRO,2507507,-7.17786152,-34.88138341,True,True,True
25113186,EMAI PROFESSOR PAULO FREIRE,2507507,-7.15997989,-34.90974703,True,True,True
25113194,EMAI JOSE PEREGRINO DE CARVALHO,2507507,-7.126733333,-34.899945,True,True,False
25113658,CMEI DELEGADA MARIA TEREZA DE SOUSA LEITE,2507507,-7.122588333,-34.833275,True,True,True
25113666,CMEI ANGELA MARIA MEIRA DE CARVALHO,2507507,-7.117103529,-34.87779362,True,True,True
25114425,EEEF GOVERNADOR ANTONIO MARIZ,2507507,-7.181635976,-34.88479179,False,False,False
25114484,ECIT JOAO ROBERTO BORGES DE SOUZA,2507507,-7.17815599,-34.83944873,False,False,False
25114506,EEEM PROFESSOR JOSE BAPTISTA DE MELLO,2507507,-7.16439364,-34.83150631,True,True,True
25114840,EM INDIO PIRAGIBE,2507507,-7.1685628,-34.8302458,True,True,True
25114859,EM ZUMBI DOS PALMARES,2507507,-7.17025401,-34.83644309,True,True,True
25114867,EM ARUANDA,2507507,-7.1448426,-34.84322229,True,True,True
25114875,EM DOM HELDER CAMARA,2507507,-7.1991516,-34.8439903,True,True,True
25114905,ECI MILTON CAMPOS,2507507,-7.18310085,-34.86582601,False,True,False
25114980,EM LUIZ VAZ DE CAMOES,2507507,-7.1842054,-34.8431175,True,True,False
25114999,EM PEDRA DO REINO,2507507,-7.18727364,-34.88263407,True,True,True
25115049,ECI PROFESSOR PAULO FREIRE,2507507,-7.17783951,-34.87610169,False,False,False
25115790,ESCOLA BETEL BRASILEIRO,2507507,-7.160074,-34.89103,True,True,True
25116681,CENTRO EDUCACIONAL BETH SHALOM,2507507,-7.179589,-34.83853,True,True,True
25117050,COLEGIO INTENSIVO UNIDADE I COSTA E SILVA,2507507,-7.178551,-34.89715,True,True,True
25117254,NATANAEL MUNIZ FALCAO FILHO,2507507,-7.199391,-34.85309,False,False,False
25117351,ESC SAGRADO CORACAO DE JESUS,2507507,-7.203879,-34.83821,True,True,True
25117734,COLEGIO GURGEL,2507507,-7.103561,-34.8398,True,True,True
25117939,CENTRO EDUCACIONAL DE DESENVOLVIMENTO INFANTIL,2507507,-7.181876,-34.84433,True,True,True
25118331,UFPB - ESCOLA TECNICA DE SAUDE,2507507,-7.13429827,-34.84237223,True,True,True
25118340,ESCOLA DE SAUDE PUBLICA DA PARAIBA,2507507,-7.129153333,-34.86860167,True,True,False
25119389,CMEI STELINA NUNES DE MAGALHAES,2507507,-7.17576697,-34.89287916,True,False,False
25119397,CMEI MAYARA LIMA DA SILVA,2507507,-7.178121,-34.9183,False,False,False
25119400,CMEI FLORIANO AUGUSTO DA SILVA,2507507,-7.155203333,-34.90218333,False,False,False
25119419,CMEI NOEMIA TRINDADE,2507507,-7.18061256,-34.88975769,False,False,False
25119427,CMEI JOAO LEITE GAMBARRA NETO,2507507,-7.20530579,-34.85148803,False,False,False
25119559,CMEI MARIA RUTH DE SOUZA,2507507,-7.179788682,-34.87693422,False,False,False
25120298,CENTRO PESSOENSE DE EDUCACAO - COLEGIO MOTIVA,2507507,-7.117138,-34.83707,True,True,False
25120484,EM DOM MARCELO PINTO CARVALHEIRA,2507507,-7.209179741,-34.83603708,True,True,True
25122460,CMEI ROSA ANDRADE DE LIMA,2507507,-7.150293854,-34.87525458,False,True,True
25122746,COLEGIO ATHENAS LTDA,2507507,-7.104083,-34.84028,True,True,True
25122991,CMEI DAURA SANTIAGO,2507507,-7.200036667,-34.88731667,False,False,False
25123025,CMEI DOM MARCELO,2507507,-7.210607431,-34.83443152,True,True,True
25123483,CMEI MARIA DE LOURDES GOMES,2507507,-7.137793333,-34.91455333,False,False,False
25123491,EM PADRE PEDRO SERRAO,2507507,-7.15319668,-34.8776048,True,True,True
25123696,EEEM BENEDITA TARGINO MARANHAO,2507507,-7.163075167,-34.80039538,True,False,False
25123785,CENTRO DE ENSINO CONTEMPORANEO LTDA,2507507,-7.158355,-34.83955,True,True,True
25123807,CMEI VICENTE CHAVES ARAUJO,2507507,-7.1015131,-34.8542497,False,False,False
25124170,IEG COLEGIO E CURSO,2507507,-7.175478,-34.8556,True,True,False
25124277,ECIT SEVERINO DIAS DE OLIVEIRA - MESTRE SIVUCA,2507507,-7.177197,-34.8223662,True,True,False
25124382,META COLEGIAL JESUS DE NAZARE,2507507,-7.204279,-34.84556,True,True,True
25124439,CENTRO EDUCACIONAL ALEGRIA DE APRENDER,2507507,-7.1428,-34.8879,False,True,True
25124498,CENTRO EDUCACIONAL PEQUENO GIGANTE,2507507,-7.14546,-34.81714,True,True,True
25124528,COLEGIO POLIGONO EDUCACIONAL LTDA,2507507,-7.159385579,-34.83584764,True,True,True
25124617,INSTITUTO EVANGELICO LIRIO DOS VALES,2507507,-7.204979,-34.84902,True,False,True
25124714,CENTRO DE ENSINO FASES,2507507,-7.180789,-34.84387,True,True,True
25124994,COLEGIO KAIROS,2507507,-7.119848,-34.83324,True,True,True
25125230,EMAI CHICO XAVIER,2507507,-7.074361062,-34.83941314,True,True,True
25125249,CMEI UBIRAJARA PINTO RODRIGUES,2507507,-7.0993722,-34.8544504,True,True,False
25125257,EMAI RADEGUNDIS FEITOSA NUNES,2507507,-7.175261742,-34.85729643,True,True,True
25125311,CENTRO EDUCACIONAL CONVIVER,2507507,-7.180416,-34.83406,True,True,True
25125397,INSTITUTO DE EDUCACAO RUTINEA,2507507,-7.175875,-34.84363,False,True,True
25125419,IERC - INTITUTO EDUCACIONAL REFUGIO DA CRIANCA LTDA,2507507,-7.149987,-34.87077,True,True,True
25125494,COLEGIO TOP,2507507,-7.15362,-34.839035,True,True,True
25125508,COLEGIO GERACAO CRIANCA LTDA,2507507,-7.176614,-34.884,True,True,True
25125567,CMEI AUTA RIBEIRO PEIXOTO,2507507,-7.17490853,-34.85675088,True,True,True
25125575,CMEI SANTA BARBARA,2507507,-7.1981203,-34.8383714,True,True,True
25125583,CMEI MANOEL SOARES RODRIGUES,2507507,-7.184461928,-34.87659937,False,False,False
25125605,COLEGIO ATENEU,2507507,-7.138382041,-34.88576853,True,True,True
25125826,CMEI SANTA CLARA,2507507,-7.130475,-34.849825,True,True,False
25125974,CENTRO DE EDUCACAO PROFISSIONAL MAURICIO DE NASSAU-JOAO PESSOA,2507507,-7.121546,-34.87083,False,False,False
25126016,INSTITUTO EDUCACIONAL COLINAS DO SUL,2507507,-7.199717,-34.88623,True,True,True
25126180,ECIT LINDUARTE NORONHA,2507507,-7.1952764,-34.8808253,True,True,False
25126539,INSTITUTO EDUCACIONAL GENTE PEQUENA,2507507,-7.170643,-34.83813,True,True,True
25126865,COLEGIO LUMINAR,2507507,-7.111029,-34.86552,True,False,True
25127012,KRONOS NEXUS,2507507,-7.120589,-34.87362,True,True,True
25127063,ESCOLA TECNICA DE ENFERMAGEM OMEGA,2507507,-7.117305,-34.88461,True,True,True
25127276,FACULDADE MAURICIO DE NASSAU - UNID 1-EPITACIO PESSOA,2507507,-7.119384,-34.85978,False,False,False
25127322,CENTRO EDUCACIONAL URIEL,2507507,-7.116417,-34.87229,True,True,True
25127470,ESCOLA ESTADUAL DE MUSICA ANTHENOR NAVARRO,2507507,-7.12189568,-34.84353165,True,True,True
25127713,CMEI MARIA DO SOCORRO RODRIGUES,2507507,-7.207362503,-34.87105667,False,False,False
25127772,CMEI SUELLEN OLIVEIRA DA SILVA,2507507,-7.1831043,-34.860366,False,False,False
25127780,CMEI OLGA MARIA LEITE DE FIGUEIREDO,2507507,-7.184946486,-34.87068233,True,True,True
25127799,CMEI EDILEUZA MARIA DE SOUZA,2507507,-7.182588333,-34.83985167,False,False,False
25127810,CMEI REBECA CRISTINA ALVES SIMOES,2507507,-7.17079034,-34.83410961,True,True,True
25127829,CMEI TEREZA CRISTINA COSTA DE ALBUQUERQUE,2507507,-7.1719263,-34.9286554,False,True,True
25128191,CENTRO DE ENSINO EDUQUE,2507507,-7.163899,-34.83906,True,False,False
25128213,NM SERVICOS DE ENSINO FUNDAMENTAL LTDA,2507507,-7.16564115,-34.84024252,True,True,False
25128256,CMEI FABIANA OLIVEIRA LUCENA,2507507,-7.1822,-34.92133833,False,False,False
25128264,CMEI ARLETE DE ALMEIDA NUNES,2507507,-7.17492955,-34.86662024,True,True,True
25128272,CMEI MARCIA SUENIA MADRUGA ALVES DA SILVA,2507507,-7.17949468,-34.8172742,True,True,True
25128337,ECIT JOAO PEREIRA GOMES FILHO,2507507,-7.16347054,-34.82554925,False,False,False
25128582,IFPB - CAMPUS AVANCADO JOAO PESSOA MANGABEIRA,2507507,-7.1631705,-34.8254923,True,True,True
25128981,COLEGIO ATENEU KIDS,2507507,-7.141978791,-34.89084485,True,True,True
25129058,CMEI MARIA EMILIA COELHO DA SILVA CORREIA,2507507,-7.181347506,-34.93537428,False,False,False
25129066,CMEI GERUSA OLINDA DE SOUZA,2507507,-7.167526628,-34.84969505,True,True,False
25129252,EM PROFESSORA LUCIA GIOVANNA DUARTE DE MELO,2507507,-7.20133584,-34.8723698,True,True,True
25129260,EM DEPUTADO FERNANDO PAULO CARRILHO MILANEZ,2507507,-7.1993019,-34.86714438,True,True,True
25129600,CMEI ARTUR ANTONIO BELARMINO FERREIRA,2507507,-7.148627699,-34.84131298,False,True,True
25129619,CMEI MARIA AUXILIADORA AMARAL DI LORENZO,2507507,-7.195889,-34.8599362,True,True,True
25129627,CMEI TEREZINHA BATISTA OLIVEIRA DE LIMA,2507507,-7.16307586,-34.88551155,False,False,False
25129635,CMEI PROFESSORA MARIA DAS GRACAS DA SILVA QUEIROZ,2507507,-7.18130206,-34.93113813,False,True,True
25130455,EMEI BILINGUE DOM JOSE MARIA PIRES,2507507,-7.149499678,-34.9059873,True,True,True
25130579,EM DEPUTADO EDME TAVARES DE ALBUQUERQUE,2507507,-7.181731667,-34.93538333,True,True,True
25131001,CMEI NOSSA SENHORA DA PENHA,2507507,-7.16631155,-34.79890285,True,True,True
25131010,EM DEPUTADO JOACIL DE BRITO PEREIRA,2507507,-7.22151827,-34.84518053,True,True,False
25132598,COLEGIO BATISTA BRASIL - PRAIA - JOAO PESSOA,2507507,-7.11446952,-34.83360045,True,True,True
25138200,CENTRO ESTADUAL DE ARTE - CEARTE,2507507,-7.116693,-34.88451,True,True,True
25139401,EM PROFESSORA ANAYDE BEIRIZ,2507507,-7.1740418,-34.9297431,True,True,True
25139410,CMEI MARIA DE NAZARE,2507507,-7.184043333,-34.883135,False,True,True
25147005,INSTITUTO EDUCACIONAL G I LTDA,2507507,-7.13022,-34.87716,True,False,False
25149202,CMEI PROFESSORA MARINETE PAIVA FERNANDES DE OLIVEIRA,2507507,-7.2047813,-34.8410083,False,True,True
25149210,CMEI PROFESSORA ANTONIETA ARANHA DE MACEDO,2507507,-7.0722717,-34.842805,False,False,False
25149407,CMEI PROFESSOR JOSE DE CARVALHO DA COSTA FILHO,2507507,-7.137173087,-34.82729403,True,True,True
25149415,CMEI MAESTRO PEDRO SANTOS,2507507,-7.17664441,-34.8182534,False,True,False
25149601,CMEI LUZIA DA TAIPA,2507507,-7.19904447,-34.88399003,False,True,True
25149806,EM JORNALISTA RAIMUNDO NONATO BATISTA,2507507,-7.19888732,-34.88465861,True,True,True
25150600,CMEI GERTRUDES MARIA,2507507,-7.16383454,-34.90522178,True,False,False
25153811,JOAO MACHADO COLEGIO E CURSO,2507507,-7.133528,-34.87507,True,True,True
25153820,CARL ROGERS - CENTRO DE EDUCACAO,2507507,-7.151158,-34.83745,True,True,True
25154010,INSTITUTO DE EDUCACAO SARAH KALLEY,2507507,-7.150638,-34.88065,True,True,True
25186809,INSTITUTO EDUCACIONAL LAPIS NA MAO,2507507,-7.132756,-34.91084,True,True,False
25210807,CMEI ALEXANDRE RAMALHO ALVES FILHO,2507507,-7.1594,-34.89320833,True,False,True
25221809,SENAI - CENTRO DE EDUCACAO PROFISSIONAL ODILON RIBEIRO COUTINHO,2507507,-7.179005,-34.90541,True,True,True
25254952,COLEGIO DO BETEL BRASILEIRO,2507507,-7.147251,-34.91098,True,True,True
25258940,EM PROFESSOR AFONSO PEREIRA DA SILVA,2507507,-7.1772205,-34.8179485,True,True,True
25263927,CMEI RITA GADELHA DE SA,2507507,-7.14609794,-34.83148462,False,False,False
25266942,COLEGIO MUNDO DAS LETRAS E EXATO COLEGIO E CURSOS,2507507,-7.083614,-34.84512,False,True,False
25269925,CMEI JORNALISTA ODUVALDO OLIVEIRA BATISTA,2507507,-7.100597369,-34.86961068,True,True,False
25270923,CMEI MARIA DA PENHA MACEDO DE MELO,2507507,-7.1814451,-34.8813434,True,True,True
25276930,UNEPI - UNIAO DE ENSINO E PESQUISA INTEGRADA LTDA,2507507,-7.115554,-34.83406,False,False,False
25290924,CENTRO EDUCACIONAL PRINCIPE DA PAZ,2507507,-7.17371,-34.8582,True,True,True
25301926,INSTITUTO DE EDUCACAO DOCE MAE DE DEUS,2507507,-7.181571,-34.86952,True,True,True
25306936,ESCOLA INTERNACIONAL CIDADE VIVA,2507507,-7.0897935,-34.838463,True,True,True
25082264,CRECHE MUNICIPAL MAXIMINA MARIA DA CONCEICAO,2507606,-7.17448631,-35.58899887,True,False,False
25082272,ECI DOM ADAUTO,2507606,-7.174170292,-35.58858664,True,True,False
25082302,ESCOLA MUNICIPAL DO ENSINO INFANTIL E FUNDAMENTAL JOSE AUGUSTO DE LIRA,2507606,-7.1724665,-35.59145555,True,True,True
25082337,EMEF LUIS RIBEIRO COUTINHO,2507606,-7.170598581,-35.59211926,True,False,True
25082345,ESCOLA MUNICIPAL DO ENSINO INFANTIL E FUNDAMENTAL EUDOCIA GARCIA FIGUEIREDO,2507606,-7.165132505,-35.59152458,True,False,False
25082361,ESCOLA MUNICIPAL DO ENSINO INFANTIL E FUNDAMENTAL CICERA MENDONCA DE ARAUJO,2507606,-7.17080073,-35.58919103,True,True,False
25082370,ESCOLA MUNICIPAL DO ENSINO INFANTIL E FUNDAMENTAL MANOEL FELIX DE OLIVEIRA,2507606,-7.14282425,-35.56198543,True,True,False
25082418,ESCOLA MUNICIPAL DO ENSINO INFANTIL E FUNDAMENTAL MANOEL PEREIRA DA SILVA,2507606,-7.136958333,-35.55243667,True,True,False
25082442,ESCOLA MUNICIPAL DO ENSINO INFANTIL E FUNDAMENTAL MANOEL MENDES DA ROCHA,2507606,-7.18061706,-35.58263413,True,True,True
25082469,ESCOLA MUNIC DO ENS INFANTIL E FUNDAMENTAL NOSSA SENHORA DA CONCEICAO,2507606,-7.13870005,-35.54365993,True,True,False
25041428,ESC MUN ENS FUND SEVERINO MARINHEIRO,2507705,-7.068765722,-36.57451227,True,True,False
25041525,ECIT DEPUTADO GENIVAL MATIAS,2507705,-7.0677388,-36.5747373,True,False,False
25041665,EMEF FCO JOSE DO NASCIMENTO,2507705,-7.05873183,-36.61237626,False,False,False
25041800,ESC MUL ENS FUND FREI DAMIAO,2507705,-7.071537198,-36.58141946,True,False,True
25041983,ESC MUL ENS FUND JOSE ANANIAS APOLINARIO,2507705,-6.985472697,-36.48720553,False,False,False
25042076,EMEF VITALINO BARTOLOMEU,2507705,-7.027435019,-36.55968846,True,True,True
25042084,ESCOLA MUNICIPAL DE ENSINO FUNDAMENTAL ANTONIO CARLOS DE MORAIS,2507705,-7.041221196,-36.53035532,True,True,True
25042165,EMEF JOAO ARAUJO,2507705,-7.06480131,-36.64714258,False,False,False
25042181,ESCOLA MUNICIPAL DE ENSINO FUNDAMENTAL JOAQUIM MEDEIROS,2507705,-7.076665121,-36.57857146,True,False,False
25042190,EMEF JOSE PEIXE,2507705,-7.084331587,-36.59878702,False,True,True
25042211,ESC MUL ENS FUND MIGUEL LUCINDO,2507705,-7.040398135,-36.60686935,False,False,False
25042238,EMEF FRANCISCA NUNES PEREIRA,2507705,-7.176964316,-36.5291422,False,False,False
25104446,EMEF PADRE CICERO,2507705,-7.071059933,-36.60498057,True,True,False
25108638,ESCOLA PARTICULAR NOSSA SENHORA DE FATIMA,2507705,-7.0707883,-36.5784541,False,False,False
25110756,ESCOLA SUPLETIVA DE 1º GRAU,2507705,-7.068605083,-36.57448956,True,True,False
25118358,EEEFM DEPUTADO PEDRO PASCOAL DE OLIVEIRA,2507705,-7.06828887,-36.5836568,True,True,False
25129201,CENTRO EDUCACIONAL REI DAVI,2507705,-7.0646167,-36.5754309,False,False,False
25132903,CRECHE MUNICIPAL MARIA AMELIA DINIZ,2507705,-7.06546891,-36.58517799,True,True,True
25132911,ESCOLA MUNICIPAL DE EDUCACAO INFANTIL E ENSINO FUNDAMENTAL LUIZ GONZAGA BURITY,2507705,-7.06461756,-36.57904303,False,False,False
25137603,ESCOLA PEQUENO APRENDIZ,2507705,-7.07026941,-36.57654847,False,False,False
25038460,EMEIEFM SANTO ONOFRE,2507804,-6.99405191,-36.71591188,True,True,True
25038478,ECIT EZEQUIEL FERNANDES,2507804,-6.9966515,-36.7119202,False,False,False
25038648,EMEIEF JOSE MARIANO DA NOBREGA,2507804,-7.041653157,-36.83997134,True,True,True
25038729,ESCOLA MUNICIPAL DE EDUCACAO INFANTIL ENSINO FUNDAMENTAL CASTELO BRANCO,2507804,-6.950145364,-36.6785094,True,True,False
25108875,ESCOLA ESTRELA DA MANHA,2507804,-6.99401362,-36.71414078,True,True,True
25088785,ECIT TEONAS DA CUNHA CAVALCANTI,2507903,-7.37297797,-35.24127279,True,True,True
25088793,EEEFM DEMETRIO TOLEDO,2507903,-7.3748394,-35.2375268,True,False,False
25088815,E M E I F JOSEFA ALEXANDRINA DA SILVA,2507903,-7.374653774,-35.24569761,True,True,True
25088823,EMEF MARIA JOSE BORBA,2507903,-7.3693782,-35.2375396,True,True,True
25088858,EMEIF JOSE ABDON DE QUEIROZ,2507903,-7.3209397,-35.2365938,True,False,False
25088874,ESC MUL DE ENS INF E FUN TEONAS DA CUNHA CAVALCANTE,2507903,-7.3209397,-35.2365938,True,False,False
25088904,ESCOLA MUN DE ENS INFANTIL E FUNDAMENTAL VEREADOR JOSE GRIMAUDO TAVARES,2507903,-7.3768578,-35.23380024,True,True,True
25088912,ESC MUN ENS INF E FUND SALVINO JOAO PEREIRA,2507903,-7.374105,-35.2394313,True,True,True
25101781,CRECHE MUNICIPAL DEBORA MAROJA GUEDES,2507903,-7.369588329,-35.23873237,True,True,True
25118889,ESCOLA DO SABER,2507903,-7.374535611,-35.23909988,True,True,False
25123378,UNIDADE ESCOLAR RECANTO FELIZ,2507903,-7.375123333,-35.24146833,True,True,True
25123386,COLEGIO OPCAO,2507903,-7.3746232,-35.2367995,True,True,False
25128043,EMEI GOVERNADOR RONALDO JOSE DA CUNHA LIMA,2507903,-7.3743254,-35.2375855,True,True,True
25131087,CENTRO MUNICIPAL DE EDUCACAO PREFEITO ARNALDO MOUZINHO DA SILVA,2507903,-7.367958426,-35.24071553,True,True,True
25137204,MUNICIPAL DE ENSINO INFANTIL E FUNDAMENTAL ANTONIO PEDRO DA SILVA,2507903,-7.326427144,-35.2274629,True,False,False
25034820,EEEF AMERICA FLORENTINO,2508000,-7.5405801,-37.8197665,True,True,False
25034839,ECIT ARLINDA PESSOA DA SILVA,2508000,-7.5459333,-37.826545,False,False,False
25034855,EMEIEF CORNELIO DE SOUZA NASCIMENTO,2508000,-7.593420725,-37.78438627,True,True,True
25035193,EMEIF LUIZ DE SOUSA BRASIL,2508000,-7.5189266,-37.885617,True,False,False
25035207,EMEIF MANOEL BARBOSA,2508000,-7.615111331,-37.76111048,True,False,False
25035231,EMEIF POSSIDONIO DA COSTA VERAS,2508000,-7.45611392,-37.8019285,True,False,False
25035398,EMEIF POLONORDESTE,2508000,-7.5687701,-37.8375095,True,False,False
25111698,EMEIF ANTONIO ALVES DA SILVA,2508000,-7.53492137,-37.81846633,True,True,True
25118846,CRECHE MUNICIPAL DONA GENI MARQUES,2508000,-7.5421432,-37.8216266,True,False,True
25129341,EMEI PROFESSORA RITA PIRES TEIXEIRA,2508000,-7.5453144,-37.8179461,True,True,True
25132105,EMEIF DONA ADGINA PIRES RAMOS,2508000,-7.544492832,-37.81599526,True,False,True
25003038,EEEFM MONSENHOR VALERIANO PEREIRA,2508109,-6.590946657,-37.91722083,True,True,False
25003054,ECI FREI BRUNO,2508109,-6.5897582,-37.9137317,True,True,True
25003100,EM DE ACUDINHO,2508109,-6.5362749,-37.949777,False,False,False
25003119,EM DE CANTINHO,2508109,-6.5818171,-37.8614899,True,False,False
25003151,E M MANOEL JUVENCIO FILHO,2508109,-6.6185634,-37.8188367,False,False,False
25003178,E M DE PIPOCA,2508109,-6.6259531,-37.9505413,False,False,False
25003232,E M MARGARIDA CARDOSO,2508109,-6.5906036,-37.9166277,True,True,True
25003321,E M MARTIM ANTONIO DE OLIVEIRA,2508109,-6.5543393,-37.9420263,True,False,False
25112228,CRECHE PARAISO DAS CRIANCAS,2508109,-6.5929783,-37.9148535,True,True,True
25254928,EMEF AMADEU JOSE DE ALMEIDA,2508109,-6.5889227,-37.9122443,True,False,False
25069349,CRECHE MUNICIPAL PROFESSORA VALDENIZE SANTOS DE SOUZA,2508208,-6.6726086,-35.3799374,False,True,True
25069357,ECIT IVAN BICHARA SOBREIRA,2508208,-6.6716418,-35.3775913,False,False,False
25069373,EEEFM GETULIO VARGAS,2508208,-6.673555,-35.3767993,True,True,True
25069446,EMEIF PROFESSORA ANTONIA COELHO PEREIRA,2508208,-6.674579,-35.3781378,True,True,False
25069454,EMEF PROFESSOR JOAO DE FREITAS FILHO,2508208,-6.6710789,-35.3663784,True,False,False
25069489,EMEF NOSSA SENHORA DAS GRACAS,2508208,-6.663169,-35.39458,False,False,False
25069497,EMEF PROFESSORA BERNADETE ALVES DA COSTA,2508208,-6.6705007,-35.3357186,True,False,False
25069500,EMEF ANTONIO GOMES DA COSTA,2508208,-6.7413956,-35.3456609,False,False,False
25069519,EMEF ALFREDO CHAVES,2508208,-6.6716446,-35.3780183,True,False,False
25069543,EMEF PROFESSORA MARIA DAS NEVES LISBOA DE MATOS,2508208,-6.6763881,-35.3243875,True,False,True
25069551,EMEF JOAO VERISSIMO,2508208,-6.6299933,-35.3535853,True,True,False
25069560,CRECHE PADRE LUIZ DEODATO,2508208,-6.6933075,-35.345062,False,False,False
25069578,EMEF MANOEL ADELAIDE,2508208,-6.6898973,-35.3459779,True,True,False
25069586,EMEF MIGUEL PEREIRA,2508208,-6.6605517,-35.3452527,True,False,False
25069594,EMEF PORFIRIO FLOR,2508208,-6.7084418,-35.3535588,True,False,False
25069608,EMEF SEVERINO LUCAS,2508208,-6.634582,-35.3677646,False,False,False
25120336,EMEF PROF MARIA BERNADETE ADELAIDE,2508208,-6.6690775,-35.3808671,True,True,False
25121014,EMEF JOSE ANTONIO DE SOUZA,2508208,-6.689625,-35.3854853,False,False,False
25077686,ESCOLA AGRICOLA ASSIS CHATEAUBRIAND-UEPB,2508307,-7.15417673,-35.87079497,True,True,False
25077708,EMEIEF CRIANCA FELIZ,2508307,-7.15436325,-35.85431452,False,False,False
25077740,EMEIEF DEOCLECIANO CARNEIRO MACHADO RIOS,2508307,-7.135796667,-35.81206,True,True,True
25077759,ECIT FRANCISCA MARTINIANO DA ROCHA,2508307,-7.15602896,-35.85647295,True,True,True
25077775,EMEIEF JOSE ANDRE DA ROCHA,2508307,-7.16700702,-35.90947562,False,True,True
25077783,EMEIEF ANTONIO FELIX DE ARAUJO,2508307,-7.14649826,-35.8088993,True,False,True
25077813,EMEIEF ANTONIO DEMETRIO CASSIANO,2508307,-7.154233333,-35.854315,True,True,True
25077821,EMEIEF FREI DAGOBERTO,2508307,-7.162791667,-35.81130667,True,False,True
25077830,EMEIEF FREI MANFREDO,2508307,-7.153751667,-35.85673833,True,True,False
25077848,EMEIEF JOSE BATISTA BRANDAO,2508307,-7.175427619,-35.85309989,True,True,True
25077864,EMEIEF JOSE MARQUES DE OLIVEIRA,2508307,-7.15126091,-35.85358518,True,True,True
25077880,EMEIEF MARIA DA GUIA RAMOS,2508307,-7.162293333,-35.857705,True,True,False
25077899,EMEIEF AMERICO PORTO,2508307,-7.144876085,-35.82700778,False,False,False
25077902,EMEIEF OLIMPIO RODRIGUES COURA,2508307,-7.107653333,-35.87608333,True,False,True
25077910,EMEIEF ROSA AMELIA FELIX DE ARAUJO,2508307,-7.14645029,-35.80043748,False,False,False
25077929,EMEIEF ABELARDO COUTINHO,2508307,-7.150086667,-35.921835,False,False,True
25077937,EMEIEF ANITA CABRAL,2508307,-7.131681258,-35.8393687,True,False,True
25077953,EMEIEF ANTONIO PORTO MARIA,2508307,-7.09903,-35.88799167,True,False,True
25077961,EMEIEF DR TARCISIO ALVES TITO,2508307,-7.1884139,-35.86985196,True,True,True
25077970,EMEIEF JOAO LAURENTINO DE CARVALHO,2508307,-7.13565484,-35.90399832,True,False,True
25077996,EMEIEF JOSE BENEDITO DE LIMA,2508307,-7.163328333,-35.896985,False,False,False
25078003,EMEIEF JOSE GOMES,2508307,-7.150580431,-35.89577132,True,False,True
25078011,EMEIEF MACHADO DE ASSIS,2508307,-7.1121475,-35.9101749,True,True,True
25078020,EMEIEF MANOEL PEREIRA DA SILVA,2508307,-7.13497805,-35.87813857,True,True,True
25078038,EMEF SAO SEBASTIAO,2508307,-7.15375805,-35.87043015,False,True,True
25078046,EMEIEF TERTULIANO JOSE DA SILVA,2508307,-7.124238121,-35.89682886,False,False,False
25078054,EMEIEF ZEZITO RIBEIRO,2508307,-7.1873727,-35.82298737,True,True,True
25078062,EMEIEF SEVERINA CANDIDO DOS SANTOS,2508307,-7.17063281,-35.83861077,False,True,True
25078089,NUCLEO EDUCACIONAL CECILIA MEIRELES,2508307,-7.157631,-35.85448,True,False,True
25110675,EEIEF SANTA RITA,2508307,-7.157372,-35.85316,True,True,False
25118773,EMEF IRMAO DAMIAO CLEMENTE,2508307,-7.16268182,-35.85772613,True,True,True
25118781,CRECHE MUNICIPAL ALZIRA COUTINHO,2508307,-7.159489049,-35.85269255,True,True,True
25124781,CRECHE MUNICIPAL DJANIRA AMELIA DA SILVA,2508307,-7.18387295,-35.82355393,True,False,True
25129031,EMEF ISABEL VIEIRA DE ANDRADE,2508307,-7.18352296,-35.82612052,True,True,True
25129040,EMEIEF JOSE BATISTA DE OLIVEIRA,2508307,-7.149825,-35.84538667,True,False,True
25130536,CRECHE MUNICIPAL IRMAO DAMIAO CLEMENTE,2508307,-7.154335,-35.85434333,True,False,False
25014412,ECI NESTORINA ABRANTES,2508406,-6.5146123,-38.1778723,False,True,False
25014501,EMEIF MARIA JOAQUINA DE ABRANTES,2508406,-6.557775,-38.19562,True,False,False
25014560,EMEIF ISRAEL ABRANTES FERREIRA,2508406,-6.499996667,-38.21065833,True,True,False
25014650,INSTITUTO EDUCACIONAL DE ENSINO FUNDAMENTAL RONALDO GONCALVES SARMENTO,2508406,-6.5205886,-38.17944,True,True,True
25045059,ECIT JOAO LELYS,2508505,-7.37495378,-36.94431241,False,False,False
25045083,EMEF MARIA SALOME DE ALMEIDA,2508505,-7.378016402,-36.94098888,True,True,True
25045113,EMEF MANOEL MARCONILO,2508505,-7.294708652,-37.00965527,False,False,False
25045130,EMEF AMELIA MARIA DA CONCEICAO,2508505,-7.367165705,-36.97804133,False,False,False
25045148,EMEF ANTONIO GERMANO NUNES,2508505,-7.28668566,-36.95368623,False,False,False
25045156,EMEF ANTONIO VILAR DE ARAUJO,2508505,-7.327194114,-37.00319979,False,False,False
25045164,EMEF APOLONIA MEDEIROS DE BRITO,2508505,-7.302833697,-36.97443838,True,True,True
25045180,EMEF DORGIVAL VILAR DE CARVALHO,2508505,-7.313884469,-36.89383852,False,False,False
25045229,EMEF FRANCISCA INOCENCIA CONCEICAO,2508505,-7.350539709,-36.97250239,False,False,False
25045237,EMEF FRANCISCO MANOEL DO NASCIMENTO,2508505,-7.334902419,-36.89663858,False,False,False
25045253,EMEF JOAO PEREIRA FILHO,2508505,-7.343542887,-36.94910613,False,True,False
25045261,EMEF JOSE ANTONIO DA NOBREGA,2508505,-7.348459491,-36.90811595,False,False,False
25045296,EMEF MANOEL PAULINO DE LOIOLA,2508505,-7.302417844,-36.94130029,False,False,False
25045318,EMEF PROFA GEORGINA J SOUSA,2508505,-7.326270651,-36.95800607,False,True,False
25111299,EMEF SANTA ROSA,2508505,-7.381023337,-37.00312355,False,False,False
25118676,EMEF AGOSTINHO PATRICIO DE ARAUJO,2508505,-7.362574947,-36.88610804,False,False,False
25118684,EMEF MINISTRO ALCIDES CARNEIRO,2508505,-7.375855111,-36.9486043,True,True,False
25122550,EMEF DARCY JOSE DE BRITO,2508505,-7.333281075,-36.91451895,False,False,False
25130196,CRECHE MUNICIPAL EULINA RODRIGUES MARANHAO DE MACEDO,2508505,-7.378866053,-36.93892105,True,True,False
25133225,ESCOLA MUNICIPAL DE ENSINO FUNDAMENTAL PREFEITO RIVALDO VILAR DE CARVALHO,2508505,-7.376539244,-36.9400706,True,True,True
25067648,E M E I F MANOEL JOAO BARBOSA,2508554,-6.497008153,-35.42638248,True,True,False
25067729,EMEI MARIA EUDEZIA ALVES DE CARVALHO,2508554,-6.616324335,-35.43923462,True,False,False
25067737,ECI PREFEITO JOSE ANTONIO NEVES,2508554,-6.615637,-35.4424,True,True,False
25067753,EMEIF ANTONIO SOARES DA CRUZ,2508554,-6.567759463,-35.42469545,True,True,True
25067788,ESCOLA MUNICIPAL DE ENSINO FUNDAMENTA MARIA ELOI LEITE,2508554,-6.616054187,-35.43936043,True,True,True
25116207,CRECHE MARIA JULIA DA SILVA,2508554,-6.615982899,-35.44115458,True,False,True
25098632,ECIT IZAURA FALCAO DE CARVALHO,2508604,-6.89946229,-34.87375069,True,True,False
25098667,EMEFEJA AMERICO FALCAO,2508604,-6.89971296,-34.86953022,True,True,True
25098683,EMEFEJA ANTONIO AURELIO TEIXEIRA DE CARVALHO,2508604,-6.93376976,-34.86903303,True,True,True
25098691,EMEF AUGUSTO GUEDES DA COSTA,2508604,-6.923646667,-34.866325,True,True,True
25098713,EMEFI EUGENIO DE SOUZA FALCAO,2508604,-6.91196866,-34.86123034,True,False,True
25098748,EMEFI JUVENCIO COELHO DE CARVALHO,2508604,-6.96744461,-34.85577798,True,False,True
25098756,EMEF OTTO ILLI,2508604,-6.91205089,-34.98651764,True,True,True
25107232,INSTITUTO EDUCACIONAL NOVA GERACAO,2508604,-6.90220215,-34.87026066,False,False,False
25111680,EMEFEJA ELINORA DORNELAS MONTEIRO,2508604,-6.902202,-34.8702535,True,True,True
25114751,EMEFI LUIZ DE SOUZA FALCAO,2508604,-6.912779678,-34.90797157,True,False,True
25119966,CENTRO DE EDUCACAO INFANTIL JESUS MENINO,2508604,-6.958743333,-34.87162,False,True,True
25121367,ESCOLA AGAPE VISAO,2508604,-6.90029087,-34.87131696,False,True,True
25123211,EMEI MACOM LUIZ FRANCA SOBRINHO,2508604,-6.94779241,-34.86673823,False,False,True
25130773,ESCOLA MUNICIPAL PREFEITO ANTENOR LOPES FALCAO,2508604,-6.90166275,-34.87865726,False,True,True
25159801,ESCOLA DE ENSINO INFANTIL ARCO - IRIS,2508604,-6.90219741,-34.87026199,True,True,True
25274929,EMEF GILBERTO INICIO DOS SANTOS,2508604,-6.93164614,-34.87129141,False,True,True
25020102,ECI FRANCISCO ROMANO DA SILVEIRA,2508703,-7.257746667,-37.42698,False,False,False
25020153,CRECHE PRE-ESCOLA CARLOS FREDERICO URQUIZA DE FIGUEIREDO LEITAO,2508703,-7.2173139,-37.3989928,False,False,True
25020200,EMEF SEVERINO MAIA DA COSTA,2508703,-7.27826847,-37.40543219,False,False,True
25020277,EMEF JOSE LUIZ DE OLIVEIRA,2508703,-7.2896365,-37.4974068,True,False,True
25020285,EMEF MANOEL NUNES TRINDADE,2508703,-7.2587116,-37.4263909,True,True,True
25020293,EMEF NABOR WANDERLEY,2508703,-7.2171242,-37.3991321,True,True,True
25020323,CRECHE PRE-ESCOLA FAGNER MORAIS MONTEIRO,2508703,-7.2580685,-37.4275536,True,False,True
25115766,EMEF MARIA JERONIMO NUNES,2508703,-7.255293333,-37.42818167,True,True,True
25014692,ECIT DOUTOR ANTONIO FERNANDES MEDEIROS,2508802,-6.9049424,-37.523519,True,True,False
25014706,EMEIF CON JOAQUIM DE ASSIS FERREIRA,2508802,-6.90374826,-37.51798198,True,True,False
25014757,EMEIEF BOILEAU DANTAS WANDERLEY,2508802,-6.90724113,-37.51755063,True,True,False
25014846,EMEIF RAIMUNDO GUALBERTO DOS SANTOS,2508802,-6.8208477,-37.5434552,True,False,False
25109049,CRECHE SALVELINA CAVALCANTE DE SOUSA,2508802,-6.90566391,-37.52933861,False,False,False
25086880,CENTRO EDUCACIONAL DE EF BEATRIZ MENEZES,2508901,-6.836042,-35.12807,False,False,False
25086901,ECI SENADOR RUI CARNEIRO,2508901,-6.8408464,-35.1316569,True,True,True
25086910,EEEFM PROFESSOR ANTONIO GARCEZ,2508901,-6.8430404,-35.0960779,False,False,False
25086928,EEEM PROFESSOR LUIZ APRIGIO,2508901,-6.835483778,-35.12137726,True,True,False
25086936,EEEFM UMBELINA GARCEZ,2508901,-6.8386388,-35.1335905,True,True,True
25086979,ESCOLA MUNICIPAL DE EF ANA CAVALCANTE DE ALBUQUERQUE,2508901,-6.83105677,-35.12454133,True,True,False
25086987,ESCOLA MUNICIPAL EF DE BREJINHO,2508901,-6.67808387,-35.20947724,False,False,False
25087010,ESCOLA MUNICIPAL DO EF DE PAU DARCO,2508901,-6.76872059,-35.14138782,False,False,False
25087053,ESCOLA MUNICIPAL DE EF JOSE HENRIQUES BARBOSA,2508901,-6.77769059,-35.20066901,False,False,False
25087061,ESCOLA MUNICIPAL DE EF MARIO CAMPELO,2508901,-6.84861275,-35.1388792,True,True,False
25087070,ESCOLA MUNICIPAL DE E F MIGUEL DALIA,2508901,-6.80229632,-35.18727608,True,False,False
25087088,ESCOLA MUNICIPAL DE EF N S DA CONCEICAO,2508901,-6.781812,-35.1884619,False,False,False
25087126,ESCOLA MUNICIPAL DE EF PADRE GERALDO,2508901,-6.8360338,-35.1212142,False,True,False
25087134,EMEF CARLOS FERNANDES DE LIMA,2508901,-6.85004735,-35.14268553,False,False,False
25087142,EMEF FRANCISCA ALMEIDA,2508901,-6.84506058,-35.12607353,True,True,True
25087150,EMEF IRACEMA SOARES,2508901,-6.84177566,-35.13177732,True,True,True
25087169,ESCOLA MUNICIPAL DE EF PROFA JACINTA BATISTA BEZERRA,2508901,-6.8311427,-35.1228383,True,False,False
25087177,ESCOLA MUNICIPAL DE EF TEOFILIO AURELIO,2508901,-6.82706721,-35.11045703,False,False,False
25087207,COLEGIO NOVO ASTRAL,2508901,-6.838896,-35.12706,True,True,True
25087223,ESCOLA MUNICIPAL EF DE CAIANA,2508901,-6.73213138,-35.16279957,False,False,False
25087231,ESCOLA MUNICIPAL DE EF DE CURRALINHO,2508901,-6.81912613,-35.17598979,False,False,False
25087258,ESCOLA MUNICIPAL DE EF DA COMUNIDADE PEDRA,2508901,-6.8344597,-35.1496233,False,False,False
25087274,ESCOLA MUNICIPAL DE EF DE IMBIRIBEIRA,2508901,-6.66419399,-35.14699931,False,False,False
25087282,ESCOLA MUNICIPAL DE EF DE JOAO PEREIRA,2508901,-6.67229084,-35.18229292,False,False,False
25087290,ESCOLA MUNICIPAL EF DE PEPINA,2508901,-6.6994833,-35.1414599,False,False,False
25087428,ESCOLA MUNICIPAL DE EF ENG ANTONIO LIRA,2508901,-6.80230504,-35.18728375,False,False,False
25087614,ESCOLA MUNICIPAL DE EF CLEA MARIA BEZERRA BARBOSA,2508901,-6.83635695,-35.1391521,True,True,True
25087665,EEEFM DOUTOR JOSE A DA TRINDADE,2508901,-6.64113771,-35.11942383,True,True,True
25103237,EMEF DR ADAILTON COELHO DA COSTA,2508901,-6.84994897,-35.13423241,False,True,False
25105604,ESCOLA MUNICIPAL DE EF CARMELITA FELICIANO GOMES,2508901,-6.76907381,-35.14191331,True,False,False
25105620,ESCOLA MUNICIPAL DE EF MANOEL FERNANDES DE LIMA,2508901,-6.6417351,-35.1192431,True,False,False
25105663,ESCOLA MUNICIPAL DE EF JOAO RAFAEL FILHO,2508901,-6.74735,-35.1705996,False,False,False
25107828,ESCOLA MUNICIPAL DE ENSINO FUNDAMENTAL CONEGO JOSE PAULO DE ALMEIDA,2508901,-6.83588073,-35.12221283,False,True,False
25113330,CRECHE MARIA DO LIVRAMENTO PINTO LUCENA,2508901,-6.8365643,-35.12243031,True,False,False
25113585,ESCOLA MUNICIPAL DE EF CEL JOSE CASTOR DO REGO,2508901,-6.82320617,-35.1261821,True,True,False
25116800,EMEF MARIA LUCIA,2508901,-6.85960123,-35.12407001,True,True,False
25119192,EMEF MIGUEL TOMAZ SOARES,2508901,-6.8307949,-35.1392783,True,True,False
25122533,ECI DOUTOR GUSTAVO FERNANDES DE LIMA SOBRINHO,2508901,-6.8452588,-35.1405447,True,True,True
25127977,ECIT VALE DO MAMANGUAPE JOAO DA MATA CAVALCANTI DE ALBUQUERQUE,2508901,-6.8432835,-35.1399603,True,True,False
25087410,ESCOLA MUNICIPAL DE EF EMIDIO ANTONIO RODRIGUES,2508901,-6.5998249,-35.1456314,True,True,False
25087657,EEEFM ANTONIO PINTO BARBALHO,2508901,-6.6011184,-35.1443654,False,True,False
25035410,CRECHE MUNICIPAL MARIA LUCIA SIMPLICIO,2509008,-7.70421857,-38.15761739,True,True,True
25035444,EEEF PROFESSORA ANTONIA DINIZ MAIA,2509008,-7.7091644,-38.154956,True,False,False
25035479,EMEF ANTONIA ALVES DINIZ,2509008,-7.754506,-38.18718538,False,False,False
25035487,EMEF ANTONIO DE SOUSA BRASIL,2509008,-7.79693211,-38.25878135,False,False,False
25035495,EMEF ANTONIO JOSE GUABIRABA,2509008,-7.80935794,-38.22158667,False,False,False
25035509,EMEF ANTONIO MACENA,2509008,-7.81477511,-38.27473633,False,False,False
25035517,EMEF ANTONIO FURTADO LEITE,2509008,-7.61199122,-38.14108649,False,False,False
25035525,EMEF SITIO AREIAS DE OLHO DAGUA,2509008,-7.76796036,-38.20423293,False,False,False
25035533,EMEF AREIAS DE PELO SINAL,2509008,-7.80173638,-38.27740827,False,False,False
25035568,EMEF BENEDITO CARNEIRO DA SILVA,2509008,-7.73603207,-38.14805731,False,False,False
25035576,EMEF CICERO RABELO NOGUEIRA,2509008,-7.72934796,-38.18180571,False,False,False
25035584,EMEF EUCLIDES TEIXEIRA CAMPOS,2509008,-7.64407064,-38.19253415,False,False,False
25035592,EMEF FERNANDO ADAO ELOI,2509008,-7.76466548,-38.16078775,False,False,False
25035673,EMEF MANOEL SANTANA DA SILVA,2509008,-7.68837201,-38.23940005,False,False,False
25035703,EMEF LUIZ DE SOUSA PRIMO,2509008,-7.63523979,-38.14862725,False,False,False
25035720,EMEF SITIO OLHO DAGUA DOS ANTONIOS,2509008,-7.78010087,-38.2072452,False,False,False
25035746,EMEF SEBASTIANA MARIA DA CONCEICAO,2509008,-7.73734808,-38.2409289,False,False,False
25035827,EMEF SITIO QUEDA,2509008,-7.747493,-38.15483,False,False,False
25035843,EMEF SAO JOAQUIM,2509008,-7.78600759,-38.24658905,False,False,False
25035908,EMEF DE MANAIRA,2509008,-7.70432252,-38.1574209,True,True,True
25035924,EMEF JOSE NICOLAU NOGUEIRA,2509008,-7.67432115,-38.16074294,False,False,False
25035932,EMEF JUVENCIO ANTAS,2509008,-7.649179,-38.12733,False,False,False
25035940,EMEF MANOEL LOPES DE SIQUEIRA,2509008,-7.7691323,-38.17788858,False,False,False
25035967,EMEF PROFESSOR CICERO RABELO NOGUEIRA,2509008,-7.70926383,-38.15443306,True,True,False
25036017,ECI MONSENHOR SEBASTIAO RABELO,2509008,-7.711829147,-38.15552252,True,True,False
25036106,EMEF MANOEL BARBOSA,2509008,-7.7428376,-38.16789314,False,False,False
25105698,EMEF MANOEL ANTONIO SIMAO,2509008,-7.6457199,-38.16277,False,False,False
25115839,EMEF NOSSA SENHORA DO CARMO,2509008,-7.76126393,-38.13913884,False,False,False
25118617,EMEF JOSE DELFINO DA ROCHA,2509008,-7.7467838,-38.1291573,False,False,False
25035754,EMEF SEBASTIANA DINO,2509008,-7.78677847,-38.29310309,False,False,False
25087975,ESCOLA MUNICIPAL DE ENSINO FUNDAMENTAL INDIGENA TEODOLINO SOARES DE LIMA,2509057,-6.74309999,-34.94508712,True,False,False
25087983,EEEIFM ISAURA SOARES DE LIMA,2509057,-6.7335627,-34.9909495,False,False,False
25088084,EMEF CACIQUE MANOEL FRANCISCO,2509057,-6.71540294,-35.03919156,False,False,False
25088092,ESC MUL DE TRAMATAIA,2509057,-6.76348357,-34.95311201,False,False,False
25088106,EMEF DEPUTADO EDUARDO FERREIRA,2509057,-6.7172309,-34.94595174,True,False,False
25088114,EMEF CACIQUE JOAO FRANCISCO BERNARDO,2509057,-6.70632136,-35.0064496,False,False,False
25088181,EMIEF MARECHAL CANDIDO RONDON,2509057,-6.76336402,-34.95228831,False,False,False
25088203,EMIEF CACIQUE DOMINGOS BARBOSA DOS SANTOS,2509057,-6.74576898,-35.05729041,False,False,False
25088467,EMEF PROFª RAIMUNDA SOARES DE LIMA,2509057,-6.76937472,-35.01601696,True,True,False
25088475,ESC MUL IRACEMA SOARES DE FARIAS,2509057,-6.76067799,-35.0157125,True,False,False
25088483,EMEF PROFª EMILIA GOMES DA SILVA,2509057,-6.76864419,-35.01904542,True,True,False
25110195,EMEF INDIO JOSE GOMES DOS SANTOS,2509057,-6.76487657,-35.02625161,False,False,False
25128809,EEEIFM INDIO PEDRO MAXIMO DE LIMA,2509057,-6.7726091,-35.017225,True,True,True
25129759,CRECHE E ESCOLA MUNICIPAL INFANTIL SEVERINA DAS DORES ALVES,2509057,-6.76969166,-35.02075077,False,False,False
25111841,EEEIFM INDIGENA JOSE FERREIRA PADILHA,2509057,-6.7351971,-34.94041,False,True,False
25120760,EEEIFM CACIQUE INIGUACU,2509057,-6.762754,-34.9544789,True,True,False
25088963,EEEM AUGUSTO DOS ANJOS,2509107,-7.0602527,-35.3173228,True,True,True
25088971,EEEF LUIZ MARIA DE FRANCA,2509107,-7.056096392,-35.31975503,True,True,False
25089013,ECIT JOSE PAULO DE FRANCA,2509107,-7.0606352,-35.32116124,True,False,False
25089072,EMEF PREFEITO EPITACIO DANTAS,2509107,-7.060093,-35.31669,True,False,True
25089137,EMEIEF PROFESSORA MARIA DAS DORES SILVA,2509107,-7.05299758,-35.32268031,False,False,False
25114972,ESCOLA MUNICIPAL DE EDUCACAO INFANTIL E ENSINO FUNDAMENTAL TIRADENTES,2509107,-7.032777,-35.28695,False,True,True
25018574,ESCOLA MUNICIPAL DE EDUCACAO INFANTIL E ENSINO FUNDAMENTAL LUIZ PEIXOTO DA SILVA,2509156,-6.787649598,-38.35127072,False,False,False
25018779,ESCOLA MUNICIPAL DE ENSINO INFANTIL E FUNDAMENTAL JOAQUIM VIEIRA DA SILVA,2509156,-6.8781003,-38.3567286,True,True,True
25019520,CRECHE MUNICIPAL JOSE CARLEUSON BRAGA,2509156,-6.83555836,-38.34139198,True,True,True
25019538,ECIT ESTADUAL DOUTOR SILVA MARIZ,2509156,-6.84420171,-38.34917197,True,True,True
25019554,ESCOLA MUNICIPAL DE ENSINO FUNDAMENTAL INTEGRAL JULIA MARIA DE CARVALHO SILVA,2509156,-6.84639,-38.3450067,True,True,True
25019562,ESCOLA MUNICIPAL DE ENSINO FUNDAMENTAL INSTITUTO JOAQUINA DE PAIVA GADELHA,2509156,-6.84432101,-38.35536114,True,True,True
25113968,ESCOLA MUNICIPAL DE EDUCACAO INFANTIL E ENSINO FUNDAMENTAL INTEGRAL JOAO ALEXANDRE DE OLIVEIRA,2509156,-6.79846724,-38.32341523,True,True,True
25113976,ESCOLA MUNICIPAL DE EDUCACAO INFANTIL E ENSINO FUNDAMENTAL FRANCISCO BATISTA DOS SANTOS,2509156,-6.83077189,-38.31792321,True,False,True
25117190,ESCOLA MUNICIPAL DE EDUCACAO INFANTIL DOROTEU DOS SANTOS PASSOS,2509156,-6.842442,-38.3184814,True,True,True
25125010,ESCOLA DA VIDA,2509156,-6.84463,-38.34954,False,False,False
25125133,ESCOLA MUNICIPAL DE ENSINO FUNDAMENTAL INTEGRAL VEREADOR JOAO GONCALVES DE SOUSA,2509156,-6.8422869,-38.3447471,True,True,True
25127640,ESCOLINHA RECANTO DO SABER,2509156,-6.8448453,-38.3481595,False,False,False
25133136,ESCOLA DE EDUCACAO INFANTIL PASSO A PASSO,2509156,-6.84438877,-38.35025745,False,False,False
25078127,CRECHE IRENITA BATISTA DA SILVA,2509206,-7.18492329,-35.73206733,True,False,True
25078135,ECI MARIA ZECA DE SOUZA,2509206,-7.18545583,-35.73282407,True,True,True
25078143,EEEFM EVERALDO AGRA,2509206,-7.252692519,-35.83464804,True,True,False
25078178,EMEIEF ANA DA SILVA MEIRA,2509206,-7.1464182,-35.7587853,False,True,True
25078194,EMEIEF ANTONIO RODRIGUES,2509206,-7.14069793,-35.72513089,True,True,False
25078216,EMEIEF ENEAS DIAS CORREIA,2509206,-7.1755609,-35.7349044,True,True,True
25078275,EMEIEF MANOEL MACHADO DA NOBREGA,2509206,-7.1813002,-35.7323005,True,True,True
25078321,EMEIEF ROGACIANO NUNES,2509206,-7.1615724,-35.7026103,True,True,True
25078348,EMEF SUZETE DIAS CORREIA,2509206,-7.1813276,-35.7358062,True,True,True
25078445,EMEIEF JOSE SABINO DE SOUZA,2509206,-7.172842,-35.767131,True,True,True
25078488,EMEIEF MARIA ZECA DE SOUZA,2509206,-7.1818771,-35.7314602,True,True,True
25078496,EMEIEF SANTINHA RIBEIRO,2509206,-7.2010698,-35.748256,False,False,True
25078518,EMEIEF TIBURTINO PENHA MELO,2509206,-7.22839003,-35.70363587,True,False,True
25104438,EMEIEF PEDACINHO DO CEU,2509206,-7.2502762,-35.8362355,True,True,True
25128116,CENTRO EDUCACIONAL DE ENSINO INFANTIL E FUNDAMENTAL ESTACAO CRIANCA,2509206,-7.1814,-35.73622,False,True,False
25130595,CENTRO DE ATENDIMENTO EDUCACIONAL ESPECIALIZADO,2509206,-7.18014318,-35.73523255,False,False,False
25143808,INSTITUTO EDUCACIONAL DE EIEFM PINGOS DE LETRAS,2509206,-7.18007652,-35.735454,True,False,True
25087711,EMEFM CONEGO JOSE VITAL RIBEIRO BESSA,2509305,-6.5920671,-35.0582758,True,True,True
25087720,EMEDI JOSE VITAL RIBEIRO BESSA,2509305,-6.602027533,-35.05070524,True,True,True
25087738,ECI PEDRO POTI,2509305,-6.5907012,-35.05707,False,True,False
25087789,EMEF JOSE RIBEIRO BESSA,2509305,-6.599593386,-35.05455254,True,True,True
25087843,EM GRACINDA IRACEMA DA COSTA,2509305,-6.5725153,-35.1100804,True,True,True
25111833,CRECHE MENINA BARBARA,2509305,-6.592359552,-35.05508822,True,True,True
25087754,EMEF ANTONIO MADEIRO DA COSTA,2509305,-6.5927457,-34.9686404,True,True,True
25063294,EMEIF JOSE CABRAL,2509339,-7.10763852,-35.76012455,True,False,False
25063324,EMEIF MANOEL V DE MOURA,2509339,-7.12944036,-35.78763203,True,True,False
25063359,EEEFM DESEMBARGADOR ARTHUR VIRGINIO DE MOURA,2509339,-7.1223772,-35.7730116,True,True,False
25063405,ECIT POETA MARIO VIEIRA DA SILVA,2509339,-7.106855605,-35.79440896,True,True,True
25063529,EMEIF DR PEDRO TAVARES,2509339,-7.12245791,-35.8207148,True,False,False
25063600,EMEIF PADRE CICERO R BATISTA,2509339,-7.12175188,-35.80145377,True,False,False
25063642,EMEIF OSORIO SUDERIO SILVA,2509339,-7.114558,-35.78432,True,False,False
25063758,EMEIF JOAO FERNANDES DE ARAUJO,2509339,-7.11261605,-35.80769443,True,False,True
25063804,EMEIF SAO SEBASTIAO,2509339,-7.13585803,-35.75758399,True,False,False
25063820,EMEIF DEODATO SOBRAL,2509339,-7.10481973,-35.7386218,True,True,False
25063863,EMEIF ALDO ARRUDA CAMARA,2509339,-7.111983,-35.72951,False,False,False
25063979,EMEIF SEVERINO RICARDO DE ARAUJO,2509339,-7.10436385,-35.77008902,True,False,False
25114026,EMEIF INDEPENDENCIA,2509339,-7.14051651,-35.78202617,True,False,False
25126091,CRECHE DIVINA GLORIA,2509339,-7.12271058,-35.77489368,False,False,False
25146408,EMEIF ASCENDINO MOURA,2509339,-7.1222501,-35.77232003,True,False,False
25002457,ECI JOSE SERAFIM DE LIMA,2509370,-6.5422338,-37.7130957,True,True,False
25002490,ESC MUL MIGUEL FILHO DA SILVA,2509370,-6.559959,-37.70709,True,True,True
25002503,E M JOAO FRANCISCO DA SILVA,2509370,-6.544085,-37.73798,True,True,True
25002635,ESCOL MUNICIPAL LAURENTINO JOSE DA SILVA,2509370,-6.552626,-37.75963,True,True,True
25002724,ESC MUL JOSE FRANCISCO DA SILVA,2509370,-6.533841,-37.7264,False,False,True
25002813,ESC MUL FRANCISCO VENANCIO DA SILVA,2509370,-6.544881,-37.72962,False,False,False
25109537,ESC MUL MARIA DE LOURDES DE LIMA,2509370,-6.541553,-37.71805,True,True,True
25037781,ECI ANTONIO MOACIR DANTAS CAVALCANTI,2509396,-7.265643333,-37.34649333,True,True,False
25038060,EMEF MARIA TAMARA SOUZA DO NASCIMENTO,2509396,-7.26468,-37.34414167,True,True,False
25038338,EMEF JOSE RAMALHO XAVIER,2509396,-7.266263,-37.34967,True,True,False
25038354,EMEF MANOEL MACHADO DA COSTA,2509396,-7.331059,-37.36813,False,False,False
25082493,ECIT OTAVIA SILVEIRA,2509404,-7.30867215,-35.47750292,True,True,True
25082540,EEEF LEOVIGILDA MARTINS,2509404,-7.301271,-35.47905,False,False,False
25082574,EMEIEF DO CUMATI,2509404,-7.315922356,-35.53200695,True,False,False
25082590,EMEIEF ANTONIO DE ANDRADE SOBRINHO,2509404,-7.247971315,-35.52122489,False,False,False
25082612,EMEIEF JOAO PAULO II,2509404,-7.25561,-35.48661667,False,False,False
25082620,EMEIF JOSE ANTONIO RODRIGUES,2509404,-7.278209408,-35.52693238,False,False,False
25082639,EMEIEF JOSE LUCIANO RODRIGUES,2509404,-7.265803333,-35.49491833,False,False,False
25082647,EMEIEF SENADOR RUI CARNEIRO,2509404,-7.342499,-35.52111,True,True,False
25082663,EMEIEF CREMILDA DA SILVA LIRA,2509404,-7.285592649,-35.4889937,True,True,True
25082680,EMEIEF ANTONIO JOSE DE ANDRADE,2509404,-7.296260004,-35.52710982,True,True,True
25082710,EMEIEF JOAO AVELINO DA SILVA,2509404,-7.29861,-35.49944,True,True,True
25082728,EMEIEF JOAO BEZERRA DE SALES,2509404,-7.358703129,-35.4625426,True,True,True
25082736,EMEIEF JOAO VICENTE DE BRITO,2509404,-7.27387324,-35.54662323,True,True,True
25082760,EMEIEF JOSE BENEDITO DA SILVEIRA,2509404,-7.302159481,-35.55573779,True,True,True
25082787,EMEIEF MARIA DAS DORES CHAGAS,2509404,-7.3058017,-35.4769683,True,True,True
25082795,EMEIEF MARIA JOSE VIEIRA,2509404,-7.30844027,-35.47569189,True,False,False
25082809,EMEIEF PAULO VI,2509404,-7.250765,-35.50551167,False,False,False
25082817,EMEIEF VALENTIN FCO DOS SANTOS,2509404,-7.324443,-35.55111,True,True,False
25082825,INST EDUC INF ENS FUN VIRGEM DOS POBRES,2509404,-7.3033725,-35.4778546,True,True,False
25114832,CENTRO EDUCACIONAL FLORESTA ENCANTADA,2509404,-7.304793,-35.47824,False,False,False
25118706,EMEIEF JOAO PEDRO TEIXEIRA,2509404,-7.319659302,-35.46712406,False,False,False
25123335,EMEF IRACI RODRIGUES DE FARIAS MELO,2509404,-7.307675,-35.4759767,True,True,True
25128566,CRECHE MARIA LEONARDO DE LIMA,2509404,-7.306479262,-35.47075921,True,True,True
25062069,ECI MARIA JOSE DE SOUZA,2509503,-7.0866988,-35.961147,True,True,True
25062077,ESCOLA MUNICIPAL DE ENSINO FUNDAMENTAL ERASMO DE ARAUJO SOUZA,2509503,-7.08749008,-35.95981435,True,True,True
25062093,EMEIF HELENA JOSE PORTO,2509503,-7.08878689,-35.96072815,True,True,True
25062107,EMEIF MANOEL SEBASTIAO DO NASCIMENTO,2509503,-7.09542227,-35.9441577,True,True,True
25062115,EMEIF MARIA DAS NEVES P DE ARAUJO,2509503,-7.100779479,-35.93101446,False,False,False
25062123,EMEF GENUINO BRITO DA SILVA,2509503,-7.083006667,-35.96655333,True,True,True
25062131,EMEIF MARIA VITAL DOS SANTOS,2509503,-7.0936195,-35.9759829,True,True,True
25062158,EMEIF IRINEU JOSE DE MARIA,2509503,-7.09005696,-35.89781446,True,True,True
25132466,ESCOLA MATERNO INFANTIL ALPHA OMEGA,2509503,-7.08798153,-35.95485861,True,False,True
25009559,ECI BONIFACIO SARAIVA DE MOURA,2509602,-7.21161576,-38.58134478,True,False,False
25009648,EMEIF IDELFONSO MANUEL DO NASCIMENTO,2509602,-7.189899,-38.56118,False,False,False
25045334,COLEGIO NOSSA SENHORA DE LOURDES,2509701,-7.8984031,-37.1121031,True,True,False
25045342,ESCOLA MUNICIPAL TIRADENTES,2509701,-7.89365132,-37.1302695,True,True,False
25045377,ECIT JOSE LEITE DE SOUZA,2509701,-7.8939626,-37.1312138,True,True,True
25045466,EEEM BENTO TENORIO DE SOUSA ESCOLA DO CAMPO,2509701,-7.7810789,-37.1057706,False,False,False
25045555,EEEFM MIGUEL SANTA CRUZ,2509701,-7.89251495,-37.12409104,False,False,False
25045946,EMEIEF MANOEL MACIEL DA SILVA,2509701,-7.941032526,-37.05748644,False,False,False
25046071,EMEIEF BENICIA ALVES DE LIMA,2509701,-7.787188735,-37.10634421,False,False,False
25046080,EMEF II BENTO TENORIO DE SOUSA,2509701,-7.787127371,-37.10630856,False,False,False
25046110,EMEIEF BRISA NUNES BRAZ,2509701,-7.888803855,-37.1269278,True,True,False
25046349,EMEIEF TOBIAS REMIGIO GOMES,2509701,-8.014458298,-37.09944098,True,False,True
25046519,EMEIEF TERCIO CALDEIRA,2509701,-7.869231895,-37.02665585,True,False,True
25046535,EMEIEF JOSE BELARMINO ALVES,2509701,-7.9810022,-36.9702732,True,False,True
25102028,CRECHE MUNICIPAL ANA RAPOSO ARAGAO,2509701,-7.8978089,-37.1216198,True,True,True
25102168,EMEIEF LAURA LOPES FRAZAO,2509701,-7.957086787,-37.28929099,False,True,True
25107321,EMEF I PROF JOSE DE ARAUJO VALENCA,2509701,-7.89830953,-37.12125276,True,True,False
25115340,INSTITUTO EDUCACIONAL JOSE PEREIRA DO NASCIMENTO,2509701,-7.89669653,-37.12597187,True,True,True
25115359,EEEM JOAO DE OLIVEIRA CHAVES,2509701,-7.8933775,-37.1144933,True,False,True
25119036,ESCOLA MONTEIRO LOBATO,2509701,-7.889595,-37.12191,True,True,True
25122118,EMEF PROFª ADALICE REMIGIO GOMES,2509701,-7.90677086,-37.12372344,True,True,True
25122126,CRECHE MUNICIPAL DR FERNANDO BEZERRA PARAGUAY,2509701,-7.903597637,-37.11908737,True,True,False
25122142,EMEF II PROFª MARIA DO SOCORRO ARAGAO LIBERAL,2509701,-7.892276896,-37.1275339,True,True,True
25127390,CRECHE MUNICIPAL FRANCISCA MINEIRO SILVA,2509701,-7.892903349,-37.1306755,True,True,True
25129244,EMEF PROFESSORA MARIA LAURICEIA FREITAS,2509701,-7.893778724,-37.11513614,True,False,True
25129791,COMPLEXO EDUCACIONAL DO CARIRI,2509701,-7.89274854,-37.1163446,True,True,True
25130382,EMEF NAPOLEAO SANTA CRUZ NETO,2509701,-7.892100777,-37.1172127,True,True,True
25131290,CENTRO DE EDUCACAO INFANTIL PROFESSORA JAKELLINE SANTA CRUZ MARTINS BARBOSA,2509701,-7.893975938,-37.12850943,True,True,True
25133217,ESCOLA MUNICIPAL DE ENSINO FUNDAMENTAL SANTA FILOMENA,2509701,-7.890973333,-37.128815,True,True,True
25152602,EDUCANDARIO JANSEN FILHO,2509701,-7.893712,-37.11424,False,False,False
25284940,IFPB - CAMPUS MONTEIRO,2509701,-7.905617994,-37.11988273,True,True,True
25069632,CENTRO EDUCACIONAL DE ENS FUND EPAMINONDAS TORRES DE AQUINO,2509800,-7.0308905,-35.4662775,True,True,False
25069640,COLEGIO MUNICIPAL LUIS GALDINO SALES,2509800,-7.034349,-35.4665949,True,True,False
25069659,ESCOLA MUNICIPAL DE ENSINO FUNDAMENTAL MANOEL GOMES DE SOUZA,2509800,-6.9581965,-35.4003795,True,False,False
25069675,ECIT MAJOR ANTONIO DE AQUINO,2509800,-7.026117,-35.4655569,False,True,False
25069683,EEEFM JARDILINA CRUZ PEREIRA,2509800,-6.967404767,-35.43095139,True,True,False
25069721,EEEF D AMARO BELTRAO,2509800,-7.0313726,-35.4688804,False,False,False
25069799,GRUPO ESCOLAR OLINDINA ARQUILINA DO NASCIMENTO,2509800,-7.0293974,-35.4951305,True,False,False
25069870,GRUPO ESCOLAR EMIDIO JOAQUIM ALVES,2509800,-6.9614562,-35.4499226,True,False,False
25069888,GRUPO ESCOLAR ISAURA MARIA DA CONCEICAO,2509800,-6.9774104,-35.3442055,False,False,False
25069896,GRUPO ESCOLAR MANOEL FELIPE DA SILVA,2509800,-6.9426866,-35.3429583,False,False,False
25069926,GRUPO ESCOLAR MARIA RUFINO DE MOURA,2509800,-6.9966818,-35.4566718,True,False,False
25069985,GRUPO ESCOLAR ANTONIA MARIA DA COICEICAO,2509800,-7.0341534,-35.4927526,True,False,False
25070002,GRUPO ESCOLAR MUNICIPAL FRANCISCO CAMILO PEREIRA,2509800,-6.9951329,-35.4757964,True,False,True
25070029,GRUPO ESCOLAR MAXIMO DE SOUZA MALHEIROS,2509800,-7.0064424,-35.3705347,False,False,False
25070037,GRUPO ESCOLAR JOSE LINS SOBRINHO,2509800,-6.9650082,-35.3754516,False,False,False
25112511,CRECHE MUNICIPAL GUILHERMINA PEREIRA,2509800,-7.0299574,-35.4663969,True,False,False
25129660,CRECHE MUNICIPAL OLIVIA TRIGUEIRO DE MORAIS,2509800,-6.9934882,-35.4774216,True,False,True
25084526,ECIT FRANCISCO DE ALBUQUERQUE MONTENEGRO,2509909,-7.63967818,-35.55234277,True,True,False
25084542,EEEF DOUTOR CARLOS PESSOA,2509909,-7.642148836,-35.55436333,True,False,False
25084585,EMEIF EDUARDO FERREIRA MACIEL,2509909,-7.645056456,-35.62421721,True,False,False
25084674,ESCOLA MUNICIPAL PEDACINHO DE AMOR,2509909,-7.6400778,-35.5538081,True,True,True
25084712,EMEIF ARGEMIRO DE FIGUEIREDO,2509909,-7.62351623,-35.57815078,False,False,False
25084739,EMEIF ANTONIO DO VALE OLIVEIRA,2509909,-7.6009582,-35.5464356,True,True,False
25084747,EMEIF FERNANDO PESSOA,2509909,-7.6063666,-35.5875736,False,False,False
25084780,EMEIF SAO JOAO,2509909,-7.650309636,-35.60633373,True,True,False
25084798,EMEIF FRANCISCA MARIA DE JESUS,2509909,-7.657314244,-35.56764089,True,True,False
25084828,EMEIF NOSSA SENHORA DAS DORES,2509909,-7.564933656,-35.53100077,True,True,False
25084895,EMEIF ROBERTO PESSOA,2509909,-7.623478172,-35.54781367,True,True,False
25114409,ESCOLA MUNICIPAL DE ENSINO INFANTIL ESPACO DA CRIANCA,2509909,-7.6408306,-35.552077,True,True,True
25114417,EMEF AVANI TERESINHA DOS SANTOS,2509909,-7.6416331,-35.5568569,True,True,False
25121227,EMEIF TEREZA CHAVES,2509909,-7.587554174,-35.53532758,True,False,True
25084658,EMEIF ANTONIO SOARES DE SOUZA,2509909,-7.502326497,-35.50170968,True,False,False
25084852,EMEIF DOM ADAUTO DE MIRANDA,2509909,-7.496283371,-35.5610421,True,True,False
25084887,EMEIF SANTO ANTONIO,2509909,-7.531100532,-35.52633502,True,True,True
25084917,EMEF MARIA JOSE DOS SANTOS,2509909,-7.495642464,-35.51231661,True,False,False
25121235,EMEIF SALVADOR RAMOS DA SILVA,2509909,-7.495761266,-35.49885812,True,False,False
25014951,ECI FRANCISCO AUGUSTO CAMPOS,2510006,-6.91941557,-38.32487692,True,True,True
25014960,EEEF MANOEL MENDES,2510006,-6.91404886,-38.32456822,False,True,False
25015060,EMEIEF AMELIA MARIA SARMENTO,2510006,-6.919605603,-38.32320886,True,True,False
25015109,EMEIEF BASILIO BORGES,2510006,-6.997405525,-38.31211091,False,False,False
25015133,EMEF JOAO BATISTA RIBEIRO,2510006,-6.952055174,-38.26145448,False,False,False
25015141,EMEF JOAO FERREIRA LINS,2510006,-6.880411672,-38.32805824,False,False,False
25015222,EMEIEF MANOEL VIEIRA CAMPOS,2510006,-6.9468112,-38.2868825,False,False,False
25015249,EMEIEF SEBASTIANA GLORIA DA CONCEICAO,2510006,-6.9360658,-38.2572897,False,False,False
25015281,EMEF TEOTONIO DE LIRA,2510006,-6.94224015,-38.3931527,False,False,False
25115197,EMEF MARIA DO CARMO PEDROZA MENDES,2510006,-6.917501121,-38.32691325,True,True,False
25119923,CRECHE MUNICIPAL BRINCANDO DE APRENDER,2510006,-6.917339131,-38.32709652,True,False,False
25056603,CRECHE GERUSA DANTAS,2510105,-6.457335,-36.2039683,True,True,True
25056611,EEEF DEP JOSE PEREIRA,2510105,-6.4539451,-36.2036469,False,False,False
25056620,ECIT JOSE ROLDERICK DE OLIVEIRA,2510105,-6.454794,-36.20705,True,False,True
25056654,EMEF DELANE SANTOS,2510105,-6.459446667,-36.20333333,False,True,True
25056662,EMEF MARIA ELENILDA BATISTA DANTAS,2510105,-6.454518333,-36.19939167,True,True,True
25056689,EMEF ANTONIO ERNESTO DOS SANTOS,2510105,-6.509776667,-36.22193667,False,False,False
25056697,EMEF ENG SEBASTIAO ERNESTO DOS SANTOS,2510105,-6.523758333,-36.22393333,True,False,True
25056700,EMEF PRES HUMBERTO DE A CASTELO BRANCO,2510105,-6.45467,-36.18391167,False,False,False
25056719,EMEF PROF LUIS ALVES DUARTE,2510105,-6.557255,-36.2223983,False,False,False
25056727,EMEF PROFA JULIETA DE LIMA E COSTA,2510105,-6.457198333,-36.19971667,True,False,False
25056735,EMEF PAPA PAULO VI,2510105,-6.454805103,-36.20695693,True,True,True
25056751,EMEF HERMINIA MARIA DOS SANTOS,2510105,-6.442531667,-36.21597667,False,False,False
25056760,EMEF SENADOR RUI CARNEIRO,2510105,-6.454661667,-36.20853167,True,True,True
25111647,EDUCANDARIO CAMINHO DO SABER,2510105,-6.455658333,-36.19975667,True,True,False
25112546,EMEF HILBA MARINHO DA COSTA,2510105,-6.435158333,-36.18322667,False,False,False
25123327,CRECHE MUNICIPAL ADALIA BEZERRA DE OLIVEIRA,2510105,-6.4538299,-36.2089561,True,False,True
25025619,EMEF GENESIO PINTO RAMALHO,2510204,-7.478271,-38.04135,True,False,False
25025635,ECIT JOAO LEITE NETO,2510204,-7.4821352,-38.0413311,False,False,False
25025716,EMEI PROFESSOR MANOEL AVELINO DE LIMA,2510204,-7.478513,-38.04121,True,True,True
25025724,EMEIF JOAO MOSSORO DE SOUSA,2510204,-7.407118,-38.06359,True,False,False
25025740,EMEIF PADRE JOSE DE ANCHIETA,2510204,-7.47822,-38.0416,True,True,True
25025767,EMEIF MARIA DIONISIA DE SOUSA,2510204,-7.484567,-37.99233,True,False,False
25025775,EMEIF PRESIDENTE MEDICI,2510204,-7.480096,-38.02522,False,False,False
25116479,CRECHE MUNICIPAL IRMA DULCE,2510204,-7.479041,-38.03503,True,True,False
25125990,CRECHE MUNICIPAL SANTA JULIA,2510204,-7.485737,-37.99486,True,True,False
25128299,CRECHE MUNICIPAL MARIA NEUZA DA SILVA,2510204,-7.407068,-38.06338,False,False,False
25042351,ECI ANTONIO COELHO DANTAS,2510303,-6.67889192,-36.42107159,True,True,True
25042475,EMEF IRAN COELHO DANTAS,2510303,-6.6770572,-36.4161971,True,True,True
25042599,EMEF MANOEL BELARMINO,2510303,-6.692777,-36.37306,False,False,False
25116380,CRECHE MUN LUZIA MERCES DO AMARAL,2510303,-6.68434963,-36.42005951,True,True,True
25125265,EMEIF PROFESSORA BENITA DOS SANTOS CORDEIRO,2510303,-6.6834876,-36.419989,True,True,True
25025813,EEEF CONEGO MANOEL OTAVIANO,2510402,-7.23062921,-37.74767752,False,False,False
25025830,ECI ANTONIO AVELINO DE ALMEIDA,2510402,-7.227000075,-37.7486049,False,False,False
25025880,EMEF ANTONIO BANDEIRA,2510402,-7.327925,-37.8302251,False,False,False
25025899,EMEF ANTONIO FAUSTO DE ALMEIDA,2510402,-7.21821167,-37.75246049,True,True,True
25025929,ESC MUL CEDRO,2510402,-7.33147293,-37.78027636,False,False,False
25025937,EMEF DJALMA LEITE FERREIRA,2510402,-7.1856143,-37.6795603,False,False,False
25026003,EMEF ESPERIDIAO LEITE DE MELO,2510402,-7.30352791,-37.79705295,False,False,False
25026038,EMEF JOSE GONCALVES LEITE QUERUBIM,2510402,-7.3183365,-37.7601084,False,False,False
25026046,EMEF FELIZARDO ARAUJO,2510402,-7.3418153,-37.8003658,False,False,False
25026054,EMEF FRANCISCO LEITE SALES,2510402,-7.310667,-37.8361435,False,False,False
25026070,EMEF JOAO FERREIRA DE CALDAS,2510402,-7.167865,-37.75197,False,False,False
25026143,EMEF MANOEL PROCOPIO DE ARAUJO,2510402,-7.3504954,-37.8355265,False,True,False
25026151,EMEF PEDRO TIBURTINO LEITE,2510402,-7.25411075,-37.7839422,False,False,False
25026160,EMEF BARAUNAS,2510402,-7.282437,-37.7776,False,False,False
25026194,EMEF JOSE LEITE SOBRINHO,2510402,-7.2709393,-37.7882576,False,False,False
25026208,EMEF JULIO MINERVINO,2510402,-7.2276662,-37.7484079,True,False,False
25105493,EMEF NECY MINERVINO DE CARVALHO,2510402,-7.21129077,-37.75609084,True,True,False
25127047,CRECHE ESCOLA DE EDUCACAO INFANTIL NECI MINERVINO DE CARVALHO,2510402,-7.22682452,-37.74442976,True,True,False
25240927,EMEF RAQUEL MINERVINO DE CARVALHO,2510402,-7.2275408,-37.74851485,True,False,False
25056778,COL MUL MONSENHOR STANISLAU,2510501,-6.99230149,-36.24154954,True,True,True
25056840,GR ESC JOAO CARDOSO DE MELO,2510501,-6.8864114,-36.27616621,False,False,False
25056867,GR ESC LADISLAU DE ALBUQUERQUE MELO,2510501,-7.01646126,-36.19443961,False,False,False
25056883,GR ESC FRANCISCO DA C GUIMARAES,2510501,-6.95385007,-36.29161018,True,False,False
25056891,GR ESC ALZIRA COUTINHO,2510501,-6.99809339,-36.27223454,False,False,False
25056913,GR ESC BELARMINO MOURA,2510501,-6.95024858,-36.2603966,False,False,False
25056921,GR ESC DR ANTONIO COUTINHO,2510501,-6.98277043,-36.18013057,False,False,False
25056956,GR ESC FRANCISCO LUCINDO PEREIRA,2510501,-6.99254973,-36.24136078,True,True,False
25056964,GR ESC JOSE ADELINO DE MELO,2510501,-6.90745682,-36.20844607,False,False,False
25056972,GR ESC JOSE CAPITULINO ROCHA,2510501,-7.08019808,-36.25113154,False,False,False
25056980,GR ESC JOSE FAUSTINO DA COSTA,2510501,-6.90204348,-36.26241841,False,False,False
25057057,GR ESC VICENTE PAULINO BEZERRA,2510501,-6.92260227,-36.18883486,False,False,False
25120859,ECI PROFESSORA MARIA JOSE COSTA DE ALBUQUERQUE,2510501,-6.99623022,-36.23854914,True,True,False
25046756,ESCOLA MUNICIPAL EM TEMPO INTEGRAL JACINTO DANTAS,2510600,-7.6251825,-37.14864,True,True,True
25046764,ECI NOSSA SENHORA DAS GRACAS,2510600,-7.6190351,-37.1529168,True,True,True
25046772,EMEF JACINTO DANTAS FILHO,2510600,-7.617014777,-37.15352643,False,False,False
25046780,CRECHE PRE-ESC NATALICE DE SOUZA LIMA,2510600,-7.618126553,-37.15366406,True,False,True
25046810,ESC LOURENCO BARAO,2510600,-7.670903835,-37.1508516,False,False,False
25046888,GR ESC JOAQUIM BERNARDO,2510600,-7.6363301,-37.1789452,True,False,False
25047469,ECI JAIRO AIRES CALUETE,2510659,-7.315907185,-36.66246333,True,True,False
25047825,EMEIEF INACIO GUALBERTO DE QUEIROZ,2510659,-7.32722504,-36.71291263,False,False,False
25048007,EMEIEF VILMA LUCIA DE QUEIROZ,2510659,-7.30628336,-36.71425595,False,False,False
25048074,EMEIEF JOSE RICARDO DA CRUZ,2510659,-7.3757817,-36.71085042,True,False,True
25048082,EMEIEF INACIO FARIAS RAMOS,2510659,-7.30872021,-36.76353764,True,False,False
25102389,EMEIEF JOAQUIM RAIMUNDO PEREIRA,2510659,-7.378221229,-36.68428721,False,False,False
25107143,CRECHE FIRMINA MORENO,2510659,-7.318310963,-36.65638308,False,False,False
25111329,EMEF LUIZ CORREIA DE QUEIROZ,2510659,-7.3179151,-36.6550037,True,True,True
25020366,ECI CONEGO MACHADO,2510709,-7.13696693,-37.04741815,True,False,False
25020382,EMEF JOSE BRAZ DO NASCIMENTO,2510709,-7.119443,-37.06472,True,True,True
25020390,EMEF MARIA QUITERIA,2510709,-7.13644405,-37.04646304,True,True,False
25020684,COLEGIO CRISTO REI,2510808,-7.02702718,-37.27385287,True,True,True
25020749,COMPLEXO EDUCACIONAL PATOENSE LTDA,2510808,-7.022462413,-37.27372393,True,True,False
25020846,ESC DIONISIO MARQUES DE ALMEIDA,2510808,-7.0192919,-37.2643856,True,True,False
25020854,ECIT DOUTOR DIONISIO DA COSTA,2510808,-7.0223687,-37.2651882,False,False,False
25020897,EEEF MADRE AUXILIADORA,2510808,-7.044161,-37.27404,False,False,False
25020900,EEEFM ANTONIA ARAUJO,2510808,-7.0373469,-37.3012925,True,False,False
25020927,ECI AUZENIR LACERDA,2510808,-7.02150346,-37.28710661,True,True,True
25020935,ECI MONSENHOR MANOEL VIEIRA,2510808,-7.0305229,-37.2751022,False,False,False
25020978,EEEM PROFESSORA MARIA NUNES,2510808,-7.019265,-37.2725652,False,False,False
25020986,EEEFM RIO BRANCO,2510808,-7.0239536,-37.2756135,True,False,False
25021087,EMEF ARISTIDES HAMAD TIMENE,2510808,-7.034815,-37.28407,True,True,True
25021109,EMEF ANATILDES AIRES DE MOURA,2510808,-7.0497269,-37.2763062,False,True,False
25021290,EMEF JOSE MARTINS ALVES,2510808,-7.1298774,-37.3407726,True,False,False
25021311,EMEF MONSENHOR MANOEL VIEIRA,2510808,-7.0466246,-37.2736597,True,True,False
25021320,EMEF PROFESSOR MANOEL DE SOUSA OLIVEIRA,2510808,-7.0151731,-37.2747163,True,True,False
25021338,CIEP IV ALFREDO LUSTOSA E AGGEU DE CASTRO,2510808,-7.0711375,-37.2839438,True,True,False
25021346,EIMEF RADIALISTA PAULO PORTO,2510808,-7.0066733,-37.3009533,True,True,True
25021435,ESC NOSSO LAR TIO JUCA,2510808,-7.0254054,-37.2727688,True,True,False
25021478,CENTRO DE REFERENCIA EM ATENDIMENTO EDUCACIONAL ESPECIALIZADO IRMA BENIGNA,2510808,-7.0292975,-37.280672,True,True,True
25021494,ESCOLA ROTARY CLUB DE ENSINO FUNDAMENTAL MARCONI ARAUJO LEITE,2510808,-7.0109909,-37.2900124,False,False,False
25021524,CIEP V MARIA EUDOCIA -SANTA TEREZINHA,2510808,-7.0181044,-37.2733085,True,False,True
25021559,EMEF ANTONIO DA COSTA PALMEIRA,2510808,-6.9436979,-37.2797895,False,False,False
25021567,CIEP III DR FIRMINO AYRES LEITE E OTTO DE S QUINHO,2510808,-7.052759,-37.27588,True,True,False
25021621,EMEF JOAO RODRIGUES DE AMORIM,2510808,-7.0644357,-37.2811725,True,False,False
25021648,EMEF NELITA NOBREGA QUEIROZ,2510808,-7.054197,-37.27552,True,True,False
25021664,EMEF SIZENANDO F DE SOUSA,2510808,-7.0467397,-37.2742068,True,True,True
25021672,EMEF ALIRIO MEIRA WANDERLEY,2510808,-7.0215729,-37.263807,True,True,True
25021680,EMEF ZEFINHA MOTA,2510808,-7.0121102,-37.2638016,False,False,True
25021702,EMEF DOM EXPEDITO E DE OLIVEIRA,2510808,-7.0148745,-37.265453,True,True,True
25021710,EMEF SENADOR HUMBERTO LUCENA,2510808,-7.0276325,-37.2935533,False,True,True
25021796,EMEF MANOEL ROBERTO,2510808,-7.0540846,-37.2756563,True,True,False
25021818,EMEF NINA NOBREGA,2510808,-7.0567226,-37.3052784,True,True,False
25021850,ESCOLA MUNICIPAL DE ENSINO FUNDAMENTAL TOBIAS MEDEIROS,2510808,-7.0154409,-37.28181,True,True,True
25021877,INST EDUC MARIA DO SOCORRO,2510808,-7.0237505,-37.2829076,True,True,False
25021885,INST EDUC VERA CRUZ,2510808,-7.03074443,-37.28153672,True,True,False
25021915,INSTITUTO SAO JOSE,2510808,-7.0191124,-37.2725863,True,True,True
25021931,INST EDUC DIEGO DANTAS AMBIENTAL,2510808,-7.027283,-37.28617,False,False,False
25021982,CENTRO EDUCACIONAL ROSA MISTICA,2510808,-7.038264,-37.28787,False,True,True
25102669,INST EDUC DR DIONISIO COSTA,2510808,-7.0106153,-37.2837097,True,True,True
25103563,EEEM PROFESSOR JOSE GOMES ALVES,2510808,-7.041680231,-37.27204327,True,True,True
25109022,CRECHE MARIANA MEDEIROS,2510808,-7.0148894,-37.2651904,True,True,False
25109057,CRECHE MARIA EUNICE FERNANDES,2510808,-7.0164645,-37.2725499,True,True,True
25110551,CRECHE TIA LUCI,2510808,-7.023219,-37.26255,True,False,True
25111248,EMEF PASTOR FRANK DYER,2510808,-7.0478859,-37.2770674,True,True,True
25114166,EMEF RAIMUNDA MELO DE MEDEIROS,2510808,-7.0246178,-37.2865521,True,True,False
25114182,EMEF MARIA DAS CHAGAS CANDEIA,2510808,-7.0411409,-37.2744034,True,True,False
25117289,EMEF ANTONIO GUEDES DOS SANTOS,2510808,-7.0609808,-37.2793692,True,True,False
25117777,INSTITUTO EDUCACIONAL MUNDO MAGICO,2510808,-7.029769,-37.28212,False,False,False
25124684,INSTITUTO DE ENSINO TECNICO JARDIM LTDA,2510808,-7.035737,-37.27871,True,True,True
25125834,CRECHE CREMILDE BEZERRA WANDERLEY,2510808,-7.061023,-37.27931,False,True,True
25130153,ECIT LYNALDO CAVALCANTI DE ALBUQUERQUE,2510808,-7.022285,-37.2647417,True,True,True
25130234,CENTRO EDUCACIONAL ESTRELA DALVA,2510808,-7.0177725,-37.2851268,True,True,False
25139002,CENTRO PATOENSE INTEGRADO DE EDUCACAO LTDA,2510808,-7.017167,-37.28632,True,True,False
25164805,FERA COLEGIO E CURSO,2510808,-7.017253,-37.28628,True,True,False
25195808,CENTRO EDUCACIONAL PEQUENO GENIO,2510808,-7.028682,-37.29125,True,True,True
25276921,EDUCANDARIO TRACOS E LETRAS,2510808,-7.033358,-37.28472,True,True,True
25281925,IFPB - CAMPUS PATOS,2510808,-7.07457291,-37.28582082,True,True,True
25020889,EEEM LUCIA WANDERLEY DE FREITAS,2510808,-6.94935,-37.39244833,False,False,False
25020960,EEEFM CORIOLANO DE MEDEIROS,2510808,-7.0312335,-37.2814862,True,False,False
25022032,EMEF JOSE PERMINIO WANDERLEY,2510808,-6.9497458,-37.39344,True,True,True
25119273,CRECHE MARIA GOMES DE SOUSA,2510808,-6.949795,-37.3934583,False,False,False
25015320,ECIT FRANCISCO DE SA CAVALCANTE,2510907,-6.59878,-37.62368,True,False,True
25015370,EMEF DO CURRALINHO,2510907,-6.595363,-37.6246697,False,False,False
25015435,EMEF ALMAS II,2510907,-6.5953519,-37.6246714,False,False,False
25015559,EMEF JOSE PEREIRA DA PENHA,2510907,-6.5953434,-37.6246492,False,False,False
25015575,EMEF JOSE JERONIMO NETO,2510907,-6.5953302,-37.6246602,True,True,True
25015613,EMEEF BELARMINO DE FRANCA,2510907,-6.5953425,-37.6246678,False,False,False
25015729,EMEF MANUEL ALVES DE FARIAS,2510907,-6.5953393,-37.624648,False,False,False
25015753,EMEF OTACILIO MARQUES DE MEDEIROS,2510907,-6.5953482,-37.6246207,False,False,False
25015796,EMEF OTACILIO TOME,2510907,-6.595373,-37.6246971,False,False,True
25105868,CRECHE ROBSON DE ARAUJO VERAS,2510907,-6.6019501,-37.6288745,False,False,True
25115200,EMEF ADELSON CASADO DE LIMA,2510907,-6.5953997,-37.624615,False,False,False
25123580,ESCOLA DO ENSINO FUNDAMENTAL MENINO JESUS DE PRAGA,2510907,-6.596302,-37.621364,True,False,False
25129180,CEMEI JOSEFA DOS SANTOS,2510907,-6.5953611,-37.6246571,True,True,True
25248928,EMEF CANDIDO DE ASSIS QUEIROGA,2510907,-6.5958906,-37.6254554,True,True,True
25015648,EMEF PEDRO MARQUES DE MEDEIROS,2510907,-6.5953699,-37.6246858,True,False,True
25015583,EMEF MANUEL FERREIRA DINIZ,2510907,-6.5953707,-37.6246786,False,False,True
25031481,ECI JOAO DE SOUSA PRIMO,2511004,-7.4264808,-38.0704693,True,True,True
25031554,ESC MUL MANOEL CLAUDINO DA SILVA,2511004,-7.417133227,-38.07703676,False,False,False
25031597,ES MUL MIGUEL D DE SOUSA,2511004,-7.3946041,-38.100575,False,False,False
25031600,ESCOLA MUNICIPAL DE EDUCACAO BASICA PROFESSORA LAURA DE SOUSA OLIVEIRA,2511004,-7.428338804,-38.07048942,True,True,True
25031643,ESC MUL JOAO DANTAS DA SILVA,2511004,-7.4873039,-38.0764845,False,False,False
25031694,ESC MUL DOMINGOS LOPES NOZINHO,2511004,-7.3694084,-38.0966414,False,False,False
25031716,ESC MUL JOAO BARREIRO DA SILVA,2511004,-7.4866676,-38.0500966,False,False,False
25103709,CRECHE MUNICIPAL ODETE EPAMINONDAS DE SOUSA,2511004,-7.428444656,-38.06668504,False,True,True
25112376,ESC MUL ANTONIA JACOME DE MOURA,2511004,-7.427103135,-38.07188353,True,False,False
25116398,ESCOLINHA MUNDO ENCANTADO,2511004,-7.4280417,-38.0672362,True,False,False
25130501,EMEF SEBASTIAO RODRIGUES DA SILVA,2511004,-7.432226896,-38.06953602,False,False,False
25042661,ECI GRACILIANO FONTINI LORDAO,2511103,-6.757087754,-36.46960488,True,True,False
25042726,EMEIF SANTA ANA DE ALBUQUERQUE,2511103,-6.73316303,-36.26735991,True,True,True
25042998,EMEF Mª ELENITA VASCONCELOS CARVALHO,2511103,-6.75516641,-36.46590961,True,True,False
25043080,EMEIF MANOEL FERREIRA DOS SANTOS,2511103,-6.7808963,-36.3952291,True,True,False
25127993,EMEI JOAO DA MATA LUCENA,2511103,-6.7535796,-36.4662705,False,True,True
25129775,EMEF RITA SAMPAIO MEIRA,2511103,-6.76011694,-36.31508051,True,True,True
25132113,EMEF MARILDES DO SOCORRO LUCENA CORDEIRO,2511103,-6.75240984,-36.47089568,False,True,True
25100670,COL MUL WALDECYR C DE ARAUJO PEREIRA,2511202,-7.400585,-35.11594333,False,True,False
25100688,CRECHE MUL JULIETA PEDROSA R DA COSTA,2511202,-7.399332,-35.0953,True,False,True
25100696,ECIT JOAO URSULO,2511202,-7.4036637,-35.1086121,True,True,False
25100734,ESCOLA MUNICIPAL JOSE FRANCISCO DA SILVA,2511202,-7.332063333,-35.08826333,False,False,False
25100750,EMEF HENRIQUE FERREIRA DA SILVA,2511202,-7.25747,-35.16129167,False,False,False
25100769,ESCOLA MUNICIPAL SAMUEL COSTA DE LIMA,2511202,-7.2971,-35.18213667,False,False,False
25100785,ESCOLA MUNICIPAL SEBASTIAO DE FRANCA,2511202,-7.276896667,-35.13461167,True,False,False
25100793,ESCOLA MUNICIPAL DE ENSINO DULCINETE NUNES DE MEDEIROS,2511202,-7.40219,-35.11675167,False,True,True
25100807,ESCOLA MUNICIPAL JACIRA DE SOUZA CESAR,2511202,-7.40345,-35.10741833,True,True,True
25100815,ESCOLA MUNICIPAL JOAO JOSE DA SILVA,2511202,-7.2966,-35.136675,False,False,False
25100823,EMEIF MARIA UMBELINA DA CONCEICAO,2511202,-7.306361667,-35.08287333,False,False,False
25100840,ESCOLA SANTA MONICA,2511202,-7.399823333,-35.11528667,True,False,False
25100866,GR ESC MUL ERNANI BEZERRA DE MENEZES,2511202,-7.315106667,-35.14436667,False,False,True
25100904,EM DE GRAU SEVERINO DA SILVA MADRUGA,2511202,-7.24688,-35.12490667,False,False,True
25100912,ESC MUL PEDRO OLIMPIO BENTO,2511202,-7.231775,-35.13576667,False,False,False
25100920,GR ESC MUL JOAQUIM FERREIRA BARROS,2511202,-7.324535,-35.157765,False,False,False
25100939,GR ESC MUL JOSE AMARO CORDEIRO,2511202,-7.40013,-34.956625,False,True,True
25100947,ESCOLA MUNICIPAL MARIA DA CONCEICAO,2511202,-7.28641,-35.15413,False,False,False
25100955,GR ESC MUL RIACHO DO SALTO,2511202,-7.284633333,-35.04616,True,True,True
25100963,GR ESC MUL SEVERINO TELECIO DA SILVA,2511202,-7.351135,-35.15840833,True,True,False
25100971,ESCOLA MUNICIPAL DE ENSINO INFANTIL E FUNDAMENTAL APRIGIO JOSE DA SILVA,2511202,-7.315211667,-35.18318667,False,False,True
25100998,ESCOLA MUNICIPAL EPITACIO PESSOA,2511202,-7.40243,-35.112825,True,True,True
25101005,GR ESC MUL JOSE DE ANCHIETA,2511202,-7.330855,-35.18237833,False,False,False
25101013,ESCOLA MUNICIPAL ANTONIO CESAR DE CARVALHO,2511202,-7.395883333,-35.13254833,False,False,False
25101021,GR ESC JOSE ANTONIO BEZERRA DE MENEZES,2511202,-7.401543333,-35.12235667,True,True,False
25111957,ESC MUNICIPAL DE ENSINO FUNDAMENTAL EDGAR GUEDES DA SILVA,2511202,-7.332613333,-35.18193167,False,False,False
25114727,EMEF JOAO ALEXANDRE DA SILVA,2511202,-7.26325,-35.11518333,True,True,False
25117521,EEEM PROFESSOR GETULIO CESAR RODRIGUES GUEDES,2511202,-7.398782331,-35.11116626,True,True,True
25128728,EMEF ANTONIO FRANCISCO DA SILVA,2511202,-7.271231667,-35.150025,True,True,False
25130560,IFPB - CAMPUS AVANCADO PEDRAS DE FOGO,2511202,-7.40205166,-35.1169151,True,False,False
25133101,ESCOLA MUNICIPAL DE EDUCACAO INFANTIL PROFESSORA IVONEIDE ROMAO DE ANDRADE,2511202,-7.4001716,-35.10838534,True,True,True
25026402,EEEF ADEMAR LEITE,2511301,-7.1987568,-37.930409,False,False,False
25026550,EMEIF MARIA DE LOURDES PAULINO,2511301,-7.204020261,-37.92248449,True,True,True
25026682,EMEIF PEDRO INOCENCIO DA SILVA,2511301,-7.113743476,-37.96901948,False,False,False
25026690,EMEIF PEDRO MARINHEIRO DE SOUZA,2511301,-7.3013144,-37.9702692,True,True,True
25026780,EMEIF ERNESTINA DE ARAUJO SILVA,2511301,-7.1967773,-37.9325648,True,True,False
25026801,EMEIF LUCIANO FREIRE DE FARIAS,2511301,-7.2025499,-37.9179525,True,True,True
25026828,EMEIF MARIA DE LOURDES FREITAS DANTAS,2511301,-7.1948924,-37.9300855,True,True,True
25026909,EMEIF LUIZ DE CALDAS SOBRINHO,2511301,-7.202355,-38.0450853,False,False,False
25027026,ECIT SANTO ANTONIO,2511301,-7.19655888,-37.92934655,False,False,False
25027123,INST EDUC CULT E ASSIST WALT DISNEY,2511301,-7.198662,-37.9278,True,False,False
25102524,EDUCANDARIO AMERICO MESQUITA,2511301,-7.19866727,-37.92197957,True,True,True
25107259,CRECHE MUNICIPAL CENICIA MARIA,2511301,-7.1952015,-37.9272338,True,True,False
25109375,INSTITUTO EDUCACIONAL ELISEU FREIRES MARIZ,2511301,-7.19533,-37.92807,True,True,False
25117157,EMEIF OTILIA DE FIGUEIREDO COSTA,2511301,-7.1996075,-37.9297407,True,False,False
25130226,COOPERATIVA DE TRABALHO INSTITUTO EDUCACIONAL COMPACTO,2511301,-7.1964653,-37.9247374,True,False,True
25043188,EMEF ANA MARIA GOMES,2511400,-6.5088401,-36.350087,True,True,False
25043200,CENTRO DE EDUCACAO INFANTIL MARTA MARIA DE MEDEIROS CASADO,2511400,-6.510166667,-36.34024833,True,True,True
25043269,EEEM SEVERINO GREGORIO DANTAS,2511400,-6.435277,-36.2925,True,True,True
25043277,ECIT PROFESSOR LORDAO,2511400,-6.50888757,-36.36402373,True,True,True
25043315,EMEF FELIPE TIAGO GOMES,2511400,-6.512375848,-36.34180436,True,True,True
25043340,EMEF SEVERINO RAMOS DA NOBREGA,2511400,-6.510974,-36.33934,True,True,False
25043420,EMEF MARIA DO SOCORRO FARIAS DE MACEDO,2511400,-6.5064719,-36.3476481,True,True,True
25043471,EMEF PEDRO HENRIQUES DA COSTA,2511400,-6.5148404,-36.3473241,True,True,True
25043560,EMEF TERTULIANO PEREIRA DE ARAUJO,2511400,-6.559184063,-36.27841853,True,True,False
25043668,EMEF ANTONIO FERREIRA LIMA,2511400,-6.58978116,-36.30788245,True,False,False
25043692,EMEF GOV FLAVIO RIBEIRO,2511400,-6.51091736,-36.35298485,True,True,False
25043706,EMEF JOAO BELO ALVES,2511400,-6.3033129,-36.2910632,True,False,True
25043820,EMEF MACARIO ZULMIRO DA SILVA,2511400,-6.4358471,-36.2919293,True,True,True
25101349,EMEF PRES TANCREDO DE ALMEIDA NEVES,2511400,-6.505906417,-36.34273805,True,True,True
25115723,EEEM FELIPE TIAGO GOMES,2511400,-6.511227214,-36.35004667,True,True,True
25127039,CRECHE MUNICIPAL PROFESSORA MARIVALDA CASSIMIRO DOS SANTOS,2511400,-6.5105209,-36.3620444,True,True,True
25130722,EMEF PROFESSORA JOSEFA SUELENE ARAUJO SANTOS,2511400,-6.51010124,-36.36509929,False,True,True
25132121,CRECHE PROFESSORA MARIA EDITE DE MEDEIROS DANTAS,2511400,-6.516585,-36.33606667,True,True,True
25283928,IFPB - CAMPUS PICUI,2511400,-6.508770436,-36.36116199,True,True,True
25089234,EMEIEF CECILIA ALVES DA FONSECA,2511509,-7.291903333,-35.30258667,False,False,True
25089250,ECIT JOSE LINS DO REGO,2511509,-7.26328123,-35.25458981,True,True,False
25089269,EMEF MARIA ALVES DE BRITO,2511509,-7.29227266,-35.30303832,True,False,False
25089293,EMEF DR JOSE MARIA,2511509,-7.267416667,-35.25868333,False,False,True
25089315,EMEIF JOAO DE JESUS MAURICIO,2511509,-7.255755,-35.28132,True,False,True
25089323,EMEIF PROFª MARIA TEREZA DA CONCEICAO,2511509,-7.218403333,-35.30127167,True,False,True
25089366,EMEIF PROF FRANCILEIDE DIAS DA COSTA,2511509,-7.31859,-35.26368667,True,False,True
25089374,EMEIEF MARIA AUGUSTA DE BRITO,2511509,-7.270921667,-35.26394167,True,True,True
25089404,ESCOLA REUNIDAS NOTURNA MUNICIPAL,2511509,-7.26631,-35.25728667,True,False,False
25089420,EMEIF ANTONIO MARINHO DOS SANTOS,2511509,-7.217701667,-35.26249,False,False,True
25089455,EMEIF AUGUSTO MOUZINHO DE BRITO,2511509,-7.260911667,-35.25772667,True,True,True
25089471,EMEIEF VIRGINIO VELOSO BORGES,2511509,-7.266271667,-35.25726833,True,True,False
25089480,EMEIF ANTONIO JOSE DA COSTA,2511509,-7.295492,-35.23817,True,True,True
25089498,EMEIF MANOEL ALVES DE ARAUJO,2511509,-7.258113333,-35.24966833,True,True,True
25089528,INSTITUTO BATISTA EDWARD TROTT - IBET,2511509,-7.266831667,-35.259825,True,False,True
25089536,INSTITUTO O PEQUENO SABIO,2511509,-7.266925,-35.25535167,True,True,False
25119044,MODALIDADE DE CRECHE JOSE BENICIO DE ARAUJO,2511509,-7.266308333,-35.25759,False,True,True
25065742,EEEFM DOM SANTINO COUTINHO,2511608,-6.8692159,-35.6158191,True,False,False
25065815,E M E F CARLOS HERMOGENES DA COSTA LIRA,2511608,-6.877411,-35.63402,True,True,True
25065882,EMEF DES BRAZ BARACUHY,2511608,-6.866174,-35.61076,True,True,True
25125532,EMEI ILMA DE SOUZA RAMALHO,2511608,-6.866553,-35.61236,False,False,True
25070088,ECI SILVIO PORTO,2511707,-6.84358441,-35.52914891,True,True,False
25070134,EMEF FRANCISCO MENDES DA SILVA,2511707,-6.860878011,-35.53801937,False,False,False
25070150,EMEF JOSE ALVES DE MELO,2511707,-6.842327183,-35.53006528,False,False,False
25070185,EMEF DOM VITAL,2511707,-6.846121461,-35.5536745,True,True,True
25070207,EMEF PE GERALDO DA SILVA PINTO,2511707,-6.8451093,-35.5282099,True,True,True
25070223,EMEF POETA JOSE CAMELO DE MELO,2511707,-6.845092205,-35.52821313,True,True,True
25070231,EMEF REGINA ALVES RIBEIRO,2511707,-6.830581706,-35.57026606,False,False,False
25070258,CRECHE MARIA DO CARMO C FERREIRA,2511707,-6.843574368,-35.53249368,False,False,False
25070266,EMEF EDITE MARTINS,2511707,-6.8643021,-35.5685807,True,True,True
25112643,EMEF FRANCISCO ALVES DE AZEREDO,2511707,-6.839232878,-35.53299383,True,True,True
25127438,EMEF MARLENE ALVES MENDES,2511707,-6.8437221,-35.53285,True,True,True
25070290,EEEFM MONSENHOR WALFREDO LEAL,2511806,-6.780338333,-35.49833,True,True,True
25070312,ECI AUGUSTO DE ALMEIDA,2511806,-6.7856683,-35.4963567,False,True,True
25070320,EMEF JOSE GONCALVES FILHO,2511806,-6.781540406,-35.42717859,True,False,True
25070371,EMEF PREFEITO JOSE FORTUNA,2511806,-6.7661396,-35.469675,True,True,True
25070428,EMEF ANTONIO SINESIO DOS SANTOS,2511806,-6.808911008,-35.46704267,True,False,True
25070436,EMEF DEPUTADO HUMBERTO LUCENA,2511806,-6.779038408,-35.49683958,True,True,True
25070452,EMEF JOAO XXIII,2511806,-6.798695857,-35.55976924,True,True,True
25070460,EMEF JOSINETE FREITAS,2511806,-6.78365164,-35.45264675,True,True,False
25070479,EMEF MONS JOSE COUTINHO,2511806,-6.781330523,-35.49460849,True,True,True
25070487,EMEF SAO JOSE,2511806,-6.786225261,-35.4664173,True,False,True
25070495,EMEF WALFREDO CANTALICE DA TRINDADE,2511806,-6.811017925,-35.49383559,True,False,True
25070517,EMEF NOSSA SENHORA APARECIDA,2511806,-6.783568491,-35.4983733,True,True,True
25070525,EMEF PROFESSORA CECILIA A DE PAIVA,2511806,-6.8194407,-35.5331131,True,False,True
25113593,EDUCANDARIO NOSSA SENHORA DO ROSARIO,2511806,-6.781725,-35.49777,True,False,True
25116630,CRECHE JOSELIA LUCAS DE PONTES SANTA MARIA,2511806,-6.783708385,-35.49163752,True,True,True
25101072,EEEM DOUTOR JOAO GONCALVES,2511905,-7.472361576,-34.80906616,False,False,False
25101099,ECIT DURVAL GUEDES,2511905,-7.53654165,-34.82727083,True,True,False
25101110,EMEF CELERINO FRANCISCO DE MENEZES,2511905,-7.541641,-34.82719,True,True,True
25101137,CRECHE JOANA DE MORAIS,2511905,-7.539366,-34.825,False,True,True
25101153,EMEF SANTA ELIZA,2511905,-7.454336,-34.83957,False,False,False
25101234,CRECHE NOSSA SENHORA DA PENHA,2511905,-7.493412,-34.85034,True,False,False
25101242,EMEF ANTONIO LOURENCO DE BARROS,2511905,-7.495339,-34.85,True,True,True
25101250,EMEF LEONOR FREIRE TAVARES,2511905,-7.541389,-34.8264,True,True,True
25101269,EMEF MARIA DO SOCORRO MENEZES,2511905,-7.537275,-34.83008,True,True,True
25101285,EMEF MARIA TAVARES FREIRE,2511905,-7.477494,-34.81293,True,True,False
25101315,EMEF SOUTO MAIOR,2511905,-7.52419,-34.81885,True,False,False
25104527,EMEF ALBERTO ALVES DA SILVA,2511905,-7.42984,-34.82869,True,False,False
25105701,CRECHE CRIANCA FELIZ,2511905,-7.454101,-34.83965,False,False,False
25107313,EMEF CARLOS ANTERO FIDELES - CARLAO,2511905,-7.409444,-34.83333,True,False,True
25111566,EMEF DA APASA,2511905,-7.411876,-34.85539,False,False,False
25057073,COLEGIO MUNICIPAL PADRE GALVAO,2512002,-7.077129945,-36.0554867,True,True,True
25057146,ECIT ANTONIO GALDINO FILHO,2512002,-7.074180243,-36.07627488,True,True,True
25057286,EMEF ANSELMO TOME DE SOUZA,2512002,-7.01354689,-36.0729817,True,False,True
25057308,EMEF ELIZETE PEREIRA DE ARAUJO,2512002,-7.073115543,-36.06010278,True,True,True
25057324,EMEF FRANCISCO ROSA,2512002,-6.978421667,-35.988525,False,False,False
25057332,EMEF JOAO XXIII,2512002,-7.13685825,-36.04921681,True,True,True
25057340,EMEF JOSE AVELINO DA SILVA,2512002,-6.98595656,-36.13536748,True,False,False
25057359,EMEF JOSE LUIZ DE MELO,2512002,-7.163719106,-36.03940713,False,False,False
25057375,EMEIEF JOSE TOME,2512002,-7.085167154,-36.06271291,True,False,False
25057383,EMEF JUCINEIDE A PEREIRA,2512002,-7.11252789,-36.02666589,False,False,False
25057391,EMEF MANOEL AGOSTINHO DA SILVA,2512002,-7.082916665,-36.05767338,True,True,False
25057413,EMEF OSMAN CAVALCANTI LEAL,2512002,-7.07538324,-36.06670371,True,True,True
25057448,EMEF RUI BARBOSA,2512002,-7.100122254,-35.99208852,True,True,True
25057499,EMEF MARIA DA GUIA SALES,2512002,-7.074032031,-36.07442259,True,True,False
25057545,EMEF JULIAO,2512002,-6.942813528,-35.99053381,False,False,False
25057650,EMEF FRANCISCO JANUARIO DA SILVA,2512002,-7.13605158,-36.21830296,False,False,False
25109065,CRECHE IRMA SANTANA,2512002,-7.075505763,-36.05815162,False,True,True
25128841,CENTRO EDUCACIONAL AQUARELA DO SABER,2512002,-7.079919772,-36.05618351,False,True,False
25187805,EMEIF SANTA TEREZINHA,2512002,-7.071996585,-36.06451757,False,False,True
25057774,EMEF CASTRO ALVES,2512002,-7.06768912,-36.2016463,True,True,True
25012878,CRECHE MAE TETE,2512036,-6.406363486,-38.49866766,True,True,True
25012940,ECI JOSE NILSON SANTIAGO,2512036,-6.40516936,-38.49801545,True,True,False
25013190,EMEIF MARIA JULIA DA CONCEICAO,2512036,-6.37784416,-38.50962157,False,True,True
25013297,EMEIF JOSE PEREIRA DE QUEIROZ,2512036,-6.39786,-38.58377333,True,False,True
25013335,EMEIF TERTULIANO DE ALMEIDA,2512036,-6.401906667,-38.45104333,True,False,True
25013360,EMEIF AGRIMAR PEIXOTO,2512036,-6.3933631,-38.55163262,True,True,True
25013386,EMEIF JOAO CESARIO,2512036,-6.36235488,-38.55095042,True,False,True
25013491,EMEIF JOSE CORREIA DE ARAUJO,2512036,-6.39479804,-38.518035,True,False,True
25013530,EMEIF LIBANIO DE FRANCA MACIEL,2512036,-6.350578333,-38.52295333,True,True,True
25013645,EMEIFM ROSA DIAS DO NASCIMENTO,2512036,-6.40551725,-38.49760941,True,False,True
25013742,EMEIF FRANCISCO FERREIRA SANTIAGO,2512036,-6.394527401,-38.50799052,True,False,False
25013777,EMEIF BULANDEIRA I,2512036,-6.376488288,-38.53207215,True,False,True
25133365,CRECHE MUNICIPAL EMILIA CLARA DA CONCEICAO - MAE MILA,2512036,-6.39470235,-38.59080323,True,True,True
25005405,EMEIF ANTONIO OLIMPIO DE ALMEIDA,2512077,-6.642564,-38.49566,True,False,False
25005812,EMEIF MANOEL CLEMENTINO NETO,2512077,-6.607222,-38.47861,False,False,False
25005995,ECIT PROFESSORA FRANCISCA FONSECA MATIAS,2512077,-6.573578976,-38.51097867,True,True,True
25006010,EMEIF PROFESSOR FRANCISCO CASSIANO SOBRINHO,2512077,-6.5755917,-38.5113183,True,False,True
25124870,CRECHE PROINFANCIA VOVO QUINTINA,2512077,-6.579057,-38.51261,False,False,False
25015869,ECITEEFM MONSENHOR VICENTE FREITAS,2512101,-6.7662812,-37.7985333,True,False,False
25015885,EEEFM JOAO DA MATA,2512101,-6.7696789,-37.8027012,True,True,True
25015893,EEEFM ARRUDA CAMARA,2512101,-6.7650975,-37.7947712,True,True,True
25016024,EEEFM OITO DE JULHO,2512101,-6.7735366,-37.8017692,True,False,True
25016032,EEEFM AMELIA MARIA DA LUZ,2512101,-6.7728191,-37.7941816,True,True,True
25016075,EEEF DE ESTRELO,2512101,-6.6945405,-37.8936254,False,False,False
25016083,EEEF DE MUNDO NOVO,2512101,-6.751364,-37.75691,False,False,False
25016318,GR ESC MUL CAJAZEIRAS DOS BATISTA,2512101,-6.6889844,-37.9531987,True,True,False
25016334,GR ESC MUL COATIBA,2512101,-6.9661973,-37.9431295,True,True,True
25016393,EMEF DE TRINCHEIRAS,2512101,-6.7664019,-37.8003329,True,False,False
25016407,GR ESC MUL HUMARI,2512101,-6.9441054,-37.899365,True,True,False
25016440,EMEF PROFESSOR NEWTON SEIXAS,2512101,-6.7788845,-37.8008075,False,False,True
25016458,GR ESC MUL PITOMBEIRA,2512101,-6.7340226,-37.6825941,True,False,False
25016466,ESC MUN ENS FUND POETA BELARMINO DE FRANCA,2512101,-6.7815346,-37.8087487,True,True,True
25016482,GR ESC MUL SAO JOAO,2512101,-6.7140362,-37.7466764,True,False,False
25016539,EMEF FRANCISCO JOSE DE SANTANA,2512101,-6.7604173,-37.7975863,True,True,False
25016555,GR ESC MUL DE CACHOEIRA DE BAIXO,2512101,-6.7757476,-37.7038897,True,True,False
25016563,GR ESC MUL VARZEA COMPRIDA DOS OLIVEIRAS,2512101,-6.7575847,-37.8654651,True,True,False
25016598,GR ESC MUL VARZEA COMPRIDA DOS LEITES,2512101,-6.913924,-37.940035,True,False,False
25016679,GR ESC MUL DE FLORES,2512101,-6.8549022,-37.8286153,True,False,False
25016695,GR ESC MUL DE SAO PEDRO,2512101,-6.8700697,-37.8754426,True,True,False
25016989,EMEF MATILDE DE CASTRO BANDEIRA,2512101,-6.766893,-37.7927144,True,True,True
25016997,INSTITUTO ROBERTA FERNANDES,2512101,-6.772042,-37.79882,True,True,True
25017039,GR ESC MUL GAMELEIRA,2512101,-6.9235845,-37.9065356,True,False,False
25106236,MARGARIDA PEREIRA DA SILVA,2512101,-6.7831927,-37.7937465,True,True,False
25106287,GR ESC MUL CANOAS,2512101,-6.9449821,-37.9004235,True,False,False
25106325,CRECHE GENTE INOCENTE,2512101,-6.7781983,-37.8009283,True,False,False
25106341,EMEI PSICOLOGO GILMAR PEREIRA TRIGUEIRO,2512101,-6.7655631,-37.7963173,True,True,True
25111213,GR ESC MUL VIDA NOVA,2512101,-6.7625338,-37.7863801,True,False,True
25112104,GR ESC MUL SAO JOAO II,2512101,-6.7140974,-37.7466535,True,False,False
25112937,EMEF MAE D AGUA,2512101,-6.8438935,-37.8464658,True,True,False
25113801,EMEF DECISAO,2512101,-6.7670254,-37.8014848,True,True,True
25113984,EMEF SAO BRAZ III,2512101,-6.90919,-37.8785567,False,False,False
25117513,ESPACO EDUCACIONAL ARCO IRIS,2512101,-6.76995,-37.79799,True,True,True
25118560,EEEFM JOANA IVONILDES BANDEIRA,2512101,-6.761442,-37.78973,True,True,True
25118668,EMEF MINISTRO CELSO FURTADO,2512101,-6.7676271,-37.8016325,True,True,False
25125362,ESCOLA PRINCIPIO DO SABER,2512101,-6.7682865,-37.7938552,True,False,False
25125753,INSTITUTO DE ENSINO TECNICO PAIVA LTDA,2512101,-6.77184,-37.80006,True,True,False
25128426,CRECHE IVANIL SALGADO DE ASSIS,2512101,-6.7806678,-37.8071912,True,True,False
25046950,ECIT FRANCISCO DE ASSIS GONZAGA,2512200,-7.69333881,-37.08294527,True,True,True
25046969,EEEIEF PLINIO LEMOS,2512200,-7.6495717,-37.02815348,False,False,False
25046985,EMEIF PROFª MARIA DE LOURDES NUNES DE MENEZES,2512200,-7.6963421,-37.0823417,True,True,True
25117114,CRECHE ESCOLA TIA MOCINHA,2512200,-7.6972331,-37.0842735,False,False,False
25130021,EMEF PROFESSORA IRENE DE SOUSA RAMOS,2512200,-7.6969402,-37.0844839,True,True,True
25036122,CRECHE SALVIANA NUNES DA SILVA,2512309,-7.7115866,-37.9225615,True,False,False
25036297,EEEF PROFESSORA IRACEMA MARQUES DE LIMA,2512309,-7.736401667,-37.98831667,True,True,True
25036300,EEEFM GAMA E MELO,2512309,-7.7346545,-37.99539,True,True,True
25036335,ECIT NOSSA SENHORA DO BOM CONSELHO,2512309,-7.7380268,-37.9949263,True,True,True
25036343,EEEF MINISTRO ALCIDES VIEIRA CARNEIRO,2512309,-7.73784671,-37.99185466,True,False,False
25036670,EMEF ANTONIO RODRIGUES DE MEDEIROS,2512309,-7.67230674,-37.95051982,False,False,False
25036688,EMEF DIONISIO PEDRO DE OLIVEIRA,2512309,-7.63779903,-37.98962491,True,False,False
25036700,EMEF JOSE RODRIGUES MAIA,2512309,-7.74454243,-37.945419,True,True,False
25036734,EMEF MANOEL ALEXANDRINO FERREIRA,2512309,-7.56541099,-38.04434597,True,False,False
25036823,EMEF JOAO MADEIRO,2512309,-7.6341545,-38.0646985,True,False,False
25036840,GRUPO ESCOLAR JOSE CABOCLO DA SILVA,2512309,-7.6459747,-37.9680393,False,False,False
25036874,CRECHE MUNICIPAL UNIDADE III,2512309,-7.73126681,-38.017308,False,False,False
25037021,EMEF PROFESSORA MARIA DO SOCORRO,2512309,-7.72165325,-38.03511475,False,False,False
25037072,EMEF NOSSA SENHORA DO ROSARIO,2512309,-7.73275851,-37.98945698,True,True,False
25037099,EMEF CARLOS ALBERTO MEDEIROS DUARTE SOBREIRA,2512309,-7.74078108,-37.99455282,True,True,False
25037129,EEEF MARCAL LIMA NETO,2512309,-7.73305369,-38.01514761,False,False,False
25119028,CRECHE MUNICIPAL UNIDADE VI,2512309,-7.74268636,-37.99534727,True,False,False
25119052,CRECHE MUL UNIDADE V,2512309,-7.73720896,-37.99016009,True,True,False
25119958,COLEGIO E CURSO MUNDO MAGICO E INFOR SOFT,2512309,-7.7404114,-37.9923571,True,True,True
25128655,ESCOLA DE EDUCACAO INFANTIL E FUNDAMENTAL TIA MAZE,2512309,-7.73818153,-37.99191544,True,True,False
25131389,EMEF PROFESSORA LUIZA FERREIRA DOS SANTOS,2512309,-7.74127568,-38.00309161,True,True,True
25282930,IFPB - CAMPUS PRINCESA ISABEL,2512309,-7.7577244,-38.0178909,True,True,True
25287931,CRECHE COMUNITARIA INEZ DINIZ LIMA,2512309,-7.733095,-37.9977,True,False,False
25078542,CRECHE FILISMINA GONCALVES DE QUEIROZ,2512408,-7.145271667,-35.95823167,True,False,False
25078550,ECIT PLINIO LEMOS,2512408,-7.146368315,-35.96399465,True,True,True
25078569,EEEM SEVERIANO PEDRO DO NASCIMENTO,2512408,-7.16871,-35.90904667,True,True,True
25078577,EEEM CONEGO ANTONIO GALDINO,2512408,-7.146085636,-35.96034726,True,False,True
25078607,ESC MUL MARIZETE RAPOSO NASCIMENTO,2512408,-7.16748,-35.90947833,True,True,False
25078615,GR ESC ALVARO GAUDENCIO FILHO,2512408,-7.1536001,-35.9616033,True,True,False
25078666,GR ESC MUL DE LAGOA DE DENTRO,2512408,-7.19292844,-35.95493315,True,True,False
25078674,ESC MUL MARIA JOSE GOMES DE MELO,2512408,-7.121181667,-35.97109333,False,False,False
25078682,GR ESC QUINTINO LEONCIO,2512408,-7.1469162,-35.9641362,True,True,False
25078712,ESC MUL GREGORIO ALBERTO DANTAS,2512408,-7.147573333,-35.96301333,True,False,False
25078720,GR ESC CICERO GONCALVES DOS SANTOS,2512408,-7.1659302,-35.9703633,True,False,False
25078747,ESC MUNICIPAL JOSE INACIO DA SILVA,2512408,-7.15599996,-35.93294801,False,False,False
25078763,ESC MUL POLONORDESTE MALICIA,2512408,-7.17585,-35.95064333,False,False,False
25078771,GR ESC FIRMINO GALDINO PEREIRA,2512408,-7.1272696,-35.9795861,False,False,False
25078801,GR ESC JOAO VICENTE DE ARAUJO,2512408,-7.136821667,-35.98878333,False,False,False
25078925,GR ESC PRES COSTA E SILVA,2512408,-7.1475,-35.962825,True,True,False
25078933,ESM MUL ISIDRO JOAQUIM DO SANTOS,2512408,-7.180101667,-35.96447,False,False,False
25111205,ESC TEC AGRICOLA JOAQUIM L DE QUEIROZ,2512408,-7.152655,-35.96154667,True,False,False
25078976,EMEF BEATRIZ ERNESTO DE MELO,2512507,-7.3672228,-35.9033319,True,True,True
25078992,ECIT FRANCISCO ERNESTO DO REGO,2512507,-7.3692606,-35.9003316,True,True,False
25079115,EEEFM JOSE TAVARES,2512507,-7.3619216,-35.8993856,True,True,True
25079280,ESCOLA SANTA MARIA,2512507,-7.36738809,-35.90487184,True,True,True
25079298,EMEIF PROFESSOR JOSE MIRANDA,2512507,-7.3640326,-35.9029375,True,True,True
25079360,EMEIF JOAO FERRAZ,2512507,-7.30329791,-35.89306616,True,True,True
25079409,EMEIF JOSE PEREIRA DE SOUZA,2512507,-7.3894377,-35.9816068,True,True,True
25079417,EMEIF JOVENTINO ERNESTO DO REGO,2512507,-7.3501725,-35.9266946,True,True,True
25079441,EMEIF MARIA CARDOSO,2512507,-7.42519262,-35.90688873,False,True,True
25079484,EMEF NOSSA SENHORA DE FATIMA,2512507,-7.36553962,-35.87379182,False,False,False
25079522,EMEIF SALOMAO PEDRO DA SILVA,2512507,-7.39668854,-35.87670748,False,False,False
25079573,EMEF LINDOMAR,2512507,-7.41066514,-35.87168973,False,False,False
25079638,EMEIF ALZIRA MAIA,2512507,-7.33677571,-35.89957905,True,True,True
25079646,EMEIF ANTONIO AMARO,2512507,-7.4162732,-35.973843,True,True,True
25079689,EMEF CAPITAO ANTONIO MUNIZ,2512507,-7.475483,-35.93968907,True,True,True
25079697,EMEIF EVALDO GONZAGA,2512507,-7.36437782,-35.86480193,False,False,False
25079735,EMEF MANOEL DO CARMO BARBOSA,2512507,-7.44195744,-35.8697641,False,False,False
25079743,EMEIF IRMAOS ALEXANDRINO,2512507,-7.46158124,-35.87036894,True,True,True
25079794,EMEIF JOSE FRANCISCO BEZERRA,2512507,-7.45847742,-35.91117522,True,True,True
25079859,EMEIF LEONILDO MACIEL,2512507,-7.3007289,-35.8697234,False,False,False
25079905,EMEIF SANTINO PACHU DOS SANTOS,2512507,-7.40377526,-35.90875543,True,False,False
25079948,EMEIF VIDAL DE NEGREIROS,2512507,-7.41683222,-35.86533744,False,False,False
25079956,COLEGIO MENINO JESUS,2512507,-7.3619888,-35.900184,True,False,False
25106384,EMEF TERTULIANO MACIEL,2512507,-7.29428689,-35.89336539,True,True,True
25106554,CRECHE MUNICIPAL IRENE PEREIRA DOS SANTOS,2512507,-7.3677091,-35.9072483,True,False,True
25106562,CRECHE MUNICIPAL MARIETA MARINHO FALCAO,2512507,-7.35960534,-35.89270799,True,True,True
25110888,EMEF ANTONIO VITAL DO REGO,2512507,-7.36557496,-35.90412425,True,True,False
25115278,CENTRO EDUCACIONAL TURMINHA DO ABC,2512507,-7.29046168,-35.89102654,True,False,True
25119770,ESC NOSSA SENHORA DO CARMO,2512507,-7.36134204,-35.89603535,True,False,False
25121103,EMEIF CARLOS ERNESTO,2512507,-7.36724704,-35.88863682,True,True,True
25122959,ESCOLA IMACULADA CONCEICAO,2512507,-7.36916791,-35.89811479,True,True,True
25122967,ESCOLA APRENDER COM ALEGRIA,2512507,-7.3604751,-35.88966423,True,False,False
25123009,ESCOLA PEQUENO GENIO MARIA JOSE DUARTE DA COSTA,2512507,-7.36610832,-35.8978817,True,False,False
25125648,EMEF JUDITH BARBOSA DE PAULA REGO,2512507,-7.36783116,-35.89762027,True,True,False
25126415,EEEM TEREZA ALVES DE MOURA,2512507,-7.29797,-35.88507289,True,True,True
25127233,ESCOLA PINGO DE GENTE LUIZ TOMAS DE MEDEIROS,2512507,-7.3040489,-35.89363622,False,False,True
25128833,CRECHE MUNICIPAL MARIA JOSE SARAIVA LEITE,2512507,-7.29542887,-35.89361925,True,True,True
25132440,EMEF VIRGINIA MIRANDA DA SILVA,2512507,-7.35822499,-35.88819231,True,True,True
25132458,EMEF GERALDA BARBOSA SA SILVA,2512507,-7.3513536,-35.98172728,True,True,True
25154800,ESCOLA EDUCANDARIO FACULDADE DAS CRIANCAS,2512507,-7.36947878,-35.9071668,False,False,True
25215809,ESCOLA HORA DA ALEGRIA,2512507,-7.2872638,-35.8944654,True,False,False
25246925,EDUCANDARIO SANTA TEREZINHA,2512507,-7.36381617,-35.89649122,True,True,False
25258931,ESPACO EDUCACIONAL DA CRIANCA,2512507,-7.36565558,-35.90364581,False,True,True
25311921,EDUCANDARIO LUZ DO SABER,2512507,-7.36068677,-35.89700567,False,False,False
25022040,CRECHE CASULO TUDINHA PEREIRA,2512606,-7.0313019,-37.148761,False,True,True
25022180,EMEIEF CICERO SERAFIM TORRES,2512606,-7.05,-37.17528,False,False,False
25022199,EMEIEF IOIO PEREIRA,2512606,-7.0243355,-37.0943186,False,False,False
25022202,EMEIEF JOSE BATISTA DE MORAIS,2512606,-7.054278,-37.2047117,False,False,False
25022237,EMEIEF NOBELINO LEITE,2512606,-7.0723427,-37.1543381,True,True,False
25116835,EMEF CICERO SULPINO DOS SANTOS,2512606,-7.0293391,-37.1457033,True,False,True
25057790,CRECHE OLIVIA BRONZEADO,2512705,-6.96707163,-35.79129088,True,True,True
25057804,CRECHE PRE-ESCOLA WILSON P DOS SANTOS,2512705,-6.97446668,-35.82224089,False,False,False
25057812,EDUCANDARIO NOSSA SENHORA APARECIDA,2512705,-6.96896939,-35.79326284,True,False,False
25057820,ECIT JOSE BRONZEADO SOBRINHO,2512705,-6.964398162,-35.79573104,False,True,True
25057839,EEEFM DOUTOR CUNHA LIMA,2512705,-6.96499188,-35.793116,True,True,True
25057871,EMEFCI PROFESSORA MARGARIDA DE ALMEIDA SANTOS,2512705,-6.975271,-35.81643529,True,True,True
25057952,EMEF PROFESSORA GERCINA ELOY FREIRE,2512705,-6.96522485,-35.79540467,True,True,True
25057987,EMEF ANTONIO CARNEIRO FILHO,2512705,-6.97110133,-35.80268175,True,True,True
25057995,EMEF BALTHAZAR NOGUEIRA DE CARVALHO,2512705,-7.00795282,-35.780161,False,False,False
25058002,EMEFCI JULIA VITORIO,2512705,-6.96481515,-35.79719877,True,True,True
25058029,EMEFCI E BILINGUE PEDRO BATISTA FILHO,2512705,-6.97581279,-35.81857432,True,False,True
25058053,EMEF ESTANISLAU ELOY,2512705,-6.96762698,-35.79124676,True,True,True
25058070,ESCOLA MUNICIPAL DE ENSINO FUNDAMENTAL MANOEL JOCA,2512705,-7.00163091,-35.80841689,True,False,False
25058126,EMEFCI MARIA BATISTA DE LIMA,2512705,-6.97727538,-35.82026321,True,True,True
25058177,ESCOLA MUNICIPAL DE ENSINO FUNDAMENTAL CIRO DIAS,2512705,-6.96914671,-35.84850527,False,False,False
25058185,ESCOLA MUNICIPAL DE ENSINO FUNDAMENTAL JOSE CAZUZA FREIRE,2512705,-6.98064526,-35.79567912,False,False,False
25058193,EMEFCI E BILINGUE JOSE DELFINO DE SOUTO,2512705,-6.94900109,-35.78956281,False,True,True
25058231,ESCOLA MUNICIPAL DE ENSINO FUNDAMENTAL SEVERINO BRONZEADO,2512705,-6.87815123,-35.80840039,False,False,False
25104942,CRECHE E PRE-ESCOLA MUNICIPAL PROFESSORA SOCORRO DE FATIMA CAVALCANTI VIANA,2512705,-6.96187727,-35.79777497,True,False,True
25127900,CRECHE MUNICIPAL JOSE PASSOS DA COSTA,2512705,-6.9574896,-35.79262499,False,True,True
25129570,CRECHE E PRE ESCOLA MUNICIPAL MARIA APARECIDA FIDELIS DOS SANTOS - TIA TIDA,2512705,-6.97155447,-35.80430299,False,False,False
25129708,EMEF CIDADA INTEGRAL PAULO FREIRE,2512705,-6.92994654,-35.78849271,True,True,True
25129910,ESCOLA MUNICIPAL DE EDUCACAO DE JOVENS E ADULTOS - EMEJA,2512705,-6.9649579,-35.7951947,True,True,True
25132040,CENTRO DE REFERENCIA EM EDUCACAO DO CAMPO CIDADA INTEGRAL RAFAEL CLEMENTINO DE LIMA,2512705,-6.93121909,-35.83433258,False,True,True
25132210,CENTRO DE REFERENCIA EM EDUCACAO INFANTIL E CICLO DE ALFABETIZACAO CELSO CARNEIRO LEAL,2512705,-6.9576252,-35.79230616,True,True,True
25266934,ESCOLA SONHO DE CRIANCA,2512705,-6.963499,-35.79558,True,True,True
25086324,ECI MARGARIDA DIAS,2512721,-6.63919788,-35.29268326,True,True,True
25086421,EMEF DAURA RIBEIRO DA SILVA,2512721,-6.64139808,-35.2943967,True,True,True
25086502,EMEIF MANOEL FIDELIS SOBRINHO,2512721,-6.63805692,-35.27369872,False,False,True
25086626,EMEIF VIRGILIO RIBEIRO DA SILVA,2512721,-6.64101723,-35.31647605,True,True,True
25086634,EMEIF ANTONIO FERNANDES DE FARIAS,2512721,-6.68614806,-35.29179694,True,True,True
25086685,EMEIF ANTONIO NOGUEIRA,2512721,-6.6396769,-35.3371857,True,True,True
25086693,EMEIF IDALINA ROSA,2512721,-6.6556178,-35.3184297,True,True,True
25086715,EMEIF OZEIAS ARANHAS DE VASCONCELOS,2512721,-6.67599598,-35.30389723,False,True,True
25086812,EMEIF FRANCISCO MIGUEL BATISTA,2512721,-6.65513936,-35.30339288,True,False,True
25123190,CRECHE MUNICIPAL ALBERTINA DINIZ,2512721,-6.63811387,-35.29083935,True,False,False
25058916,CRECHE LUIZA M PEIXOTO,2512747,-6.540932553,-35.65997254,True,False,True
25058991,ECI PEDRO RIBEIRO DE LIMA,2512747,-6.543605,-35.659915,False,False,False
25059068,EMEF MENINO JESUS,2512747,-6.544374623,-35.66163551,True,True,True
25059190,EMEF DO BAIXIO,2512747,-6.563912462,-35.68369081,False,False,False
25059564,EMEF DO SALGADINHO,2512747,-6.538458928,-35.61124762,False,False,False
25108786,EMEF DO SEIXO,2512747,-6.568557168,-35.64440936,False,False,False
25113763,EMEF DE VARZEA GRANDE,2512747,-6.584114232,-35.67579363,True,False,False
25115430,CRECHE MUL EULINA G DE OLIVEIRA MOURA,2512747,-6.564395218,-35.68368939,False,False,False
25120980,CRECHE MUL MARIA COSMO DOS SANTOS,2512747,-6.534578609,-35.65380078,False,False,False
25141201,EMEF DO BARRO VERMELHO,2512747,-6.529892874,-35.6723713,False,False,False
25080903,EMEIF JOSE ANTONIO CUSTODIO,2512754,-7.2448465,-35.7003806,False,False,False
25080920,EMEIF BELIZA CABRAL DE VASCONCELOS,2512754,-7.2493217,-35.6493883,False,False,False
25081047,EMEIEF FRANCISCO GALDINO DA SILVA,2512754,-7.2265435,-35.6732983,True,True,True
25081080,EMEIF MANOEL JOAQUIM DE ARAUJO,2512754,-7.22080254,-35.65193244,True,True,True
25081098,ESCOLA MUNICIPAL JOSE TITO FILHO,2512754,-7.2463095,-35.6677107,True,True,True
25081152,EMEF DEOLINDA MARIA DO AMARAL,2512754,-7.25269449,-35.66499646,True,True,True
25081349,ECI ADAUTO CABRAL DE VASCONCELOS,2512754,-7.2498281,-35.6624469,True,True,False
25104756,EMEIF MANOEL CANDIDO TENORIO,2512754,-7.22127699,-35.66264147,True,True,True
25122061,CRECHE GERCINA ALVES FERREIRA,2512754,-7.25151941,-35.66524537,True,True,True
25143204,EMEIEF HELENA CAMPOS,2512754,-7.2579991,-35.6924852,True,True,False
25145606,EDUCANDARIO NOSSA SENHORA DO CARMO,2512754,-7.25044849,-35.66125826,False,False,False
25089838,ECIT RIACHAO DO POCO,2512762,-7.14631667,-35.26341718,True,True,False
25090275,EMEIEF PROFª MARINALVA PEREIRA DA SILVA,2512762,-7.125826241,-35.28019907,True,False,False
25090364,EMEIEF LAGOA DO PADRE,2512762,-7.174271,-35.2684824,True,False,False
25090542,EMEIEF JOAO FERREIRA ALVES,2512762,-7.1471147,-35.2613014,True,True,True
25090674,EMEIEF JOAO BERNARDO SEMEAO,2512762,-7.1488599,-35.2610759,True,True,False
25109006,EMEIEF AGRIPINO PEREIRA DA SILVA,2512762,-7.181228357,-35.29363853,True,False,False
25113240,EMEIEF MARIA DE LOURDES PEREIRA,2512762,-7.1578427,-35.2731184,True,True,False
25115944,EMEIEF FRANCISCO MENDES,2512762,-7.1338386,-35.2841994,False,False,False
25127110,CRECHE MUNICIPAL JACIRA FERREIRA CONSTANCIO,2512762,-7.146503809,-35.26124859,True,True,False
25051660,ECI ANA FERREIRA DA COSTA,2512788,-7.69433985,-36.15632091,True,False,False
25051849,ESCOLA MUNICIPAL LUIS PEREIRA DA SILVA,2512788,-7.619352,-36.1095,False,False,False
25053000,ESCOLA MUNICIPAL AGOSTINHO PEREIRA DA COSTA,2512788,-7.629702,-36.11795,True,True,True
25053051,ESCOLA MUNICIPAL DE ENSINO FUNDAMENTAL JOAO BRAZ DE LUCENA,2512788,-7.757532,-36.14324,True,True,True
25053078,ESCOLA MUNICIPAL JOSEFA LIDIA DA SILVA,2512788,-7.691685,-36.15723,True,True,True
25003410,ECIT DANIEL CARNEIRO,2512804,-6.4353026,-37.6524824,True,False,False
25003518,ESC MUL FAUSTO ANDRADE DE SOUSA,2512804,-6.46422943,-37.60023048,False,False,False
25003534,ESC MUL JOSE PEREIRA DA SILVA,2512804,-6.51686293,-37.68283235,False,False,False
25003542,E M JUSTINO TOMAZ DE BRITO,2512804,-6.44765649,-37.71074799,False,False,False
25003550,ESCOLA MUNICIPAL MANOEL CARDOSO FILHO,2512804,-6.434856667,-37.66028833,True,True,True
25003577,ESCOLA MUNICIPAL DE ENSINO FUNDAMENTAL E EJA JOVELINA DE ALMEIDA,2512804,-6.44063706,-37.70168927,True,True,True
25003585,ESC MUL RAIMUNDO ALVES DE ANDRADE,2512804,-6.4361969,-37.6552867,False,False,False
25003593,ESC MUL PORFIRIO ALVES BATISTA,2512804,-6.48240195,-37.7323173,False,True,True
25003615,ESC MUL SEVERINO VIEIRA DE ANDRADE,2512804,-6.45474116,-37.63654605,False,False,False
25003631,ESC MUN VIRGINIA PEREIRA DA SILVA,2512804,-6.42861327,-37.72962245,False,True,True
25003658,ESC MUL FRANCISCO DE ANDRADE MACIEL,2512804,-6.48198607,-37.67581535,True,True,False
25003674,ESC MUL JOAO ROZENDO DA COSTA,2512804,-6.48101275,-37.57751541,True,False,False
25003682,ESC MUL JOSE VAZ CARNEIRO,2512804,-6.48391969,-37.64156628,False,False,False
25003704,ESC MUL MARIA CANDIDA DO AMOR DIVINO,2512804,-6.49533551,-37.60521414,False,False,False
25003712,ESC MUL SEBASTIAO DE SOUSA SANTIAGO,2512804,-6.47460479,-37.59210152,False,False,False
25003747,ESC MUL CICERO MARTINS DE OLIVEIRA,2512804,-6.52571807,-37.53305511,False,False,False
25003755,ESC MUL FRANCISCO JOSE VIEIRA,2512804,-6.49170496,-37.67780243,False,False,False
25003771,ESCOLA MUNICIPAL DE ENSINO FUNDAMENTAL EJA JOSE VIEIRA CARNEIRO,2512804,-6.45720824,-37.64708993,False,True,True
25003798,ESC MUL MARIA DELFINA GALDINO,2512804,-6.54047147,-37.66139854,True,False,False
25105710,ESC MUL MARIA CARNEIRO VAZ,2512804,-6.43588,-37.65633,True,True,False
25125656,ESCOLA MUNICIPAL JOSEFA OLINDINA DA CONCEICAO,2512804,-6.437871667,-37.6487,True,True,True
25126300,CRECHE MUNICIPAL ANTONIA VIEIRA CARNEIRO,2512804,-6.4371,-37.66210667,False,True,True
25130692,EMEF MARIA VAZ VIEIRA,2512804,-6.437498333,-37.661415,True,True,False
25087860,ECIT PROFESSOR LUIZ GONZAGA BURITY,2512903,-6.805374515,-35.08193454,True,True,True
25087878,EEEIFM GUILHERME DA SILVEIRA,2512903,-6.787396632,-35.06620598,False,False,False
25087908,EEEM FREDERICO LUNDGREN,2512903,-6.8036183,-35.07986,True,True,False
25087991,EMEF HERMAN LUNDGREN,2512903,-6.8128447,-35.0813974,True,True,True
25088017,EMEFM ANTONIA LUNA LISBOA,2512903,-6.8103698,-35.0747676,True,True,False
25088033,EM FRANCISCO GERBASI,2512903,-6.7793374,-34.9223678,True,False,False
25088050,EMEF PROFA JOSINA DE A CAMARA,2512903,-6.6908022,-35.10541551,True,False,True
25088076,ESC MUL DE ENS FUND TEREZINHA DA COSTA AGRIPINO,2512903,-6.65770922,-35.08774042,True,False,True
25088122,ESC MUN DE 1º GRAU ELIAS DE SOUZA BARROS,2512903,-6.7973683,-35.0671853,False,False,False
25088130,EMPG EMILIA CAVALCANTE DE MORAIS,2512903,-6.8873934,-34.953854,True,False,True
25088211,EMPG JOSE LOURENCO CALIXTO,2512903,-6.83359,-35.0487752,True,False,True
25088220,EEIEFM CACIQUE DOMINGOS BARBOSA DOS SANTOS,2512903,-6.8014783,-35.0737868,True,True,True
25088238,ESC MUL PRES GETULIO VARGAS,2512903,-6.65003903,-35.11099896,True,True,True
25088246,EM PRES RODRIGUES ALVES,2512903,-6.8147244,-34.9728637,True,True,True
25088262,EMPG PROF SEVERINO JOAQUIM DA SILVA,2512903,-6.8626,-34.9317,True,False,False
25088289,ESC MUL DE ENS FUND ROSALIA MENEZES DE MENDONCA,2512903,-6.8433698,-35.078626,False,False,False
25088297,E M E F WASHINGTON LUIZ,2512903,-6.813055,-34.91805,True,False,True
25088335,ESC MUL DE 1G JOAO XXIII,2512903,-6.8108218,-34.9352573,True,False,True
25088378,GR ESC PROFA SEVERINA COUTINHO,2512903,-6.65017665,-35.11096879,True,True,True
25088386,ESCOLA SANTA RITA DE CASSIA,2512903,-6.8096128,-35.07771292,True,False,True
25127730,ESCOLA INFANTIL TIC TAC,2512903,-6.80699029,-35.07970275,False,False,False
25088491,ESC MUL PREFEITO GERBASI,2512903,-6.8229611,-35.1072591,False,True,True
25038796,ECI FENELON NOBREGA,2513000,-7.10200466,-36.84281433,False,False,False
25038834,ESC MUL DJALMA MORAIS DA SILVA,2513000,-7.12011688,-36.9074097,False,False,False
25038869,ESC MUL MARIA DAS DORES,2513000,-7.13129622,-36.83783353,False,False,False
25038877,ESC MUL SAO JOSE DA BATALHA,2513000,-7.076413333,-36.83494833,False,False,False
25038940,ESC MUL DE ENSINO FUNDAMENTAL MONSENHOR MANOEL VIEIRA,2513000,-7.10312484,-36.8473697,True,True,False
25038982,GR ESC MUL INACIA JACINTO DE MORAIS,2513000,-7.08651007,-36.78534481,False,False,False
25129384,CRECHE TEREZA MARIA DE JESUS,2513000,-7.10333828,-36.84730417,False,False,False
25129392,EMEF JOAO PEREIRA DE LIMA,2513000,-7.06405188,-36.76709361,False,False,False
25082850,EMEIFM EUNICE BARBOSA,2513109,-7.3567383,-35.4364901,True,True,True
25082922,ECIT ANA RIBEIRO,2513109,-7.3553134,-35.4391014,True,True,False
25082949,EEEFM ARNALDO MAROJA,2513109,-7.4263241,-35.3929357,True,True,True
25082973,CRECHE MUNICIPAL MARIA DE MELO,2513109,-7.4278459,-35.4219601,False,False,False
25083082,ESC MUL JOSE BENEDITO DA SILVEIRA,2513109,-7.3554578,-35.436453,False,False,False
25083104,EMEIEF JOSE DE ALENCAR,2513109,-7.42770276,-35.54168066,True,False,False
25083317,EMEIEF MANOEL FERREIRA BARBOSA,2513109,-7.43002105,-35.42957469,True,True,False
25083325,EMEIEF ANTONIO BARBOSA DE OLIVEIRA,2513109,-7.44382698,-35.40304397,True,False,False
25083333,EMEIEF ANTONIO FRANCISCO DE AMORIM,2513109,-7.39663803,-35.53108377,True,False,False
25083341,EMEIEF APOLINARIO SERAFIM ANJOS,2513109,-7.35791509,-35.44163989,True,False,False
25083350,ESC MUL BENEDITO GOMES DA SILVA,2513109,-7.44955196,-35.44232699,True,True,True
25083376,EMEIEF FELIX RODRIGUES DO NASCIMENTO,2513109,-7.43110963,-35.37903291,True,False,False
25083384,EMEIEF FRANCISCA MARCELINO DE SALES,2513109,-7.36564646,-35.47391565,True,False,True
25083392,EMEF JAIME GOMES DE OLIVEIRA,2513109,-7.45649549,-35.41466708,True,True,False
25083406,EMEIEF JOSE HERMINIO DA SILVA,2513109,-7.43253406,-35.46366516,True,False,False
25083414,EMEIEF MARIANO TOMAZ,2513109,-7.47069467,-35.48332317,False,False,True
25083457,EMEIEF SILVINA SERGIA,2513109,-7.4610444,-35.4800704,True,True,True
25083465,EMEIEF NOSSA SENHORA DO CARMO,2513109,-7.3554576,-35.4363308,False,False,False
25110071,EMEIEF DOS CAMPOS,2513109,-7.416312,-35.49308461,True,False,False
25114670,EDUCANDARIO CANTINHO FELIZ,2513109,-7.35572888,-35.43888694,True,True,True
25118919,EMEIEF DO BAIXIO,2513109,-7.3931841,-35.4704661,False,False,False
25121944,EMEIEF PROFESSOR JOSE MATIAS,2513109,-7.36844225,-35.49223973,True,True,True
25082957,EEEF DE DOIS RIACHOS,2513109,-7.366965,-35.48553667,True,False,False
25084992,ECI ANTONIO FRANCISCO GOMES,2513158,-7.744129482,-35.8786227,False,False,False
25085514,GR MUL MANOEL GOMES BARBOSA,2513158,-7.784172,-35.92601,True,False,False
25085530,GR MUL NOSSA SRA DA GUIA,2513158,-7.68931,-35.87171,True,False,False
25085646,GR MUL CASIMIRO PIRES DA SILVA,2513158,-7.730573,-35.89061,True,False,False
25085816,GR MUN SEVERINO JOSE SARAIVA,2513158,-7.727877,-35.85117,True,False,False
25103415,EMEF JOSE TOME DE OLIVEIRA,2513158,-7.704777,-35.91275,False,False,False
25106449,GR MUL JOSE BIA,2513158,-7.679748,-35.88789,True,False,False
25114336,EMEF JOANA MARIA DA CONCEICAO,2513158,-7.74032,-35.94786,True,False,False
25119281,ESC MUL FURTUOSA MARIA DA CONCEICAO,2513158,-7.747116,-35.84862,False,False,False
25124862,ESCOLA NOSSA SENHORA APARECIDA,2513158,-7.743544383,-35.87860485,False,False,False
25017055,CEMEI FRANCISCA VITORIA DE OLIVEIRA,2513208,-6.5343149,-38.0549121,True,True,False
25017071,EEEF PROFESSOR NESTOR ANTUNES,2513208,-6.53324281,-38.06260514,True,False,False
25017080,ECIT VALDEMIRO WANDERLEY DE OLIVEIRA,2513208,-6.5356413,-38.0541729,True,False,False
25017179,EMEF ADAUTO FERREIRA DE ANDRADE,2513208,-6.5334307,-38.058467,True,True,True
25017276,EMEIF JOSE JOAQUIM DA SILVA,2513208,-6.60865546,-37.96581088,True,False,True
25017306,EMEIF MARIA MARTINS LOPES,2513208,-6.59071143,-38.11997362,True,True,True
25017357,EMEIF JANUARIO AVELINO DE SOUSA,2513208,-6.5461664,-38.0065302,True,True,False
25101790,COLEGIO TIA NETA,2513208,-6.534969,-38.06161,False,False,False
25009877,EMEFNNM PE JOSE DE ANCHIETA,2513307,-6.717058333,-38.64115,True,True,True
25009923,EEEM PROFESSOR JOSE BENTO,2513307,-6.721993312,-38.64081225,True,True,False
25009931,ECI ELAINE SOARES BRASILEIRO,2513307,-6.7175683,-38.6413083,True,True,False
25009940,EMEIF ALZIRA FERREIRA LIMA MOTA,2513307,-6.724203333,-38.641675,False,False,False
25009990,EMEIEF TIBURTINO V DANTAS,2513307,-6.79471,-38.53025333,True,False,True
25010077,EMEIF JOAQUIM MARIA DE ALBUQUERQUE,2513307,-6.7160509,-38.5626485,False,False,False
25010131,EMEIF MANOEL VERISSIMO DANTAS,2513307,-6.701978,-38.61534,False,False,False
25010174,EMEIF SATURNINO L FERREIRA,2513307,-6.74507,-38.6083,False,False,False
25010212,EMEIF VICENTE FERREIRA PARNAIBA,2513307,-6.6926463,-38.6530997,False,False,False
25010310,EMEIF AGRIPINO PEREIRA DE SOUSA,2513307,-6.699591318,-38.66193506,False,False,False
25010379,EMEIF LUIZ CARTAXO ROLIM,2513307,-6.71793798,-38.64033698,True,True,True
25115677,ESCOLA CAMINHO PARA O FUTURO,2513307,-6.7232375,-38.6422206,False,False,False
25127373,EMEI JOAQUIM ROBERTO SOBRINHO,2513307,-6.717826,-38.639,True,True,True
25028103,ECI ENEAS LEITE,2513356,-7.62801655,-38.55969948,False,False,False
25028324,EMEF FELIX PEREIRA DOS REIS,2513356,-7.624523333,-38.55875167,True,False,False
25028855,EMEF EPAMINONDAS DUARTE,2513356,-7.705896667,-38.53725667,False,False,False
25028936,EMEF SILVINO GONZAGA DE LIMA,2513356,-7.718163333,-38.54566333,False,False,False
25029134,EMEF JOAO NUNES VANDERLEY,2513356,-7.711875,-38.45661,False,False,False
25029398,EMEF MESSIAS SERAFIM DE LIMA,2513356,-7.711981667,-38.51474333,False,False,False
25029436,EMEF JOSE PEREIRA,2513356,-7.581488333,-38.68334167,False,False,False
25029525,EMEF CAPITAO JOAO MIGUEL DE FIGUEIREDO,2513356,-7.632238333,-38.59501333,False,False,False
25029533,EMEF JOSE PEREIRA FRADE,2513356,-7.696831667,-38.51365,True,False,False
25102997,EMEF PAULINO JOSE DE FIGUEIREDO,2513356,-7.68074,-38.59994833,False,False,False
25103032,EMEF OLEGARIO JOSE DE MELO,2513356,-7.736451667,-38.55174167,False,False,False
25105523,EMEF MANOEL FELIX BARBOSA,2513356,-7.665531667,-38.65791667,False,False,False
25119907,CRECHE MUNICIPAL BALAO MAGICO,2513356,-7.627221667,-38.55926,False,False,False
25039032,ECIT PADRE JERONIMO LAUWEN,2513406,-6.8710709,-36.9147566,True,True,True
25039040,EEEF MONSENHOR PEDRO ANISIO,2513406,-6.872387496,-36.91413576,False,False,False
25039075,EEEFM ARLINDO BENTO DE MORAIS,2513406,-6.874184073,-36.91202645,False,False,False
25039083,ECIEEF COELHO LISBOA,2513406,-6.872725915,-36.9191592,True,True,True
25039113,EMEIEF ANA BRITO FIGUEIREDO,2513406,-6.8729622,-36.9283077,True,True,True
25039121,EMEIEF ARISTARCO DA SILVA MACHADO,2513406,-6.8651431,-36.9251855,True,True,True
25039148,E M E I E F FRANCISCO PAZ DE SOUZA,2513406,-6.9193386,-36.838004,False,False,False
25039237,E M E I E F PROF TRINDADE VERNA,2513406,-6.87152528,-36.90976121,True,True,False
25039261,E M E I E F MARIA DO CARMO MARINHO GOMES,2513406,-6.8702807,-36.9089344,True,True,False
25039288,EMEIEF JOVINO MACHADO DA NOBREGA,2513406,-6.87404208,-36.91976384,True,True,False
25039342,EMEF FCO FREIRE DE MEDEIROS,2513406,-7.028006,-36.9043524,False,False,False
25039393,EMEF MIQUILINA SR DAS NEVES,2513406,-6.8847351,-36.800868,True,False,False
25039423,CRECHE RUI DE FIGUEIREDO MORAIS,2513406,-6.87090148,-36.9107983,True,True,False
25110217,APAE DE SANTA LUZIA,2513406,-6.872709,-36.9284173,True,True,False
25116746,CEDUC SANTA LUZIA - CENTRO EDUCACIONAL SANTA LUZIA,2513406,-6.871741667,-36.91534167,True,True,False
25130552,IFPB - CAMPUS SANTA LUZIA,2513406,-6.87390276,-36.91978544,True,True,True
25275933,RECANTO DE EDUCACAO INFANTIL E ENSINO FUNDAMENTAL CARROSSEL,2513406,-6.872051088,-36.91690103,True,True,False
25031759,CRECHE PROFA HOZANA BEZERRA LEITE,2513505,-7.550175315,-38.33354144,False,False,False
25031767,EMPSG PREF FCº BRAGA,2513505,-7.55010928,-38.3347453,False,False,False
25031783,ECIT PRESIDENTE KENNEDY,2513505,-7.550238333,-38.33466,True,False,True
25031813,EMEF RAIMUNDO INACIO D A SILVA,2513505,-7.57814847,-38.30908609,False,False,False
25031821,EMEF JOSE RODRIGUES SILVA,2513505,-7.5509279,-38.3332237,True,False,False
25031830,EMPG ANTONIO ADORO,2513505,-7.55089667,-38.33322416,False,False,False
25031910,EMPG MANOEL INACIO SANTOS,2513505,-7.550663333,-38.3357,False,False,False
25031953,EMPG PREF LUIZ MANGUEIRA SOUSA,2513505,-7.55168542,-38.33637913,True,False,False
25032194,EMPG JOSE TEODOSIO SOBRINHO,2513505,-7.65920371,-38.37613779,False,False,False
25032356,GMPG SERGIO EVANGELISTA REIS,2513505,-7.55051,-38.33395667,False,False,False
25032402,GR ESC JOSE BALBINO DIAS,2513505,-7.55089689,-38.33322737,False,False,False
25032410,GR ESC JOSE CORDEIRO DE LIMA,2513505,-7.55089287,-38.33321873,False,False,False
25032437,GR ESC JOSE RICARDO DOS SANTOS,2513505,-7.55066,-38.33574333,False,False,True
25032445,GR ESC JOSE TAVARES DA SILVA,2513505,-7.55066,-38.33568833,False,False,False
25032461,GR ESC LUIS MATEUS,2513505,-7.63321034,-38.37102693,False,False,False
25032470,EMPG LUIZ DA SILVA PACHECO,2513505,-7.55089618,-38.33322023,False,False,False
25109677,EMPG CARIOLANDO CANDIDO SOARES,2513505,-7.64427993,-38.31431492,False,False,False
25109707,EMPG ROSENO FERREIRA DE CARVALHO,2513505,-7.66197066,-38.26695695,False,False,False
25112848,EMPG MIGUEL PADRE DE BRITO,2513505,-7.55089603,-38.33321649,False,False,False
25027166,CRECHE COMUNITARIA ESMERINA TEOTONIO,2513604,-7.384507417,-37.99034308,True,False,True
25027190,ECI DOUTOR FELIZARDO LEITE,2513604,-7.386072,-37.98865,False,True,False
25027280,EMEIEF JULIO L DE ALMEIDA,2513604,-7.468197071,-37.96681544,False,False,False
25027344,ESC MUL PROFº ANTONIO JUVINO DOS SANTOS,2513604,-7.380549,-38.04472,True,False,False
25027379,EM CASTELO BRANCO,2513604,-7.326811,-38.00483,True,False,False
25027441,EM PE ANCHIETA,2513604,-7.464125914,-37.94098197,True,False,False
25118994,ESCOLA MUNICIPAL MARIA SINHARINHA DE AZEVEDO,2513604,-7.3828439,-37.9887781,True,True,True
25013173,EMEIF JOSE DUARTE COUTINHO,2513653,-6.469346,-38.48085,True,True,True
25013270,EMEIF JOSE ANACLETO DE ANDRADE,2513653,-6.451694,-38.48405,True,True,True
25013343,EMEIF VITAL RAIMUNDO DO NASCIMENTO,2513653,-6.487073,-38.49012,True,True,True
25013513,EMEIF JOSE GUALBERTO DE ANDRADE,2513653,-6.483617,-38.47978,True,True,True
25013521,EMEIF JOSE ROBERTO SILVA,2513653,-6.459511,-38.45734,True,True,True
25013637,EMEIF ANTONIO TEOTONIO DA CRUZ,2513653,-6.431939,-38.47155,True,True,True
25098780,EMEF FLAVIANO RIBEIRO COUTINHO,2513703,-7.083938601,-34.98281241,True,True,False
25098829,CENTRO EDUCACIONAL SANTA TEREZINHA,2513703,-7.121593,-34.97923,True,True,False
25098896,COFRAG - COLEGIO DR FRANCISCO AGUIAR,2513703,-7.128273,-34.98012,True,True,False
25098918,CIEI FUNCIONARIO JOAO MOREIRA,2513703,-7.236292893,-35.02232093,True,False,False
25098926,CIEI GENERAL ANTONIO ALVES,2513703,-7.118335459,-34.95206047,True,False,False
25098934,CIEI JOSE CANDIDO FEITOSA,2513703,-7.049102406,-34.90115072,False,False,False
25098942,CIEI LOURDES TORRES,2513703,-7.162840976,-34.97542544,False,False,False
25098950,CIEI RAQUEL PEDROSA,2513703,-6.974078463,-34.97779945,True,False,False
25098969,CIEI NENZINHA RIBEIRO,2513703,-7.137046667,-34.97878167,True,False,False
25098977,CIEI ELIAS HECKMANS,2513703,-7.1351,-34.98546,False,False,False
25098985,CIEI MARIA CARMELITA MAROJA PEDROZA,2513703,-7.1534066,-34.96232855,True,False,False
25098993,CIEI HEITEL SANTIAGO,2513703,-7.128380626,-34.95107015,True,False,False
25099027,EDUCANDARIO SANTA LUCIA,2513703,-7.135883,-34.98235,False,False,False
25099086,EMEF SEVERINO BEZERRA CABRAL,2513703,-7.12841509,-34.95656099,True,True,False
25099116,ECIT PROFESSOR LUIS DE AZEVEDO SOARES,2513703,-7.152894,-34.96791,True,False,False
25099124,EEEFM FRANCISCO LEOCADIO RIBEIRO COUTINHO,2513703,-7.1304772,-34.9587337,True,True,False
25099132,EEEF ALINE SILVA MADRUGA,2513703,-7.127938333,-34.98158167,False,False,False
25099159,ECIT ENEAS CARVALHO,2513703,-7.1262481,-34.9844531,True,True,False
25099167,EEEF JOSE MARIANO,2513703,-7.152743333,-34.96302,True,False,False
25099175,ECIT MARIA HONORINA SANTIAGO,2513703,-7.1340782,-34.9779755,False,False,False
25099183,EEEF ANDRE VIDAL DE NEGREIROS,2513703,-7.1235717,-34.9783051,True,True,True
25099205,EEEF PREFEITO ANTONIO TEIXEIRA,2513703,-7.12662476,-34.98474476,True,True,False
25099221,EMEIF FAZENDA SOCORRO,2513703,-7.127671517,-35.03958615,False,False,False
25099230,EEEF JOAO URSULO,2513703,-7.1212128,-34.9787861,False,False,False
25099248,EEEF MACHADO DE ASSIS,2513703,-7.149956482,-34.96891379,True,True,False
25099256,ECI MARIA DE LOURDES ARAUJO,2513703,-7.14800706,-34.9667438,False,False,False
25099299,EEEM CARLOS CHAGAS,2513703,-7.15281249,-34.96513062,True,False,False
25099329,EMEF FRANCISCO MARQUES DA FONSECA,2513703,-7.11891,-34.95213833,True,True,True
25099337,EMEF JAIME LACET,2513703,-7.137430483,-34.97874476,False,True,True
25099345,EMEF ANTONIO FERREIRA NUNES,2513703,-7.13680708,-34.98069693,False,False,False
25099353,EMEF E EJA DR FLAVIO MAROJA FILHO,2513703,-7.150443333,-34.96452333,True,True,True
25099361,EMEIF PADRE JOAO FELIX,2513703,-7.13104315,-34.97484342,False,False,False
25099370,EMEF ARNALDO BONIFACIO,2513703,-7.237141603,-35.02167603,True,True,False
25099396,EMEF INDIO PIRAGIBE,2513703,-7.134031667,-34.98638167,True,True,False
25099400,EMEF MONSENHOR RAFAEL DE BARROS,2513703,-7.11962908,-34.97325394,True,True,False
25099434,EMEIF E EJA DR ANTONIO PEREIRA DE ALMEIDA,2513703,-7.161244594,-34.97882079,False,False,True
25099450,EMEF PADRE ANCHIETA,2513703,-7.126955,-34.979495,False,True,True
25099469,EMEIF ARNOBIO MAROJA,2513703,-7.086438127,-34.96038185,False,False,False
25099493,EMEIF TIRADENTES,2513703,-7.133881667,-34.962845,True,False,False
25099507,EEEM ANISIO PEREIRA BORGES,2513703,-7.1236887,-34.97459069,True,False,False
25099540,COLEGIO UNIAO,2513703,-7.151572,-34.96204,True,True,False
25099566,EMEIF DE ATERRO,2513703,-7.057182225,-34.95133661,False,False,False
25099582,EMEF AMBROSIO FERNANDES BRANDAO,2513703,-7.081730431,-34.96782356,True,False,False
25099671,EMEIF PROFESSOR JOAQUIM TORRES,2513703,-7.252366072,-34.94674542,False,False,False
25099680,EMEIF SANTA EMILIA,2513703,-6.952603357,-35.12493596,True,False,False
25099710,CENTRO EDUCACIONAL ALZIRA LEAL,2513703,-7.120844,-34.97322,False,False,False
25099728,EMEIF DEP FLAVIANO RIBEIRO FILHO,2513703,-7.254360882,-34.98393877,False,False,False
25099736,EMEF GOV FLAVIO RIBEIRO,2513703,-7.12574691,-34.9839401,False,False,False
25099779,EMEIF PROFESSORA CANDIDA DE SA ANDRADE,2513703,-7.073867912,-34.97732252,False,True,False
25099787,EMEIF E EJA MANOEL FAUSTINO DE MENDONCA,2513703,-7.16511544,-34.95649755,True,True,False
25099809,EMEF ESTEVAO JOSE CARNEIRO DA CUNHA,2513703,-7.128168333,-34.95074833,False,True,True
25099833,EMEIF E EJA PAULO JORGE RODRIGUES DE LIMA,2513703,-6.975304061,-34.98020304,True,True,True
25099868,INSTITUTO NOSSA SENHORA DE FATIMA LTDA,2513703,-7.13902,-34.97967,True,True,False
25099876,INSTITUTO DE EDUCACAO ROSA DE SARON KIDS,2513703,-7.147777,-34.9653,True,True,False
25099906,EMEIF SAO MARCUS,2513703,-7.120546,-34.95691,False,False,False
25099965,EMEF AMARO GOMES COUTINHO,2513703,-7.049351768,-34.90159303,True,True,True
25099973,EMEIF ZULMIRA MAUL DE ANDRADE,2513703,-7.021024413,-34.87068074,False,True,False
25099990,EMEIF PROFESSORA EULINA XAVIER,2513703,-6.990317227,-34.87759782,True,False,False
25102923,EDUCANDARIO SOSSEGO DA MAMAE,2513703,-7.122196,-34.97672,True,False,True
25108824,EMEIF PRESIDENTE JOAO SUASSUNA,2513703,-7.043055,-34.9375,True,False,False
25113208,EMEF E EJA ANIBAL LIMEIRA,2513703,-7.1443536,-34.96580443,True,True,True
25113526,EMEF DR PAULO MAROJA,2513703,-7.16576299,-34.97697636,True,True,False
25116487,EMEIF ZILDA VELOSO FALCAO,2513703,-6.960969544,-34.9183601,False,False,False
25116762,EEEFM LUIZ RIBEIRO LIMEIRA,2513703,-7.157867511,-34.96481882,False,False,False
25116860,EMEIF VOVO VINA,2513703,-7.228892385,-34.96754436,False,False,False
25116886,EMEF PROF CARLOS ARNOBIO MAROJA DI PACE,2513703,-7.12698807,-34.95288511,True,True,True
25117300,EEIF LAPIS NA MAO,2513703,-7.12276,-34.97805,False,False,False
25117840,EXATUS COLEGIO E CURSO,2513703,-7.153289,-34.96289,True,True,False
25118102,COLEGIO E CURSO JOSE AMERICO DE ALMEDA,2513703,-7.126652,-34.9836,True,True,True
25118200,ESCOLA EDUCACIONAL SAO JOSE,2513703,-7.151466,-34.96113,False,True,True
25118250,ESCOLA DE EIEF SANTA RITA DE CASSIA,2513703,-7.133996,-34.9794,False,False,True
25118374,CENTRO EDUCACIONAL NOVO VIVER,2513703,-7.140182,-34.98141,False,True,False
25118382,INSTITUTO RISQUE E RABISQUE,2513703,-7.127977,-34.9826,False,False,False
25118412,CENTRO EDUCACIONAL CASINHA FELIZ,2513703,-7.123701,-34.9564,False,True,True
25119079,EMEIF PROF PAULO FREIRE,2513703,-7.16170992,-34.98340576,False,False,False
25119176,INSTITUTO SANTA ROSA MISTICA,2513703,-7.12205,-34.95541,False,True,False
25119184,CENTRO DE ENSINO FORMANDO CIDADAOS,2513703,-7.12709,-34.98235,False,False,False
25119206,ESCOLA NOSSO RECANTO,2513703,-7.136876,-34.984,True,False,False
25120727,ESCOLINHA ELAINE CRISTINA,2513703,-7.126808,-34.97908,False,False,False
25120786,INSTITUTO EVANGELICO EMANUEL,2513703,-7.132893,-34.97908,False,False,False
25121707,CENTRAL DO SABER,2513703,-7.123386,-34.97855,False,False,False
25121839,CENTRO EDUCACIONAL CRIANCA INTELIGENTE,2513703,-7.151606,-34.96072,True,False,False
25121863,INSTITUTO EDUCACIONAL DOM PEDRO II,2513703,-7.152316,-34.96718,False,False,False
25122380,CIEI MARIA ANUNCIADA DE SANTANA,2513703,-7.250832855,-34.98402117,False,False,False
25122940,CIEI LEONOR DE MELO GOMES,2513703,-7.159985849,-34.98093135,False,False,False
25122983,INSTITUTO EDUCACIONAL RECANTO DO APRENDER,2513703,-7.160724,-34.97892,True,True,True
25123092,EMEF EMILIA CAVALCANTE DE MORAIS NETA,2513703,-6.973601365,-34.97708632,True,True,False
25123106,EMEF ODILON RIBEIRO COUTINHO,2513703,-7.152555622,-34.97097664,True,True,False
25124102,EMEF DEPUTADO EGIDIO MADRUGA,2513703,-7.159457,-34.98225,True,True,False
25125613,ESCOLA JESUS DE NAZARE,2513703,-7.148172,-34.96725,True,True,False
25125940,ESCOLA NOSSA SENHORA APARECIDA,2513703,-7.137907,-34.98699,True,True,True
25126792,EDUCANDARIO VIVA A VIDA,2513703,-7.139474,-34.98453,False,False,False
25128418,ECI HELITON SANTANA,2513703,-7.1631794,-34.9755017,True,True,False
25128590,IFPB - CAMPUS SANTA RITA,2513703,-7.147141516,-34.99964562,True,True,True
25153218,EEEF ODILON RIBEIRO COUTINHO,2513703,-7.13353358,-35.00963796,False,False,False
25155806,CENTRO EDUCACIONAL DA MONICA,2513703,-7.123867,-34.96947,True,False,False
25162802,CENTRO DE EDUCACAO PRIMEIRA VITORIA,2513703,-7.159107,-34.97706,False,False,False
25236806,CONSTRUIR SISTEMA DE ENSINO,2513703,-7.126743,-34.9884,False,False,False
25252941,EMEIF PADRE ANTONIO VIEIRA,2513703,-7.16173018,-34.98337336,False,False,False
25253930,EMEF PROFESSOR TARCISIO DE MIRANDA BURITY,2513703,-7.240410126,-35.02254431,False,True,False
25254944,EMEF PROFESSOR GIBSON MAUL DE ANDRADE,2513703,-7.057357407,-34.95148698,False,False,False
25277928,CIEI PREFEITO ANTONIO JOAQUIM DE MORAIS,2513703,-7.078915662,-34.96092626,True,False,False
25278932,CIEI LOURDES SEREJO,2513703,-7.163550127,-34.95353862,False,False,False
25278940,CIEI ENOQUE CHAVES,2513703,-7.129308333,-34.98400833,False,False,False
25278959,CIEI DONA CREUZA,2513703,-7.128431629,-34.95644982,True,False,False
25279939,CIEI DONA RITA,2513703,-6.991114598,-34.87547259,False,False,False
25309927,INSTITUTO EDUCACIONAL MONTE HOREBE,2513703,-7.158008,-34.97884,True,False,False
25099957,EEEFM DE FORTE VELHO,2513703,-6.988149374,-34.87453868,False,False,False
25099981,EMEIF PADRE PIRES FERREIRA,2513703,-7.051654905,-34.90247539,False,False,False
25118218,CENTRO SOCIAL ELIASAFE,2513703,-7.149403,-34.96855,True,False,True
25022270,EMEF COLEGIO SANTA TEREZINHA,2513802,-7.085309587,-37.44762353,True,True,True
25022288,CMEI REGINA MARIA DA CONCEICAO,2513802,-7.085592099,-37.44186399,True,False,False
25022296,ECI PROFESSOR JOAO NOBERTO,2513802,-7.08317341,-37.4424818,False,False,False
25022393,EMEF ANTONIO CARNEIRO BASTOS,2513802,-7.141266251,-37.44546728,True,False,False
25022520,EMEF MANOEL RODRIGUES DE AMORIM,2513802,-7.018651958,-37.41729202,True,False,False
25022563,EMEF POLONORDESTE TAMANDUA,2513802,-7.02331699,-37.38926779,False,False,False
25022636,EMEF PORFIRIO HIGINO DA COSTA,2513802,-7.064007819,-37.49635675,False,False,False
25105752,EMEF URTIGA DE BAIXO,2513802,-7.084510415,-37.36032215,False,False,False
25128949,EMEIF PEDRO SOARES DE ALMEIDA,2513802,-7.083628387,-37.43931153,True,False,False
25188801,INSTITUTO EDUCACIONAL ANGELO FILHO,2513802,-7.0852597,-37.4419198,True,False,True
25053701,CRECHE MUNICIPAL BRANCA DE NEVE,2513851,-7.2224863,-36.6322956,False,False,False
25054023,ECIT PROFESSORA NEIR ALVES PORTO,2513851,-7.219785,-36.631975,True,True,False
25111086,EMEIEF FENELON MEDEIROS,2513851,-7.2216829,-36.6316788,True,True,True
25133071,CRECHE MUNICIPAL ALVENTINA MATIAS DE MEDEIROS,2513851,-7.214531667,-36.63179667,True,True,True
25003828,CEMO JUNIOR CENTRO DE ESTUD MODERNOS,2513901,-6.483937,-37.44835,True,True,True
25003844,EEEM JOAO SILVEIRA GUIMARAES,2513901,-6.501197219,-37.46010125,False,False,False
25003852,EEEIF FAUSTO MEIRA,2513901,-6.486545485,-37.45032703,False,False,False
25003887,EMEIEF MILTON LUCIO DA SILVA,2513901,-6.487640119,-37.45257346,True,True,True
25003909,EMEIEF AFONSO MANOEL DA SILVA,2513901,-6.50608,-37.447515,True,True,True
25003950,EMEIEF ELIZA MARIA DE MORAIS,2513901,-6.4830021,-37.4354821,True,False,True
25003984,EMEIEF DR JARQUES LUCIO DA SILVA,2513901,-6.492275186,-37.45107134,True,True,True
25004034,EMEIEF JOAO DANTAS DA COSTA,2513901,-6.4031384,-37.4531671,True,False,True
25004050,EMEIEF JOSE CASSIMIRO DA SILVA,2513901,-6.451446,-37.47648,False,False,False
25004093,EMEIEF JOVENTINO PEREIRA,2513901,-6.458018641,-37.4244453,True,True,True
25004115,EMEIEF MANOEL CANDIDO DOS SANTOS,2513901,-6.4897932,-37.4770069,True,False,True
25004123,EMEIEF MANOEL CESARIO DE ARAUJO,2513901,-6.4686027,-37.415585,True,False,True
25004131,EMEIEF MANOEL MIGUEL DE ARAUJO,2513901,-6.46855155,-37.43157486,True,False,True
25004158,EMEIEF MARIA DE LOURDES ELIAS DANTAS,2513901,-6.437753127,-37.39070563,True,True,True
25004174,EMEIEF MARIA DULCE DOS SANTOS,2513901,-6.49210837,-37.45046742,True,True,True
25004182,EMEIEF MARTINIANO MOREIRA DANTAS,2513901,-6.4307597,-37.4093042,True,True,True
25004204,EMEIEF OLGA RODRIGUES DA SILVA,2513901,-6.4111368,-37.4730091,True,False,True
25004212,EMEIEF PORFIRIA VIEIRA DOS SANTOS,2513901,-6.49717795,-37.44411365,True,True,True
25004239,EMEIEF SAMUEL DE OLIVEIRA RAMALHO,2513901,-6.500247843,-37.45171322,True,True,False
25004271,EMEIEF MARIA TEREZA DE JESUS,2513901,-6.4414871,-37.5862627,True,False,True
25004336,EMEIEF ANDRE PEDRO DA SILVA,2513901,-6.46758186,-37.44666517,True,True,False
25004360,EMEIEF JOSE DINIZ,2513901,-6.4897932,-37.4770069,True,True,True
25109804,CLID - COLEGIO LIDERANCA LTDA,2513901,-6.487446,-37.44723,True,True,True
25110845,ESCOLA MENINO JESUS,2513901,-6.491979,-37.45409,False,False,False
25111752,CRECHE MUNICIPAL ANA PAULINA DA SILVA,2513901,-6.4666315,-37.4459529,True,False,True
25116614,ESC DO ENS FUND PHABLO DANTAS FONSECA SOUZA LTDA,2513901,-6.484797,-37.45074,True,True,True
25123548,ESCOLA INFANTIL NOSSA SENHORA DE FATIMA,2513901,-6.4952303,-37.451298,False,False,False
25124900,CRECHE MUNICIPAL MARIA DAS GRACAS SOARES DE QUEIROZ,2513901,-6.5005572,-37.452402,True,True,True
25124986,EMEIEF ANTONIO CANDIDO DOS SANTOS,2513901,-6.491233,-37.4457326,False,True,True
25126652,CRECHE MUNICIPAL AMBROZINA PAULINA DOS SANTOS,2513901,-6.4984556,-37.4594364,True,False,True
25129287,ECIT DE SAO BENTO,2513901,-6.4497026,-37.4502468,True,True,False
25130188,CENTRO EDUCACIONAL INFANTIL RAIO DE LUZ,2513901,-6.4962937,-37.4514411,False,False,True
25132318,EMEIEF RAMIRO ARTUR DE OLIVEIRA,2513901,-6.51346089,-37.44359159,True,True,True
25016105,ECI DEPUTADO LEVI OLIMPIO FERREIRA,2513927,-6.889438621,-37.7278873,True,True,True
25016350,ESC MUL FRANCISCO CLEMENTINO DE ALMEIDA,2513927,-6.8271971,-37.7153602,False,False,False
25016571,EMEF JOAQUINA CASSIMIRA DA CONCEICAO,2513927,-6.8905264,-37.7238485,True,True,False
25111370,ESPACO EDUCACIONAL INFANTIL SATURNINA MARIA DE ANDRADE,2513927,-6.8920567,-37.7260117,False,False,False
25053493,ECIT FRANCISCO DEODATO DO NASCIMENTO,2513943,-7.63172587,-36.43669387,False,False,False
25053647,ESCOLA MUNICIPAL DE ENSINO FUNDAMENTAL JOAO MARTINS DOS SANTOS,2513943,-7.630842,-36.43045,True,True,True
25128574,ESCOLA MUNICIPAL DE ENSINO INFANTIL DAMIAO DE OLIVEIRA BRITO,2513943,-7.630780379,-36.43533896,True,True,False
25016164,ECIT CICERO SEVERO LOPES,2513968,-6.8182929,-37.9426299,True,True,True
25016580,EMEF JOSE FERNANDES DE SOUSA,2513968,-6.7542392,-37.9078992,False,False,False
25016687,EMEF MARIA MARQUES DE ASSIS,2513968,-6.8145657,-37.9399879,False,True,True
25016814,EMEF MIGUEL RODRIGUES DE ALMEIDA,2513968,-6.7851407,-38.0097799,True,False,False
25016903,EMEF JOAO DANTAS DE OLIVEIRA,2513968,-6.7954274,-37.9352682,True,True,False
25110730,CRECHE MUNICIPAL FERNANDA OHARA QUEIROGA NOBREGA,2513968,-6.8171314,-37.9413415,True,True,True
25122169,EMEF JOSE ANTONIO SARMENTO NETO,2513968,-6.7695532,-38.0147703,True,False,False
25017985,CRECHE MAE ZOIA,2513984,-6.629691963,-38.06794074,True,True,True
25019457,EMEF QUITERIA LUGUINHO DE SOUSA,2513984,-6.6652321,-38.0318773,False,False,False
25019570,CRECHE SILVANA FERREIRA SUCUPIRA,2513984,-6.6197432,-38.0958059,True,True,True
25019597,ECI DORGIVAL SILVEIRA,2513984,-6.6177716,-38.0967284,True,True,False
25019651,EMEF JOAO LOPES DA SILVA,2513984,-6.633348339,-38.07225375,True,True,True
25019716,EMEF DR FRANCISCO DE SALES G DE OLIVEIRA,2513984,-6.6206619,-38.0953918,True,True,True
25054155,EEEF SEVERINO MEDEIROS RAMOS,2514008,-7.30308045,-36.38888392,True,True,False
25054163,EMEF DEPUTADO TERTULIANO BRITO,2514008,-7.39171845,-36.5316512,True,False,False
25054180,ECIT JORNALISTA JOSE LEAL RAMOS,2514008,-7.38862,-36.5374345,True,True,True
25054295,EMEIEF CONSTANTINO DE FARIAS CASTRO,2514008,-7.39982587,-36.42956652,True,False,False
25054341,EMEF ETELVINA MARIA BATISTA,2514008,-7.30233894,-36.38677825,True,False,True
25054406,EMEIEF HILDA MARIA DE SOUSA BRITO,2514008,-7.478235119,-36.53672158,True,False,False
25054414,EMEF NOSSA SENHORA DOS MILAGRES,2514008,-7.390322015,-36.53095236,True,False,False
25107178,CRECHE NOSSA SENHORA DOS MILAGRES,2514008,-7.3901559,-36.5304937,True,False,True
25204807,CRECHE ROSANGELA DE FATIMA MEDEIROS,2514008,-7.30158457,-36.38628271,True,False,True
25047116,ECI MARIO OLIVEIRA CHAVES,2514107,-8.078738333,-36.85007,False,False,False
25047183,ESC MUL MANOEL JOSE DO NASCIMENTO,2514107,-8.080608004,-36.84830423,False,False,False
25047248,ESC MUL PEDRO BEZERRA FILHO,2514107,-7.9950423,-36.6537853,False,True,True
25047400,ESC MUL ISABEL ELIAS BARBOSA,2514107,-8.080639376,-36.84829856,False,False,False
25047426,ESC MUN ANA FERREIRA ARAGAO,2514107,-8.0799346,-36.8488477,True,True,True
25047434,ESC MUN JOSE ALEXANDRE DE SOUZA,2514107,-8.080572541,-36.84834788,False,False,False
25047442,ESC MUL SEMEAO MONTEIRO DA COSTA,2514107,-8.0801951,-36.8484971,True,True,False
25101462,ESC MUL ADAO LEOPOLDINO DOS SANTOS,2514107,-8.080641985,-36.84835154,False,False,False
25123521,CRECHE MUL CLAUDINA BEZERRA CAVALCANTE,2514107,-8.0807979,-36.84808,False,False,False
25127624,CENTRO EDUCACIONAL AGUA AZUL ESCOLA DO CAMPO,2514107,-8.0806429,-36.8406016,True,False,False
25047361,ESC MUN MANOEL FERREIRA DA SILVA,2514107,-8.080635322,-36.84832599,True,True,True
25017438,ECI ANTONIO GREGORIO DE LACERDA,2514206,-6.9456014,-38.1644366,True,True,False
25154400,EMEF MARIA MARQUES FORMIGA DE SOUSA,2514206,-6.94220575,-38.16731821,True,True,False
25032518,ECI OTAVIANO L DA SILVA,2514305,-7.252280996,-38.29835359,False,False,False
25032569,E M E F ANTONIA MARIA DE JESUS,2514305,-7.25086126,-38.30202631,False,False,False
25032577,ESC MUL ANTONIO PEREIRA DA SILVA,2514305,-7.2880575,-38.3286466,False,False,False
25032607,EMPG ANTONIO MOREIRA DOS SANTOS,2514305,-7.31200602,-38.38884835,False,False,True
25032623,ESC MUL DE 1 GR JOSE ANTONIO DO NASCIMENTO,2514305,-7.27097102,-38.36066755,False,False,False
25032666,ESC MUL JOSE PEREIRA FILHO,2514305,-7.24862947,-38.30126632,False,False,False
25032674,EMEIF MARIANO TOMAZ,2514305,-7.2516132,-38.2995099,True,True,False
25101755,EMEIF ISABEL LOPES,2514305,-7.24929501,-38.30132561,False,False,False
25124048,CRECHE SAO JOSE,2514305,-7.2517179,-38.2988216,True,False,True
25130390,ESCOLA MUNICIPAL AMELINA ALVES LEITE,2514305,-7.24905199,-38.29944964,True,True,False
25022652,ECIT JOSE AMERICO DE ALMEIDA,2514404,-6.8482407,-37.3255449,True,False,False
25022806,EMEIF MARIANA NOBREGA DE SOUSA,2514404,-6.841707,-37.39401,True,True,True
25022890,EMEF TENENTE TITICO GOMES,2514404,-6.846823333,-37.326025,True,True,True
25104225,INSTITUTO EDUCACIONAL CRIANCA FELIZ,2514404,-6.84585238,-37.3237905,False,False,False
25089242,ECIEEFM JOCELYN VELLOSO BORGES,2514453,-7.2483879,-35.3773474,True,True,False
25089331,EMEIFM ANISIO PEREIRA BORGES,2514453,-7.19725661,-35.32277109,True,False,True
25089382,EMEF PROFª MARIA CAXIAS DE LIMA,2514453,-7.2501387,-35.379602,True,True,False
25089412,EMEIF JOSE FRANCISCO DA COSTA,2514453,-7.251307815,-35.34022355,True,False,False
25089439,EMEIF JOAO BENJAMIN DE ARAUJO,2514453,-7.237814921,-35.36723902,True,False,True
25116134,EMEIF JOSE BATISTA DE CARVALHO,2514453,-7.251391503,-35.29472029,True,True,False
25123041,EMEI PARAISO DO SABER,2514453,-7.24767156,-35.38222111,False,False,False
25010565,ECIT PREFEITO JOAQUIM LACERDA LEITE,2514503,-7.115701667,-38.49783667,True,True,False
25010670,EEEF BAIRRO SANTO ANTONIO,2514503,-7.117330008,-38.49523117,False,False,False
25010727,EEEF SANTA MARIA GORETE,2514503,-7.120421195,-38.49785388,False,False,False
25011189,EMEIF JOSE PEREIRA SOBRINHO,2514503,-7.122019,-38.46793,False,False,False
25011480,EMEIF FRANCISCO EMERSON DE LUCENA,2514503,-7.125935,-38.49509,True,True,True
25011669,EEEM SAO JOSE,2514503,-7.12020624,-38.50198812,True,False,True
25011863,EMEIF CAPITULINA MARIA DE JESUS,2514503,-7.08959,-38.4194,True,False,False
25011944,EMEIF MARIA FRANCA DE JESUS,2514503,-7.033792,-38.51731,False,False,False
25011960,EMEIF SINVAL LACERDA DE OLIVEIRA,2514503,-7.060642,-38.52351,True,False,True
25012010,EMEIF ANTONIO PEDROSA,2514503,-7.005036,-38.42278,True,False,True
25012070,EMEIF ANTONIO LACERDA NETO,2514503,-7.121348,-38.49946,True,True,True
25106546,ESC NOSSA SENHORA DA CONCEICAO LTDA,2514503,-7.118813,-38.49782,True,True,False
25116177,EMEIF UMBELINA CAVALCANTE SOBRAL,2514503,-7.118027,-38.49413,True,True,True
25116185,EMEIF ERNANE AIRES SATYRO,2514503,-7.043838,-38.54693,True,True,True
25117530,EMEIF JOAQUIM PEREIRA LIMA,2514503,-7.112351667,-38.642815,True,True,True
25117769,EEIF GRAO DE MOSTARDA LTDA,2514503,-7.119685,-38.49651,True,True,True
25118633,EMEIF MESTRE CAZUZA,2514503,-7.180845,-38.6146,False,False,False
25123238,EMEIF CLEMIDIA PEREIRA DE NEGREIROS,2514503,-7.041488,-38.48772,True,True,True
25130668,INSTITUTO EDUCACIONAL LIMA INACIO,2514503,-7.120479415,-38.4967173,True,True,True
25036416,ESCOLA MUNICIPAL LAGE DA ONCA,2514552,-7.7063861,-38.1170892,False,False,False
25036831,ESCOLA MUNICIPAL JOAQUIM JOVINO DE LIMA,2514552,-7.7940894,-38.0728742,True,True,True
25036980,ESCOLA MUNICIPAL JOAQUIM ANTAS FLORENTINO,2514552,-7.7866493,-38.1067833,True,True,True
25037137,ECI DEPUTADO NOMINANDO MUNIZ DINIZ,2514552,-7.742468021,-38.0988995,False,True,True
25037145,ESCOLA MUNICIPAL ALZIRA MOURA MAGALHAES,2514552,-7.747848333,-38.09949667,True,True,True
25037170,ESCOLA MUNICIPAL SEBASTIAO FRANCISCO DOS SANTOS,2514552,-7.75830817,-38.08928429,True,True,True
25023179,EMEF SENADOR HUMBERTO LUCENA,2514602,-7.1617612,-37.3097766,True,True,True
25023187,ECI MARIA DE LOURDES MEIRA,2514602,-7.1611921,-37.3054834,True,True,True
25023225,EMEF SEVERINO AIRES CAVALCANTE,2514602,-7.1617376,-37.3098323,False,False,False
25023250,EMEF FRANCISCO CAVALCANTE DO BONFIM,2514602,-7.180215,-37.29939,False,False,False
25023276,EMEF SEVERINO MARTINS FERREIRA,2514602,-7.1617187,-37.3098532,False,False,True
25023306,EMEF MIQUELINA LUSTOSA CABRAL,2514602,-7.1617667,-37.3097971,False,False,True
25023314,EMEF DAMIAO PIRES DOS SANTOS,2514602,-7.1617295,-37.3098383,False,False,False
25023349,EMEF JOSE GOMES PEREIRA,2514602,-7.1617338,-37.3098377,False,False,True
25023373,EMEF JOAO RODRIGUES DA COSTA,2514602,-7.1617493,-37.3098297,False,False,False
25023390,EMEF LANDELINO ALVES DE SOUSA,2514602,-7.1617591,-37.3098116,False,False,False
25000616,CRECHE SAO JOSE,2514651,-6.2135389,-37.3515073,True,False,True
25001302,ECI OLIVIA SARAIVA MAIA,2514651,-6.2127438,-37.353135,False,False,False
25001370,ESC MUL MADRINHA SANTANA,2514651,-6.188305,-37.2866,True,False,False
25001396,ESC MUL MANOEL JANUARIO DE ARAUJO,2514651,-6.262572,-37.32346,True,False,False
25109820,E M E F M PLACIDO FRANCISCO SARAIVA LEAO,2514651,-6.213046,-37.3526254,True,True,True
25039504,EECIT OLAVO BILAC,2514701,-6.7754647,-36.7969132,False,False,False
25039520,EMEF MANOEL RODRIGUES PINTO,2514701,-6.7741918,-36.796993,True,True,True
25039695,EMEF ANTONIO MIGUEL LEITAO,2514701,-6.8575692,-36.8036518,False,False,True
25039717,EMEF JOAO SIMPLICIO BATISTA,2514701,-6.7907174,-36.8674765,False,False,False
25039733,EMEF MANOEL ARAUJO DOS SANTOS,2514701,-6.8103398,-36.7819423,False,False,False
25039768,EM DE EDUCACAO INFANTIL MONICA,2514701,-6.7729348,-36.7975995,False,False,False
25112775,EMEF RIACHO DA SERRA,2514701,-6.8271237,-36.8364809,False,False,False
25128710,CRECHE MUNICIPAL PROF SAMUEL BATISTA DE OLIVEIRA JUNIOR,2514701,-6.7740283,-36.7978955,False,True,True
25047450,ECI BARTOLOMEU MARACAJA,2514800,-7.392450597,-36.80719137,True,True,True
25047698,ESC MUNICIPAL JOSE VENTURA DE SOUSA,2514800,-7.44243,-36.99671,False,False,False
25048171,ESC MUNICIPAL MATIAS ALEXANDRE DE MORAIS,2514800,-7.488626065,-36.85125564,False,False,False
25048210,ESCOLA MUNICIPAL MANOEL DA SILVA ALMEIDA,2514800,-7.390548871,-36.80511033,True,True,True
25048260,ESC MUNICIPAL ANTONIO ALEXANDRE,2514800,-7.463896684,-36.84723359,False,False,False
25048309,ESC MUNICIPAL OLINTO CAMPOS,2514800,-7.445475,-36.93661,False,False,False
25102580,ESC MUNICIPAL ALVARO DIONIZIO,2514800,-7.43263,-36.954275,False,False,False
25105256,ESC MUL VIRGILIO G DE ANDRADE,2514800,-7.483973689,-36.83322005,False,False,False
25105264,ESC MUNICIPAL MANOEL CANDIDO PEREIRA,2514800,-7.408947023,-36.85132437,False,False,False
25120930,CENTRO EDUCACIONAL DE JOVENS E ADULTOS,2514800,-7.391103585,-36.80695393,True,True,False
25127896,EMEI EURIDICE DE ANDRADE FARIAS,2514800,-7.391483453,-36.80797258,True,True,True
25129970,INSTITUTO EDUCACIONAL MUNDO ENCANTADO,2514800,-7.38913743,-36.80667294,False,False,False
25131214,ESCOLA MUNICIPAL ANTONIO JOVENTINO DA COSTA,2514800,-7.387174359,-36.7713549,True,True,True
25039946,EMEIEF LUCIA DE FATIMA MORAIS DE LUCENA,2514909,-6.928484105,-37.10190757,True,True,True
25039954,CRECHE PRE-ESCOLAR DELANO WANDERLEIA,2514909,-6.9258478,-37.0947199,False,False,False
25039997,EEEF NAPOLEAO ABDON DA NOBREGA,2514909,-6.9307278,-37.0951571,True,True,True
25040014,ECIT SERAFICO NOBREGA,2514909,-6.925983239,-37.09400604,False,False,True
25040049,EMEIEF RODOLPIANO DA NOBREGA,2514909,-6.926893548,-37.10141048,False,False,False
25040057,EMEIEF SEVERINO ANTONIO RAMOS,2514909,-6.9718572,-37.1604175,False,False,False
25040120,EMEIEF ANTONIO BENTO DE MARIA,2514909,-6.93122,-37.08507,False,False,False
25040189,EMEIEF DE SERRA BRANCA,2514909,-6.9786822,-37.0642387,False,False,False
25040391,EMEIEF FRANCISCO PERGENTINO DE ARAUJO FILHO,2514909,-6.927148402,-37.09578923,True,True,True
25104578,EMEIEF CUPIM,2514909,-7.008701664,-37.11890293,False,False,False
25111779,EMEIEF ELIZEU EVANGELISTA DE MEDEIROS,2514909,-6.8866037,-37.0828177,False,False,False
25112783,EMEFM MARINA SOUTO GOUVEIA,2514909,-6.9322246,-37.0949728,True,True,True
25123831,CRECHE MUNICIPAL LUCIA DE FATIMA MORAIS DE LUCENA,2514909,-6.9270437,-37.1013582,False,False,False
25089552,ECI MARIA LINS,2515005,-7.248662822,-35.20897745,True,False,False
25089560,EEEFM SEVERINA DE HOLANDA CAVALCANTI,2515005,-7.1913212,-35.2201406,True,True,False
25089579,ESC MUL EMILIA BARBOSA MENDES,2515005,-7.2441756,-35.18111534,True,False,False
25089587,ESC MUL HENRIQUE JOAO DA SILVA,2515005,-7.26477268,-35.20326909,False,False,False
25089595,ESC MUL PREF BARTOLOMEU LINS,2515005,-7.29754063,-35.22384466,False,False,False
25089617,EM HENRIQUE VIEIRA DE ALBUQUERQUE,2515005,-7.24087342,-35.20078323,True,False,False
25089625,ESC MUL GOV FLAVIO RIBEIRO COUTINHO,2515005,-7.2711895,-35.1726053,True,True,False
25089633,ESC MUL BERENICE M RIBEIRO COUTINHO,2515005,-7.29489502,-35.18812581,False,False,False
25089650,ESC MUL JOAO LINS VIEIRA,2515005,-7.24099149,-35.23454243,True,False,False
25089668,ESC MUL PROFESSORA BEATRIZ LOPES,2515005,-7.21054469,-35.19111722,False,False,False
25089676,ESC MUL MANOEL INACIO,2515005,-7.2992693,-35.2040502,False,False,False
25113887,ESC MUL NOVO TAIPU,2515005,-7.26044682,-35.22131148,True,False,False
25115545,CIEM - HENRIQUE VIEIRA DE A MELO,2515005,-7.24864346,-35.210888,True,False,False
25127080,CENTRO DE EDUCACAO INFANTIL FRANCISCA MARINHO FALCAO,2515005,-7.2526996,-35.2120173,True,True,True
25062212,EMEIEF FRANCISCO BEZERRA DE MELO,2515104,-7.10301,-35.82404,False,False,False
25062220,ECI MONSENHOR JOSE BORGES,2515104,-7.104659965,-35.87024029,True,True,True
25062239,EEEF ELIDIO SOBREIRA,2515104,-7.102326315,-35.86590157,True,False,True
25062247,EMEIEF ANTONIO SEBASTIAO DE OLIVEIRA,2515104,-7.0942265,-35.8422177,True,False,False
25062255,EMEIEF JOSE DONATO DE ARAUJO,2515104,-7.0612452,-35.853227,False,False,True
25062263,EMEIEF MONSENHOR JOSE BORGES DE CARVALHO,2515104,-7.073543,-35.8417515,False,False,False
25062271,EMEIEF PEDRO DA COSTA BEZERRA,2515104,-7.1083081,-35.8689695,True,False,False
25062298,EMEIEF SAO TOME,2515104,-7.0710572,-35.8247697,False,False,True
25062344,EMEIEF JOCA TORRES,2515104,-7.0662213,-35.8762592,False,False,False
25062387,EMEIEF JOAO BATISTA MENDES,2515104,-7.0900488,-35.8419925,False,False,False
25062395,EMEIEF JOAO DOMINGOS BATISTA,2515104,-7.0775652,-35.8284707,False,False,False
25062417,EMEIEF JOAQUIM VENANCIO DE ARAUJO,2515104,-7.0837714,-35.830939,False,False,False
25062433,EMEIEF JOSE RODRIGUES COURA,2515104,-7.0760551,-35.8541067,False,False,True
25062441,EMEIEF MATIAS DONATO DE MARIA,2515104,-7.1164207,-35.8547917,True,False,False
25062476,EMEIEF PEDRO TAVARES,2515104,-7.1092386,-35.8350267,False,False,False
25062514,EMEIEF SANTO ANTONIO DE PADUA,2515104,-7.0864787,-35.8796481,False,False,False
25062530,EMEIEF DONA YAYA TAVARES,2515104,-7.1118545,-35.8206722,False,False,True
25062557,EMEF ANTONIO PEDRO DOS SANTOS,2515104,-7.1018192,-35.8654011,True,True,True
25119524,EMEF JUVINO SOBREIRA DE CARVALHO,2515104,-7.1056644,-35.8677364,False,False,False
25124730,ESCOLA VIRGEM DAS GRACAS,2515104,-7.107081162,-35.86920991,True,False,True
25048350,ECI MALAQUIAS BATISTA FEITOSA,2515203,-8.1546109,-37.0096914,True,True,False
25048686,EMEIF PEDRO PEDROSA AMADOR,2515203,-8.15389952,-37.00823584,True,True,True
25128906,CRECHE PROFESSORA QUITERIA LAURINETE CAMPOS,2515203,-8.1543551,-37.00879,True,True,True
25128914,ESCOLA MUNICIPAL DE ENSINO FUNDAMENTAL II PROFESSOR MAURO SEVERIANO LEITE,2515203,-8.159251157,-37.00848296,True,True,True
25089722,CRECHE HELENA PESSOA DE MELO RIBEIRO COUTINHO,2515302,-7.0942584,-35.225593,False,False,False
25089773,EEEFM STELLA DA CUNHA SANTOS,2515302,-7.0921063,-35.230615,False,False,False
25089781,ECIT MONSENHOR ODILON ALVES PEDROSA,2515302,-7.09313218,-35.2289986,True,True,True
25089811,EEEFM FAZENDA BURACAO,2515302,-7.03472463,-35.21748801,False,False,False
25089820,EEEM GENTIL LINS,2515302,-7.09891698,-35.23210466,True,True,True
25090054,EMEF SAO VICENTE DE PAULA,2515302,-7.089334,-35.2246947,True,True,True
25090135,ECI CASSIANO RIBEIRO COUTINHO,2515302,-7.092199679,-35.22939258,True,True,False
25090232,INSTITUTO EDUCACIONAL PINGO DE GENTE,2515302,-7.100602,-35.2294,False,False,True
25090240,EMEF CASSIANO RIBEIRO COUTINHO,2515302,-7.0884387,-35.2423347,True,True,True
25090259,EMEIEF SEVERINO BASILIO RIBEIRO,2515302,-7.0875502,-35.223905,True,True,True
25090321,EMEIEF JOAQUIM AQUILINO DE BRITO,2515302,-7.01,-35.24528,True,True,True
25090330,EMEIEF JOAQUIM DE ALMEIDA FILHO,2515302,-7.1100313,-35.2341209,False,False,True
25090380,EMEIEF NOEMI DE HOLANDA MARIZ,2515302,-7.0837509,-35.2310685,True,True,True
25090399,EMEF ORLANDO SOARES DE OLIVEIRA,2515302,-7.0867042,-35.2374817,True,True,True
25090437,EMEF LUIZ IGNACIO RIBEIRO COUTINHO,2515302,-7.0911757,-35.2323542,True,False,True
25090453,EMEIEF ALEIXO FIGUEIREDO,2515302,-7.023888,-35.20833,True,False,True
25090461,EMEF ALFREDO COUTINHO DE MORAIS,2515302,-7.0974368,-35.2255055,True,True,True
25090518,EMEIEF MARIA BERNADETE MONTENEGRO,2515302,-7.049444,-35.19889,True,False,True
25090569,EMEF JULIA FIGUEIREDO,2515302,-7.087941,-35.2294911,True,True,True
25090585,EMEIEF LUCIA DE FATIMA XAVIER AMARO,2515302,-7.0841881,-35.2219556,True,True,True
25090593,EMEF MINERVINO MIRANDA,2515302,-7.0914649,-35.2365976,True,True,True
25090607,EMEF PEDRO RAMOS COUTINHO,2515302,-7.0995567,-35.2322054,True,True,True
25090623,EMEF SEVERINO ALVES BARBOSA,2515302,-7.0842512,-35.2283823,True,True,True
25090631,INSTITUTO MON SERRAT,2515302,-7.100608,-35.22969,True,True,True
25090658,EMEIEF CIDADE CRISTA,2515302,-7.100396,-35.2242568,True,True,True
25107607,EMEIEF NEIRIVAN ALEXANDRE,2515302,-7.0823149,-35.2402722,True,True,True
25112767,EMEIEF 21 DE ABRIL,2515302,-7.11861,-35.25222,True,True,False
25113640,EMEIEF IRMA CATTERINA GIRALDO,2515302,-7.1034269,-35.2114447,True,False,True
25124544,INSTITUTO EDUCACIONAL SANTA TEREZINHA,2515302,-7.087363,-35.22879,False,False,False
25124552,EDUCANDARIO ABC DOS BAIXINHOS,2515302,-7.08699625,-35.22838091,True,False,False
25125320,EDUCANDARIO COMECINHO DE VIDA,2515302,-7.096859,-35.2291,True,False,False
25126350,ESCOLA TECNICA ESTADUAL DE SAUDE PROFESSORA CLORIS TORRES DE OLIVEIRA,2515302,-7.09103852,-35.23058871,False,True,True
25128850,CREI FLAVINA MALHEIROS DA SILVA,2515302,-7.0901184,-35.2304207,True,True,True
25128892,CREI ADRIANO DA SILVA FIGUEIREDO,2515302,-7.0877151,-35.2420091,False,True,True
25135406,COLEGIO E CURSO ALBERT EINSTEIN,2515302,-7.099459,-35.23103,True,True,True
25044095,EMEF HENRIQUE CORDEIRO,2515401,-6.9475512,-36.38473072,True,False,True
25044125,EMEF MANOEL CORDEIRO,2515401,-6.856805,-36.40954167,True,False,True
25044192,EMEFM RAIMUNDO ASFORA,2515401,-6.8577785,-36.4125751,True,True,True
25044206,EMEF JOSE MARTINS DE OLIVEIRA,2515401,-6.885785,-36.39891,True,False,False
25114913,CRECHE MUNICIPAL JOANA RODRIGUES SOUSA DE MEDEIROS,2515401,-6.8578104,-36.4123257,False,False,True
25129465,CRECHE MUNICIPAL PACINNY MILLER,2515401,-6.9318399,-36.4009082,False,True,True
25129473,ESCOLA MUNICIPAL ALZIRA XAVIER DAS NEVES,2515401,-6.937483333,-36.38907333,True,True,True
25043854,EMEF CICERO DOS ANJOS,2515401,-6.93411803,-36.40225086,True,True,True
25043870,EEEF MARIA FRANCINETE DE SOUZA,2515401,-6.9337867,-36.402145,True,True,True
25043897,ECIT CICERO DOS ANJOS,2515401,-6.933941597,-36.40188502,True,True,True
25043935,EMEF DAMIAO ZELO DE GOUVEIA,2515401,-6.9366359,-36.3996889,True,True,True
25044117,EMEF JOAO BARTOLOMEU GONCALVES,2515401,-6.929273,-36.38593,True,True,False
25044281,EMEF ANTONIO LOURENCO DA SILVA,2515401,-6.9596125,-36.4720373,False,False,True
25044290,EMEF FIRMINO PEREIRA,2515401,-6.9365263,-36.3441701,True,True,True
25044338,EMEF SAO LUIS,2515401,-6.9491645,-36.4441249,True,True,False
25129333,CENTRO EDUCACIONAL MARIA FRANCINETE DE SOUSA,2515401,-6.9340471,-36.4026193,True,False,False
25048848,EEEF VASCONCELOS BRANDAO,2515500,-7.483678211,-36.66096775,True,True,True
25048880,EEEM SENADOR JOSE GAUDENCIO,2515500,-7.481691201,-36.66730076,True,True,True
25049046,ESC MUN PROFESSORA NELLY MACIEL DE ARAUJO,2515500,-7.5173017,-36.8155,False,False,False
25049119,EMEIEF CONEGO JOAO MARQUES PEREIRA,2515500,-7.48125715,-36.6626978,True,True,True
25049259,EMEIEF ANA DE QUEIROZ TORREAO,2515500,-7.4780096,-36.6696703,True,True,True
25049275,EMEIEF JOAQUIM DIAS BORBA,2515500,-7.482518333,-36.65999333,True,False,False
25049283,EMEIEF JOSE ROMAO DE JESUS,2515500,-7.508746667,-36.80263667,True,True,True
25049739,UMEIEF LUIZ MARIANO DE ARAUJO,2515500,-7.519823333,-36.85403667,True,False,False
25107712,CRECHE MUNICIPAL JOAO BATISTA ALBINO DE SOUZA,2515500,-7.4875033,-36.6704133,False,True,True
25112554,EMEIEF AMARA PAULINO,2515500,-7.485736667,-36.64297833,True,False,False
25121081,EEIF SOSSEGO DA MAMAE,2515500,-7.4815417,-36.66666,True,False,True
25121626,ESCOLA ENSINO FUNDAMENTAL I E II ALEGRIA DE SABER,2515500,-7.4862705,-36.6619129,True,True,True
25121634,INST EDUC SEMENTE DO AMANHA,2515500,-7.482705311,-36.66245676,True,True,True
25121642,INSTITUTO EDUCACIONAL CASTELO ENCANTADO,2515500,-7.4810033,-36.6666817,False,False,False
25130110,ECIT SERRA BRANCA INACIO ANTONINO,2515500,-7.49321927,-36.65353595,True,True,False
25048775,EEEFM MARIA BALBINA PEREIRA,2515500,-7.605491479,-36.8155667,False,False,False
25049062,EMEIEF AMARA CAVALCANTE WANDERLEI,2515500,-7.60394265,-36.81657658,True,False,True
25049488,ESC MUN MANOEL DUARTE DA SILVA,2515500,-7.6765086,-36.7880139,False,False,False
25070584,EEEF PADRE EMIDIO FERNANDES,2515609,-6.686876,-35.44287,True,True,False
25070592,EMEF JOAO NEPOMUCENO DE OLIVEIRA,2515609,-6.68708,-35.447745,False,True,True
25070606,ESC MUN DE ENS FUND JOAQUIM MENEZES,2515609,-6.706603333,-35.46892,False,False,False
25070665,ESC MUN DE ENS FUND SANTO ANTONIO,2515609,-6.72833,-35.48579333,True,True,False
25118625,ESC MUN PROFª ANTONIA NUNES DA SILVA,2515609,-6.687581667,-35.445295,True,False,False
25126644,CRECHE DE EDUCACAO INFANTIL MUNICIPAL PROFESSORA NEUZA CAVALCANTE DA COSTA,2515609,-6.686003333,-35.43849,True,True,True
25132490,EMEF DEPUTADO ROMULO JOSE GOUVEIA,2515609,-6.683868333,-35.438235,True,True,True
25032950,EMEF ACADEMICO FRANCISCO VIDAL DE MOURA,2515708,-7.214705724,-38.36877231,True,True,True
25032968,ECI PROFESSOR JOSEFA JUSTINO GOMES,2515708,-7.213585,-38.3731633,False,False,False
25033050,EMEF MUL JOAQUIM LUIZ PEREIRA,2515708,-7.229228747,-38.37812215,False,False,False
25033077,EMEF JOSE RODRIGUES DO NASCIMENTO,2515708,-7.187450225,-38.37310072,False,False,False
25033085,EMEF GERMINIANO LEITE SOBRINHO,2515708,-7.210155105,-38.4047129,False,False,False
25109278,CRECHE MUNICIPAL SANTA LUZIA,2515708,-7.214305247,-38.37019455,True,True,True
25080008,GR ESC MIMOSA DIAS,2515807,-7.18895643,-35.68018533,False,False,False
25080016,ECIT DOM ADAUTO,2515807,-7.1918457,-35.6827944,True,True,False
25080040,GRUPO ESCOLAR ANTONIO BENTO DA SILVA,2515807,-7.169597,-35.6285939,False,False,False
25080075,GR ESC OLINTO GONCALVES DA ROCHA,2515807,-7.1717102,-35.68381,False,False,False
25080083,GR ESC SEVERINO BERNARDO MARINHO,2515807,-7.145321,-35.6314214,True,False,False
25080091,GR ESC MANOEL AIRES CORREIA,2515807,-7.158193588,-35.65392198,True,False,False
25080121,GR ESC EDUARDO MEDEIROS,2515807,-7.186311646,-35.67990362,True,False,False
25080130,GR ESC FREI BENJAMIM,2515807,-7.186787361,-35.66015351,True,False,True
25080164,GR ESC JOAQUIM C DE ALBUQUERQUE,2515807,-7.152469,-35.68164462,True,False,False
25080172,GR ESC JOSE LINS DO REGO,2515807,-7.1755735,-35.6931873,False,False,False
25080199,GR ESC PE JOAO BATISTA,2515807,-7.170647462,-35.64242184,False,False,False
25080210,GR ESC PRES VARGAS,2515807,-7.148813,-35.6329032,True,False,False
25080229,GR ESC SENADOR RUY CARNEIRO,2515807,-7.181239212,-35.67848666,True,False,False
25080237,GR ESC SEVERINO AIRES CORREIA,2515807,-7.144245,-35.6613692,False,False,False
25122177,CRECHE SANTINHO,2515807,-7.184614479,-35.67947472,False,False,False
25129430,INSTITUTO EDUCACIONAL CONSTRUINDO CIDADAOS,2515807,-7.186938333,-35.679805,False,True,False
25065980,CRECHE CASULO MENINO JESUS DE PRAGA,2515906,-6.820002864,-35.63777592,True,False,False
25066013,ECI ANTONIO BENTO,2515906,-6.817817241,-35.63248971,False,False,False
25066021,ESCOLA MUNICIPAL DE ENSINO FUNDAMENTAL FRANCISCO DUARTE,2515906,-6.818188158,-35.64271248,False,False,False
25066145,EMEIF JOSE ALVES XAVIER,2515906,-6.851462787,-35.63321927,False,False,False
25066161,EMEIF MARIA ARLETE,2515906,-6.8570858,-35.6584126,False,False,False
25066170,EMEIF MARIA JOSE FERREIRA DA SILVA,2515906,-6.8575714,-35.6804406,False,False,False
25066188,EMEIF NOEMIA CARVALHO,2515906,-6.849153321,-35.68841619,True,False,False
25066226,EMEIF SANTO ANTONIO,2515906,-6.820274522,-35.65663814,False,False,False
25066234,EMEIF DE LABIRINTO,2515906,-6.844410757,-35.60029347,False,False,False
25066269,EMEIF ANTONIO GENUINO PEREIRA,2515906,-6.847182652,-35.67610427,False,False,False
25066293,EMEIF PROFESSOR CLOVIS DOS SANTOS LIMA,2515906,-6.820153948,-35.63837179,True,False,True
25068300,EMEF PROFESSORA NAIDE MAIA,2515930,-6.749743,-35.44091,True,False,False
25068342,ECI JOAO DE FREITAS MOUZINHO,2515930,-6.751961,-35.43931,True,True,False
25070304,EEEF BELMIRA ARRUDA ALCOFORADO,2515930,-6.7540324,-35.4417709,True,True,True
25070533,E M E F ULISSES MAURICIO DE PONTES,2515930,-6.753915,-35.4418,True,True,True
25105035,ESCOLA MUNICIPAL DE EDUCACAO INFANTIL CELSO MAURICIO DE PONTES,2515930,-6.752601,-35.44028,True,True,False
25112430,EMEF PROFESSORA MARIA DE LOURDES SILVA,2515930,-6.752224,-35.43825,True,False,False
25119834,CRECHE CRIANCA FELIZ,2515930,-6.751422,-35.43821,True,True,False
25089919,ESCOLA MUNICIPAL DO ENSINO INFANTIL E FUNDAMENTAL CAFE DO VENTO,2515971,-7.191888,-35.2358052,False,False,False
25090003,EMEIEF JULIO INACIO FERREIRA,2515971,-7.180523,-35.2442171,True,True,True
25090062,EMEIEF JOAQUIM CLEMENTINO TAVARES,2515971,-7.172023,-35.22423,True,True,False
25090291,EMEIEF FRANCISCO LUIS DA SILVA,2515971,-7.1982912,-35.2891161,True,True,True
25090305,EMEIEF JOAO JOAQUIM DE CASTRO,2515971,-7.172249,-35.22381,True,True,False
25090470,EMEIEF ANTONIO RAMOS,2515971,-7.141944,-35.25306,True,False,False
25090488,EMEIEF CANDIDA EMILIA DA ROCHA,2515971,-7.1982912,-35.2891161,True,False,False
25090682,EMEIEF JOSE ANTONIO DE OLIVEIRA,2515971,-7.1425697,-35.2370392,True,True,True
25107739,EMEIEF SEVERINO DANTAS,2515971,-7.198291,-35.2891159,True,False,False
25113771,EMEF JOAQUIM BRAZ PEREIRA,2515971,-7.148427,-35.2368441,True,True,False
25122401,ECI SEVERINA RAMOS DE OLIVEIRA,2515971,-7.14296462,-35.23694741,False,False,False
25123165,CRECHE ESCOLA ABEL COELHO DA SILVA NETO,2515971,-7.1473528,-35.2364671,True,True,False
25126954,CRECHE ESCOLA PARAISO DO ABC,2515971,-7.142904,-35.2501339,True,False,True
25127926,ESCOLA MUNICIPAL DE ENSINO FUND PROF BERENICE SOARES MONTEIRO,2515971,-7.1425976,-35.237058,True,True,False
25060295,EMEF JOSE PEREIRA DA CRUZ,2516003,-6.791195,-35.67137167,True,False,False
25060317,EMEF DR EVANDRO SOARES,2516003,-6.753713333,-35.668465,True,True,False
25060333,CRECHE ADELIA ARAUJO DE MELO,2516003,-6.756525,-35.65388,True,False,True
25060368,EDUCANDARIO SEDE DO SABER,2516003,-6.75543488,-35.6596734,False,False,False
25060376,ECIT ALFREDO PESSOA DE LIMA,2516003,-6.766988333,-35.65438833,False,False,False
25060384,EEEFM CELSO CIRNE,2516003,-6.75686337,-35.65993024,False,True,False
25060392,EEEF PADRE GERALDO DA S PINTO,2516003,-6.7563026,-35.6694095,False,False,False
25060406,EEEM ARLINDO RAMALHO,2516003,-6.75747799,-35.65839899,False,False,False
25060422,EMEF MINISTRO JOSE AMERICO ALMEIDA,2516003,-6.757436667,-35.66574,True,False,False
25060635,EMEF ADELAIDE GRACINDO,2516003,-6.765688333,-35.654755,False,True,True
25060643,UNIDADE ESCOLAR JOAO SOARES DA COSTA,2516003,-6.707808333,-35.773505,True,True,False
25060651,EMEF ERNESTINA PINTO,2516003,-6.756816667,-35.66200167,True,True,True
25060678,EMEF INACIO ANTONIO MANCO,2516003,-6.768388333,-35.66634167,False,False,False
25060724,EMEF PE IBIAPINA,2516003,-6.821205,-35.75532333,True,True,True
25060732,EMEF PROFESSOR FRANCISCO PINTO,2516003,-6.759405,-35.71040833,False,False,False
25060740,GR MUL SACO DOS CAMPOS,2516003,-6.773173333,-35.75399333,False,False,False
25060759,JD DE INFANCIA LOBINHO,2516003,-6.756586667,-35.66,True,False,False
25060767,EMEF PROFª TELMA DA SILVA,2516003,-6.749303333,-35.65959833,True,True,True
25060864,EMEF ANTONIO DA COSTA SOUTO,2516003,-6.757906667,-35.65243167,True,False,True
25060910,EMEF PROFª MARIA DO LIVRAMENTO LIMA E MEDEIROS,2516003,-6.754238333,-35.70235667,True,True,True
25060929,EMEF SANTIAGO CHIANCA,2516003,-6.759383333,-35.71042167,True,False,False
25060937,EMEF SONIA ELIANE,2516003,-6.757391667,-35.67433833,True,True,False
25060970,UNID ESC 1GR SAO LUIS,2516003,-6.75747064,-35.66572545,False,False,False
25103115,CRECHE PADRE GERALDO,2516003,-6.758625,-35.66014667,False,False,False
25107526,ESCOLINHA PINOQUIO,2516003,-6.754147,-35.66844,False,False,False
25107569,ESCOLINHA DISNEYLANDIA,2516003,-6.7578286,-35.6576021,False,False,False
25118820,EMEF JOSE MENINO DE OLIVEIRA,2516003,-6.75513331,-35.6578666,True,True,True
25126130,CENTRO EDUCACIONAL PINTANDO O 7,2516003,-6.7573315,-35.6694865,True,False,False
25129643,INSTITUTO EDUCACIONAL ADONAI,2516003,-6.7593198,-35.6586264,True,False,True
25058282,CRECHE MUNICIPAL MARIALDO CASTELO BRANCO MELO,2516102,-7.05934211,-36.37220536,True,True,True
25058304,ECIT DOUTOR TRAJANO NOBREGA,2516102,-7.06356904,-36.36241487,True,True,True
25058371,EEEM PADRE JOSE ANTONIO MARIA IBIAPINA,2516102,-7.05794644,-36.36443241,True,False,False
25058428,ESC MUL ANTONIO HENRIQUE DE GOUVEIA,2516102,-7.0125678,-36.3676772,False,False,False
25058533,ESC MUL JANUARIO GONCALVES DA SILVA,2516102,-7.1397655,-36.2269791,True,True,False
25058550,ESC MUL JOAO PAULO,2516102,-7.12379917,-36.3761773,True,False,False
25058606,ESC MUL JOSE DA COSTA LIMA,2516102,-7.13960098,-36.46111782,True,False,False
25058681,ESCOLA MUNICIPAL JUVINA DE OLIVEIRA MONTEIRO,2516102,-7.05954376,-36.35424179,True,True,True
25058738,EMEF MARIA LUCIA MATIAS DE OLIVEIRA,2516102,-7.06307067,-36.36149875,True,True,True
25058770,EMEF PROF LUIZ GONZAGA BURITY,2516102,-7.0580559,-36.36539115,True,True,True
25058797,EMEF PROFª MARIA DO CARMO ARAUJO SOUTO,2516102,-7.059664,-36.37225355,True,True,True
25127217,COLEGIO DINAMICO IBIAPINOPOLIS,2516102,-7.060205956,-36.36506236,False,False,False
25128701,IFPB - CAMPUS AVANCADO SOLEDADE,2516102,-7.06039978,-36.3565756,True,True,True
25129856,ESCOLA MUNICIPAL IRMA ANA DE NAZARE,2516102,-7.06478132,-36.36626445,True,True,True
25193805,CENTRO EDUCACIONAL ANA LUCIA,2516102,-7.0629869,-36.3624576,False,False,False
25194801,ESCOLINHA TIA ANDREA,2516102,-7.0598871,-36.3642687,False,False,False
25058886,ESC MUL ADELINA OURIQUES,2516102,-7.18686125,-36.37872137,False,False,False
25056468,GR ESC DE ENS FUND BENJAMIN CONSTANT,2516151,-6.6808207,-36.15608192,False,False,False
25056581,ECI JOSE VITORINO DE MEDEIROS,2516151,-6.76227999,-36.24490353,True,True,False
25110080,CRECHE MUN CRIANCA FELIZ,2516151,-6.76760317,-36.24475842,True,True,True
25110438,EMEF MANOEL DELMIRO FERREIRA,2516151,-6.76574853,-36.24610453,True,True,True
25111981,EMEF SEVERINO JULIO DE SOUZA,2516151,-6.686178,-36.24897,True,True,True
25112465,EMEF JAILSON OLIVEIRA LIMA,2516151,-6.68661278,-36.21140695,True,True,True
25017934,COLEGIO MONTEIRO LOBATO LTDA,2516201,-6.763189,-38.2219096,True,True,True
25017993,CRECHE SAO FRANCISCO DE ASSIS,2516201,-6.7591354,-38.2320618,False,False,False
25018027,IFPB - CAMPUS SOUSA,2516201,-6.78016581,-38.23071449,True,True,True
25018043,ESCOLA DE EDUCACAO INFANTIL BEM ME QUER,2516201,-6.761173,-38.23072,True,True,True
25018060,EEEFM IZIDRA PACIFICO DE ARAUJO,2516201,-6.8157228,-38.3053035,True,True,False
25018078,EEEFM ANDRE GADELHA,2516201,-6.756029807,-38.22478365,True,False,False
25018124,EEEF BATISTA LEITE,2516201,-6.7632782,-38.2308313,True,True,True
25018132,EEEF BENTO FREIRE,2516201,-6.7703452,-38.23443051,True,True,False
25018140,EEEFM CELSO MARIZ,2516201,-6.78000195,-38.23141387,True,True,False
25018183,EEEFM ESTEVAM MARINHO,2516201,-6.83810841,-38.31096636,True,False,False
25018191,EEEFM FRANCISCO CICERO SOBRINHO,2516201,-6.80842111,-38.24494943,True,True,True
25018221,EEEFM CONEGO JOAO CARTAXO ROLIM,2516201,-6.747682,-38.2414658,True,True,False
25018256,EEEF DE DEMONSTRACAO DE SOUSA,2516201,-6.7580656,-38.2240479,True,True,False
25018264,EEEF JAIME MEIRA FONTES,2516201,-6.76850097,-38.23078973,True,True,True
25018272,EEEFM PROFESSORA DIONE DINIZ OLIVEIRA DIAS,2516201,-6.82896122,-38.26610444,True,True,False
25018280,ECIT MESTRE JULIO SARMENTO,2516201,-6.75773021,-38.22342271,True,True,True
25018388,ESCOLA JOSE DE PAIVA GADELHA SESI,2516201,-6.7647633,-38.2214322,True,True,False
25018400,EMEF MARIA AURITA DA SILVA,2516201,-6.7647149,-38.2313067,False,True,True
25018442,EMEF MARIA MERCEDES MARIZ,2516201,-6.863304907,-38.25288688,False,False,False
25018450,EMEF HENRIQUE GOMES,2516201,-6.63793104,-38.18573812,False,False,False
25018485,EMEFM MARIA ESTRELA DE OLIVEIRA,2516201,-6.72013996,-38.30953306,True,True,False
25018493,EMEF DEGMA LUCIA,2516201,-6.83957384,-38.31063016,False,False,False
25018507,EMEF MARIA RAQUEL PINTO GADELHA,2516201,-6.812448333,-38.20471,False,False,False
25018531,EMEIF FRANCISCO GARCIA DA SILVA,2516201,-6.83109665,-38.26383975,True,True,False
25018582,EEEM JOSE DE PAIVA GADELHA,2516201,-6.7572732,-38.224981,True,True,True
25018590,EMEIEF PAPA PAULO VI,2516201,-6.7725312,-38.23446712,True,True,False
25018639,EEEFM DOUTOR THOMAZ PIRES,2516201,-6.776468333,-38.23555667,True,False,False
25018698,EMEIF JOAO MARQUES DE SOUSA,2516201,-6.813911715,-38.15801967,False,False,False
25018744,CENTRO DE EDUCACAO ESPECIAL INTEGRADA GENY FERREIRA,2516201,-6.7690762,-38.2266135,True,True,True
25018850,EMEF JOAO ANTONIO DA SILVA,2516201,-6.83836359,-38.22778657,False,False,False
25018965,EMEF ALEXANDRE FRANCISCO AMERICO,2516201,-6.628963333,-38.21602833,True,False,False
25018990,EMEF BATISTA GAMBARRA,2516201,-6.753785829,-38.21856441,True,True,False
25019015,EMEF FRANCISCO ANTONIO DO NASCIMENTO,2516201,-6.68318229,-38.212147,False,False,False
25019066,EMEFM JOSE REIS,2516201,-6.74687579,-38.2391201,False,False,False
25019074,EMEF MARIA MARQUES DE SOUSA,2516201,-6.77521597,-38.24534077,True,True,True
25019090,EMEF OTACILIO GOMES DE SA,2516201,-6.7719433,-38.2284683,True,False,False
25019120,EMEF ROMULO PIRES,2516201,-6.769596068,-38.22610477,True,True,True
25019147,EMEF SINHA GADELHA,2516201,-6.75058033,-38.24444645,True,False,True
25019155,EMEF TOZINHO GADELHA,2516201,-6.7617661,-38.2338015,True,False,False
25019201,COLEGIO NOSSA SRA AUXILIADORA,2516201,-6.759387,-38.23399,True,True,True
25019228,EEEFM ANTONIO TEODORO NETO,2516201,-6.7819757,-38.249008,True,False,False
25019295,EMEF JOSE ALEXANDRE NASCIMENTO,2516201,-6.68652042,-38.23259542,False,False,False
25019317,EMEF JOSE TEOFILO DOS SANTOS,2516201,-6.8218186,-38.1854163,False,False,False
25019325,EMEF FRANCISCA DE SOUSA SA,2516201,-6.7173568,-38.1482213,False,False,False
25019805,EMEF CICERO INACIO DE OLIVEIRA,2516201,-6.6185299,-38.3319277,True,False,False
25101579,ACAO COLEGIO E CURSO,2516201,-6.7590914,-38.2266724,True,True,True
25107208,EMEF CLOTARIO DE PAIVA GADELHA,2516201,-6.7558643,-38.2303918,True,True,False
25111418,EMEF IRMA MARIA IRAIDES HOLANDA LAVOR,2516201,-6.773553333,-38.23347167,True,True,False
25111728,EMEF JOAO BATISTA DO NASCIMENTO,2516201,-6.8154499,-38.3054869,False,False,False
25125427,COLEGIO CRESCENDO E APRENDENDO,2516201,-6.760938,-38.22544,False,False,True
25125745,INSTITUTO DE ENSINO TECNICO MEDEIROS LTDA,2516201,-6.76176879,-38.22484937,True,True,False
25126148,ESCOLINHA SONHO DE CRIANCA LTDA,2516201,-6.758947,-38.23423,True,True,True
25130013,EMEIEF ANTONIO PEREIRA DA SILVA,2516201,-6.7827465,-38.2487614,True,True,False
25130048,CRECHE PROINFANCIA IDELZUITE PIRES DE SA,2516201,-6.77573,-38.24710333,True,True,True
25130242,ECIT CHIQUINHO CARTAXO,2516201,-6.75736326,-38.22435604,True,True,True
25273922,ESCOLA DE EDUCACAO INFANTIL SAO VICENTE DE PAULA LTDA,2516201,-6.772221364,-38.23504851,False,False,True
25049496,ECIT JOSE GONCALVES DE QUEIROZ,2516300,-7.6680382,-36.8763636,True,True,True
25049577,UMEIEF PRESIDENTE VARGAS,2516300,-7.66849836,-36.87741857,False,False,False
25049631,UMEF PADRE PAULO ROBERTO DE OLIVEIRA,2516300,-7.66360469,-36.88992413,True,True,True
25049810,UMEIEF GONCALA RODRIGUES DE FREITAS,2516300,-7.679318333,-36.89102,True,True,True
25050001,UMEIEF SENADOR PAULO GUERRA,2516300,-7.776919,-36.82743,False,False,False
25050125,UMEIEF JOAO DE SOUSA,2516300,-7.77850476,-36.732884,True,True,False
25050222,UMEIEF MANOEL INACIO DA SILVA,2516300,-7.6553475,-36.9512329,True,False,False
25050249,UMEIEF MARIA LEITE RAFAEL,2516300,-7.667882578,-36.87811646,True,True,True
25050303,UMEIEF PROFESSORA ZELIA BRAZ,2516300,-7.6702233,-36.884805,True,True,True
25105370,CENTRO EDUCACIONAL JOAO PAULO II,2516300,-7.672378924,-36.87564329,True,True,True
25109405,UMEI CRECHE RITA CIPRIANO BEZERRA,2516300,-7.67053295,-36.88515904,True,True,True
25111353,ESCOLA AGROTECNICA DEPUTADO EVALDO GONCALVES DE QUEIROZ,2516300,-7.65957772,-36.89243582,True,True,False
25112139,INSTITUTO EDUCACIONAL IMACULADA CONCEICAO,2516300,-7.66998834,-36.87390865,True,True,True
25122843,CENTRO DE EDUCACAO INFANTIL SANDRA HELENA,2516300,-7.670909,-36.8730717,False,False,False
25129996,CRECHE ANITA GARIBALDI MENDONCA RAPHAEL,2516300,-7.671801667,-36.88318,True,False,True
25130030,EEIF DOCE ENCANTO,2516300,-7.67347144,-36.87731933,False,False,False
25050370,UMEIEF JOSE BONIFACIO BARBOSA DE ANDRADE,2516300,-7.51126512,-36.96136018,False,True,True
25060996,ECI DOUTOR TERCILIO TEIXEIRA DA CRUZ,2516409,-6.4878579,-35.6404323,False,False,False
25061003,EEEFM PEDRO TARGINO,2516409,-6.488158118,-35.6377866,False,False,False
25061097,EMEF EUGENIA AMERICO DE LIMA,2516409,-6.6040718,-35.517114,False,False,False
25061119,EMEF PEDRO BELO DA SILVA,2516409,-6.5099889,-35.5994659,True,False,False
25061178,EMEF TERCIVAL BARACUHY CRUZ,2516409,-6.56376194,-35.52216324,False,False,False
25061194,EMEF PEDRO TARGINO,2516409,-6.51657487,-35.52607172,True,False,False
25061224,EMEF MARIA DO CARMO DE SOUSA PINHEIRO,2516409,-6.5970512,-35.5318406,True,True,False
25061259,GR ESC JOAQUIM LINS DE ALBUQUERQUE,2516409,-6.491667,-35.6350445,True,False,False
25061321,EMEF JOAO EMIDIO DOS SANTOS,2516409,-6.57275271,-35.50150485,True,False,False
25061348,EMEF E SUPLETIVO TERLOPEDES CRUZ,2516409,-6.48867771,-35.63955887,True,True,False
25061372,EMEF PAULO ROBERTO CESARIO,2516409,-6.5498902,-35.5535239,True,False,False
25112074,CRECHE OTAVIANO PESSOA,2516409,-6.5111736,-35.5975867,True,False,True
25112082,CRECHE MUNICIPAL CANTINHO FELIZ,2516409,-6.5729961,-35.5013881,True,False,True
25112090,CRECHE MARIA DE LOURDES BEZERRA,2516409,-6.5977566,-35.5340816,True,False,False
25114816,EMEF LUCIELIO BERNARDINO DA COSTA,2516409,-6.53949873,-35.4677036,True,True,False
25128140,CENTRO MUNICIPAL DE EDUCACAO INFANTIL SEVERINO ANDRE BEZERRA,2516409,-6.48823827,-35.64313802,True,True,True
25050435,ECIT MELQUIADES VILAR,2516508,-7.21345412,-36.82602203,True,False,False
25050486,EEEFM FELIX DALTRO,2516508,-7.208082959,-36.82638019,False,False,False
25050630,EMEIEF MELQUIADES FERNANDES PIMENTA,2516508,-7.206538604,-36.821447,True,True,True
25050923,EMEF CEL PEDRO DE FARIAS,2516508,-7.206696938,-36.82727183,True,False,False
25051148,ESCOLA NOSSA SENHORA DAS GRACAS,2516508,-7.2084239,-36.82695438,True,False,False
25122932,ECASA - EDUCANDARIO CAMINHO DO SABER,2516508,-7.212521667,-36.82614833,True,True,True
25037226,ECI ADRIANO FEITOSA,2516607,-7.63514,-37.87685,False,False,False
25037234,EEEM POVOADO SILVESTRE,2516607,-7.6609005,-37.7640064,False,False,False
25037439,ESCOLA MUNICIPAL DE EDUCACAO BASICA REUNIDA PADRE TAVARES,2516607,-7.6342134,-37.8762518,True,True,True
25037498,ESCOLA MUNICIPAL DE EDUCACAO BASICA JOSE NASCIMENTO DA SILVA,2516607,-7.6388784,-37.9212849,True,True,False
25037510,ESCOLA MUNICIPAL DE EDUCACAO BASICA MARIA AMELIA DA CONCEICAO,2516607,-7.53267088,-37.91376992,True,True,False
25037536,ESCOLA MUNICIPAL DE EDUCACAO BASICA MARIA ROSA DA CONCEICAO,2516607,-7.649895821,-37.90662425,True,True,False
25037609,ESCOLA MUNICIPAL DE EDUCACAO BASICA MANOEL BERNARDINO DO NASCIMENTO,2516607,-7.57558503,-37.9177779,True,True,False
25037650,ESCOLA MUNICIPAL DE EDUCACAO BASICA MARCELINO FORTUNATO,2516607,-7.523033333,-37.95724833,False,False,False
25037676,ESCOLA MUNICIPAL DE EDUCACAO BASICA SEBASTIAO BARROS,2516607,-7.66411684,-37.75735815,True,True,True
25037692,ESCOLA MUNICIPAL DE EDUCACAO BASICA JOANA EPAMINONDAS DE OLIVEIRA,2516607,-7.6317349,-37.8806014,True,True,False
25104934,ESCOLA MUNICIPAL DE EDUCACAO BASICA ISABEL MARIA DE FREITAS,2516607,-7.631653463,-37.88060255,True,True,False
25121979,ESCOLA MUNICIPAL DE EDUCACAO BASICA MANOEL FRANCISCO DA SILVA,2516607,-7.657292,-37.92491,False,False,False
25129848,CENTRO MUNICIPAL DE EDUCACAO INFANTIL PROFESSORA MARIA DE FATIMA OLIVEIRA,2516607,-7.6308129,-37.8742803,True,True,True
25037765,CRECHE SANTA RITA DE CASSIA,2516706,-7.2272637,-37.2510914,True,False,True
25037803,ECIT SEBASTIAO GUEDES DA SILVA,2516706,-7.222789396,-37.25559765,True,True,True
25037838,EEEF DE POCOS,2516706,-7.24644,-37.20647,False,False,False
25037846,EEEF DOUTOR MANOEL DANTAS,2516706,-7.22191,-37.253615,True,True,False
25037870,EMEF SILVEIRA DANTAS,2516706,-7.221280695,-37.25378556,False,False,False
25037960,EMEF JOSE ELIAS DE AMORIM,2516706,-7.221837253,-37.24997096,True,True,True
25037978,EMEF MARIA NUNES FERREIRA,2516706,-7.227481836,-37.24979829,True,False,False
25038052,EMEF DO SABONETE,2516706,-7.254866101,-37.29767648,False,False,False
25038141,EMEIF SELIZETE DOS SANTOS E SOUZA,2516706,-7.213095766,-37.32599298,False,False,False
25038214,EMEF PADRE ANTONIO LISBOA,2516706,-7.271029,-37.2343,False,False,False
25038249,EMEF ABRAAO AMANCIO DA COSTA,2516706,-7.228531544,-37.3178202,True,False,False
25038257,EMEF ANICETA NUNES LEITE,2516706,-7.231659293,-37.22065081,True,False,False
25038265,EMEF ANTONIO DE OLIVEIRA LIRA,2516706,-7.301248787,-37.1907135,False,False,False
25038290,EMEF CAP JOAO ALVES DE LIRA,2516706,-7.225096389,-37.25392579,True,True,False
25038303,EMEF ELIZA XAVIER DE LIRA,2516706,-7.253845,-37.23247,False,False,False
25038320,EMEF JOAO DE OLIVEIRA LIRA,2516706,-7.246425608,-37.20648866,True,False,False
25038370,EMEF MANOEL HENRIQUE ALVES,2516706,-7.287196107,-37.31528685,False,False,False
25038400,EMEF SEVERINO PEREIRA DA SILVA,2516706,-7.268442,-37.29058,False,False,False
25111973,COLEGIO MENINO JESUS,2516706,-7.221247419,-37.25359898,True,True,False
25112368,EMEF SEBASTIAO CATANDUBA,2516706,-7.27684496,-37.17214524,False,False,False
25114735,ESCOLA MUNICIPAL MARIA DAS GRACAS VASCONCELOS GUEDES,2516706,-7.221626071,-37.25379755,True,True,True
25130650,EMEIF PROFESSORA RUTH GUEDES DA COSTA,2516706,-7.237141309,-37.25880775,True,True,False
25140604,INSTITUTO EDUCACIONAL ABELHINHA,2516706,-7.22248,-37.256,True,True,False
25041436,EMEF JOAO DE FONTES RANGEL,2516755,-6.93831386,-36.62832765,True,False,True
25116550,EMEIF EMILIA SATURNINO DA SILVA,2516755,-6.9410614,-36.62690629,True,True,True
25123297,ECIEEM MARIA LIDIA RANGEL,2516755,-6.93898026,-36.63117212,False,False,False
25012185,EEEM ANTONIO FRANCISCO DUARTE,2516805,-6.578346667,-38.59849667,True,True,False
25012207,ECIT BERNARDINO JOSE BATISTA,2516805,-6.58087093,-38.60417913,False,True,False
25012231,EMEIF AFLAUDIZIO PINHEIRO DANTAS,2516805,-6.646596668,-38.54208441,True,True,False
25012266,EMEIF ANTONIO MONTEIRO DA SILVA,2516805,-6.623678333,-38.60416333,True,False,False
25012312,EMEIF FRANCISCO JOAQUIM MONTEIRO,2516805,-6.608055,-38.61167,True,False,False
25012460,EMEF JOSE ADRIANO DE ANDRADE,2516805,-6.576556749,-38.59748442,True,True,True
25012533,EMEIF LUIZ GOMES DE BRITO,2516805,-6.577321964,-38.5932542,True,False,False
25012673,ESCOLA JOSE CABOCLO AMORIM,2516805,-6.695277,-38.52139,True,True,True
25012703,EMEIF JOANA FURTADO,2516805,-6.576373319,-38.60046028,False,False,False
25012720,EMEF JOSE DIAS DO NASCIMENTO,2516805,-6.576366779,-38.60046156,False,False,False
25111817,EMEIF PRE ESCOLAR MARIA DUARTE DE AQUINO,2516805,-6.577595564,-38.5910376,True,False,False
25118790,CRECHE VOVO LOURA,2516805,-6.5807678,-38.60338211,True,False,True
25125290,CENTRO EDUCACIONAL MUNDO INFANTIL,2516805,-6.580781,-38.59547,True,True,False
25012851,COLEGIO PROFº AFONSO PEREIRA,2516904,-6.52087,-38.41405,True,True,False
25012860,CRECHE LIDIANE HAYALLE FERNANDES BRAGA,2516904,-6.513528,-38.41725,True,False,False
25012894,CRECHE VICENCIA MARIA DE JESUS,2516904,-6.52804312,-38.41648916,True,True,True
25012916,ECIT DOUTOR JOSE DUARTE FILHO,2516904,-6.52425814,-38.41495584,False,True,True
25012924,EEEFM JOVELINA GOMES,2516904,-6.51845962,-38.40791618,True,False,False
25012959,EEEF ERNANI SATIRO,2516904,-6.511692367,-38.41642116,True,True,False
25012967,EEEFM MONSENHOR CONSTANTINO VIEIRA,2516904,-6.55981,-38.34658667,True,False,False
25013203,EMEIEF ANANIAS ALVES DE FIGUEIREDO,2516904,-6.52443851,-38.41528546,False,False,False
25013220,EMEIEF ANTONIO JOAQUIM MAGALHAES,2516904,-6.467689,-38.38163,True,False,False
25013238,EMEIEF BENEVENUTO MARIANO,2516904,-6.524332,-38.41277,True,True,False
25013262,EMEIEF JOAO FRANCISCO DA SILVA,2516904,-6.48960434,-38.37669726,True,False,False
25013289,EMEF JOSE PATRICIO DE ANDRADE,2516904,-6.459091,-38.4391,True,True,True
25013319,EMEIEF MARIA ELIZA DA CONCEICAO,2516904,-6.546947,-38.34839,False,False,False
25013424,EMEIEF RIACHO DO EXU,2516904,-6.46954,-38.35029,True,True,False
25013548,EMEIEF LICA DUARTE,2516904,-6.514743,-38.405,True,True,False
25013556,EMEIEF LUIZA PINTO,2516904,-6.411522,-38.39886,True,False,False
25013572,EMEIEF MANOEL MOREIRA DA COSTA,2516904,-6.51035084,-38.34807753,True,False,False
25013580,EMEIEF MANOEL PAULO DE OLIVEIRA,2516904,-6.467457,-38.37264,True,True,True
25013610,EMEIEF ANTONIO VIEIRA DA COSTA,2516904,-6.561641,-38.34845,True,True,True
25013661,EMEIEF MARIA FRANCISCA ABRANTES,2516904,-6.52916151,-38.32638293,True,False,False
25110764,CRECHE TIA RAIMUNDA,2516904,-6.51803755,-38.40548739,True,True,True
25111191,CRECHE MARIA DAMIANA DE ANDRADE,2516904,-6.459652,-38.43964,False,False,False
25118366,E DE EDUC ESPECIAL FRANCISCO FERREIRA SANTIAGO - APAE,2516904,-6.52135,-38.41053,True,True,True
25123220,EMEIF FRANCISCA GOMES DA SILVA,2516904,-6.513367,-38.41523013,True,True,False
25126717,EMEIF EUCLIDES ENEAS DE ALENCAR,2516904,-6.48107157,-38.40079258,False,False,False
25238930,CENTRO EVANGELICO FONTE DE VIDA,2516904,-6.52125113,-38.4119429,True,False,True
25084950,ECIT PRESIDENTE JOAO PESSOA,2517001,-7.696327907,-35.66646206,True,True,True
25085085,ESCOLA MUNICIPAL JOSE SEVERINO DOS SANTOS,2517001,-7.66455129,-35.79408784,True,True,True
25085158,ESC MUL JOSE BARBOSA DE LIMA,2517001,-7.67762708,-35.80576844,True,True,True
25085247,GR MUL ANTONIO CABRAL DE SOUZA,2517001,-7.69718397,-35.79927174,True,True,True
25085450,ESC MUL QUIRINO BARBOSA,2517001,-7.7232484,-35.74748046,True,True,True
25085476,GR MUL ESMERALDINA CALDAS LINS,2517001,-7.6432239,-35.71236118,True,False,False
25085506,GR MUL JOSE TRAVASSOS SARINHO,2517001,-7.66313986,-35.71178716,True,True,True
25085522,ESC MUL MARIA PESSOA CAVALCANTE,2517001,-7.69689685,-35.66624587,True,False,True
25085573,GR MUL JOAO INACIO CATU,2517001,-7.7404842,-35.79218036,True,True,True
25085638,GR MUL CARLOS PESSOA DA SILVA,2517001,-7.67259327,-35.62495905,True,True,True
25085654,ESCOLA MUNICIPAL MARIA DE JESUS CABRAL,2517001,-7.73018956,-35.80524827,True,True,True
25085662,ESCOLA MUNICIPAL ALZIRA FLORA DE AGUIAR,2517001,-7.64197666,-35.6348913,True,True,True
25085735,GR MUL IRACI MARTINS DE MOURA,2517001,-7.71198119,-35.81223512,True,True,True
25085760,GR MUL MARIA HELENA DE AGUIAR,2517001,-7.67801288,-35.74273784,True,True,True
25085778,ESCOLA MUNICIPAL MARIA BARBOSA DE SOUZA,2517001,-7.69322656,-35.76732367,True,True,True
25085794,GR MUL CHA DE ESTIVAS,2517001,-7.74007211,-35.82487604,True,True,True
25085808,ESC MUL JOAO SEVERINO DA ROCHA,2517001,-7.72393305,-35.82632701,True,True,True
25117084,ESC MUL DE JOVENS E ADULTOS DO MATADOURO,2517001,-7.6969727,-35.66960042,False,False,False
25128400,EMEF II CORONEL ANTONIO PESSOA,2517001,-7.69671489,-35.66388273,True,True,False
25140205,CRECHE COMUNITARIO TERESA LINS PESSOA,2517001,-7.69951129,-35.67282744,True,False,True
25085697,GR MUL DR FLAVIO RIBEIRO COUTINHO,2517001,-7.72441494,-35.79128981,True,True,True
25040600,ECI ODILON DE FIGUEIREDO,2517100,-6.769212387,-36.98950248,False,False,False
25040642,EMEIF CRISTINA ELIZEU DE MEDEIROS,2517100,-6.7770319,-37.0756186,False,False,False
25040677,EMEIF JOSE INACIO DE MORAIS,2517100,-6.8364861,-36.9980176,False,False,False
25040707,EMEIF ANTONIO ANANIAS DE ARAUJO,2517100,-6.8212476,-37.0511448,False,False,False
25040715,EMEIF SANDOVAL RUBENS DE FIGUEIREDO,2517100,-6.7710484,-36.9887552,True,True,True
25040758,EMEIF HERMINIO SILVANO DA SILVA,2517100,-6.8296682,-36.980788,True,True,True
25114603,CRECHE MUNICIPAL JOANA DE ARAUJO MORAIS,2517100,-6.7710635,-36.9884856,True,True,True
25017977,EMEI CRECHE MAE TOINHA,2517209,-6.60418164,-38.28421156,False,False,False
25018841,EMEI CRECHE FRANCISCA MARIA DE ABRANTES,2517209,-6.586016631,-38.31891146,False,False,False
25018892,EMEI HENRIQUE ALVES SANTANA,2517209,-6.502704411,-38.25699594,False,False,False
25018957,EMEF JOAO ALVES DE SOUSA,2517209,-6.595550081,-38.31732334,True,True,False
25019732,EMEI CRECHE TIA MARIQUINHA,2517209,-6.543822172,-38.27785682,True,True,False
25019740,ECI MARIA MOREIRA PINTO,2517209,-6.545692,-38.2767834,True,False,False
25019767,EMEI CRECHE JOSE ANACLETO DE OLIVEIRA,2517209,-6.54012898,-38.24399955,True,False,False
25019775,EMEF AGRIPINO FERNANDES DAS CHAGAS,2517209,-6.545988307,-38.2766515,True,True,False
25019783,EMEIF ANTONIA MARIA DA COSTA,2517209,-6.605662471,-38.28403302,True,True,False
25019791,EMEF NOEL ALVES DE OLIVEIRA,2517209,-6.503547798,-38.25663015,True,True,False
25126342,EEEF ANTONIA MARIA ANUNCIACAO DONA DONINHA,2517209,-6.60625251,-38.28344703,True,True,True
25048368,ECI MARIA CELESTE DO NASCIMENTO,2517407,-8.0786263,-37.0953397,False,False,False
25048767,EMEIF MARIA BEZERRA DA SILVA,2517407,-8.077142,-37.10019883,True,True,True
25127381,EMEI JOSE HENRIQUE NETO,2517407,-8.08002745,-37.09422463,False,True,True
